,ENSG00000109861.16,ENSG00000109618.12,ENSG00000185122.11,ENSG00000109107.14,ENSG00000185338.6,ENSG00000108946.14,ENSG00000108840.15,ENSG00000108839.12,ENSG00000108604.16,ENSG00000108561.8,ENSG00000185745.10,ENSG00000110395.7,ENSG00000110700.7,ENSG00000110777.12,ENSG00000110801.14,ENSG00000112697.17,ENSG00000112658.8,ENSG00000112584.13,ENSG00000112473.18,ENSG00000112299.8,ENSG00000111796.4,ENSG00000111729.14,ENSG00000185880.13,ENSG00000111540.16,ENSG00000183475.12,ENSG00000183486.13,ENSG00000111335.12,ENSG00000111331.13,ENSG00000123146.20,ENSG00000183918.16,ENSG00000110876.9,ENSG00000111530.13,ENSG00000185885.16,ENSG00000185896.11,ENSG00000107872.12,ENSG00000105397.14,ENSG00000105372.8,ENSG00000187608.10,ENSG00000187688.15,ENSG00000105287.12,ENSG00000188313.13,ENSG00000104774.13,ENSG00000105426.16,ENSG00000188404.10,ENSG00000103811.16,ENSG00000103496.15,ENSG00000103479.16,ENSG00000103381.12,ENSG00000189403.15,ENSG00000196092.14,ENSG00000102978.13,ENSG00000104518.11,ENSG00000112799.9,ENSG00000105492.16,ENSG00000105639.19,ENSG00000185950.9,ENSG00000186010.19,ENSG00000186074.19,ENSG00000107738.20,ENSG00000186187.12,ENSG00000107341.5,ENSG00000107281.10,ENSG00000187164.20,ENSG00000186431.19,ENSG00000186469.8,ENSG00000186470.14,ENSG00000106443.16,ENSG00000186642.16,ENSG00000105887.11,ENSG00000105851.11,ENSG00000186951.16,ENSG00000106799.13,ENSG00000112977.15,ENSG00000000938.13,ENSG00000180354.16,ENSG00000120129.6,ENSG00000176974.20,ENSG00000119541.10,ENSG00000177105.10,ENSG00000116288.13,ENSG00000116473.14,ENSG00000116489.13,ENSG00000116729.14,ENSG00000116809.11,ENSG00000177125.5,ENSG00000178951.9,ENSG00000119048.8,ENSG00000180644.8,ENSG00000117020.18,ENSG00000177189.14,ENSG00000117226.12,ENSG00000178502.6,ENSG00000118971.8,ENSG00000117399.14,ENSG00000118680.13,ENSG00000177485.7,ENSG00000117400.18,ENSG00000117410.14,ENSG00000177556.12,ENSG00000117713.20,ENSG00000118503.15,ENSG00000178685.14,ENSG00000115145.10,ENSG00000177628.16,ENSG00000114573.10,ENSG00000121807.5,ENSG00000114125.14,ENSG00000113749.7,ENSG00000114520.11,ENSG00000122862.5,ENSG00000181847.12,ENSG00000121774.18,ENSG00000113448.19,ENSG00000176083.17,ENSG00000175591.11,ENSG00000176170.13,ENSG00000114450.10,ENSG00000114737.15,ENSG00000176463.14,ENSG00000122986.13,ENSG00000115073.8,ENSG00000115085.13,ENSG00000113368.12,ENSG00000261609.7,ENSG00000101224.17,ENSG00000175203.15,ENSG00000159461.15,ENSG00000103313.12,ENSG00000149503.13,ENSG00000003400.15,ENSG00000277791.5,ENSG00000161800.13,ENSG00000162929.14,ENSG00000172354.10,ENSG00000161203.13,ENSG00000187796.15,ENSG00000076984.17,ENSG00000076944.16,ENSG00000107201.10,ENSG00000127666.9,ENSG00000186810.8,ENSG00000172939.9,ENSG00000105568.18,ENSG00000174600.14,ENSG00000153107.13,ENSG00000271503.6,ENSG00000156642.17,ENSG00000119396.11,ENSG00000120949.15,ENSG00000182199.11,ENSG00000031698.13,ENSG00000256043.3,ENSG00000241553.12,ENSG00000100243.21,ENSG00000132256.19,ENSG00000100031.19,ENSG00000138964.17,ENSG00000180776.15,ENSG00000183813.7,ENSG00000169895.6,ENSG00000097007.19,ENSG00000169813.16,ENSG00000090487.11,ENSG00000169714.16,ENSG00000134830.6,ENSG00000094914.14,ENSG00000182866.17,ENSG00000092531.10,ENSG00000135077.9,ENSG00000168961.17,ENSG00000135679.25,ENSG00000092020.10,ENSG00000135114.12,ENSG00000166326.7,ENSG00000130024.15,ENSG00000115271.11,ENSG00000180096.12,ENSG00000118046.16,ENSG00000117984.14,ENSG00000147813.16,ENSG00000177732.8,ENSG00000100804.19,ENSG00000145907.15,ENSG00000107874.11,ENSG00000135341.18,ENSG00000144283.21,ENSG00000100292.17,ENSG00000245848.3,ENSG00000164751.15,ENSG00000108622.11,ENSG00000143621.17,ENSG00000044115.21,ENSG00000071889.16,ENSG00000165240.20,ENSG00000071575.11,ENSG00000110031.12,ENSG00000131871.15,ENSG00000213654.10,ENSG00000183735.10,ENSG00000196961.12
ENSG00000109861.16,0.0,0.012852295059814958,0.0,0.0028821955712637626,0.0028323195768171563,0.0,0.0,0.0,0.0,0.004674522318585332,0.0018996979506646292,0.0,0.008733059773440667,0.0,0.0,0.0,0.0,0.0,0.0,0.0,0.0037747494957804453,0.0,0.013728486857046897,0.0,0.0,0.0018996979506646292,0.0,0.0018996979506646292,0.0,0.0,0.0,0.0,0.0,0.0,0.003961646952116621,0.0,0.0019030357181951153,0.0018996979506646292,0.0,0.0,0.001062419142267082,0.0,0.0,0.0,0.0,0.0,0.0,0.0,0.008733059773440667,0.0,0.0,0.0,0.0022365967962018653,0.0,0.0,0.0,0.0,0.0,0.0,0.0,0.0,0.0,0.0,0.0,0.007893984782154737,0.0,0.0,0.0,0.00039912882574690695,0.0,0.0,0.0,0.0,0.0,0.015063919528576934,0.0,0.0,0.0,0.0,0.0,0.0,0.0,0.00930129233274125,0.0,0.0,0.0,0.007893984782154737,0.0,0.0,0.0,0.007821524015918135,0.0,0.0,0.0,0.0,0.0,0.0,0.0,0.0,0.0,0.0008011573880331926,0.0,0.0,0.0,0.0,0.0,0.006002675570201375,0.0,0.001044365292541153,0.007891914203555544,0.0,0.0,0.009686804146659359,0.0,0.0,0.0,0.0,0.0,0.0,0.0,0.00011021635369048988,0.0,0.0012396301559965683,0.00025897108121226975,0.0,0.004789515874904893,0.0010850674912808306,0.0,0.0,0.0,0.0,0.0,0.0,0.0,0.0,0.0,0.0,0.0,0.0,0.008030030246205057,0.0,0.0,0.0,0.0,0.0,0.0,0.0,0.0,0.0,0.0,0.0,3.712173709093103e-05,0.0,0.004535852047468807,0.0,0.0,0.0,0.0,0.0,0.0,0.0,0.0,0.0,0.001785936303011014,0.0,0.0,0.0,0.0,0.0,0.0,0.0,0.0,0.004953062428668942,0.0,0.0,0.0,0.0,0.0,0.0,0.004614090276982327,0.0,0.0,0.0,0.0,0.0,0.0,0.0,0.0,0.0,0.0,0.0,0.0,0.0,0.0,0.0,0.0,0.0,0.004070482791638519,0.0,0.0
ENSG00000109618.12,0.0,0.0,0.0,0.0,0.0,0.0,0.0,0.0,0.0,0.008525475956357394,0.0,0.004612337313377714,0.0043555381330876025,0.0,0.003043387816445881,0.0,0.0,0.0,0.0,0.0,0.01085752713185089,0.0,0.0,0.004612337313377714,0.0,0.0,0.0,0.0,0.0,0.0,0.002445075324955949,0.0,0.000492281841586513,0.004612337313377714,0.0,0.0,0.0,0.0,0.0,0.0,0.0,0.0,0.0,0.007852154280667593,0.0,0.0,0.0,0.00015062260835554606,0.0043555381330876025,0.0,0.0,0.0,0.008165757671315419,0.0,0.0,0.0,0.0,0.0,0.0,0.0,0.004612337313377714,0.0,0.0014319389685961761,0.0,0.0065019889987632876,0.0,0.0,0.0,0.0048320169593052895,0.0,0.0,0.0,0.0,0.0,0.008823731036371366,0.0,0.0,0.0,0.0,0.0,0.0014726487515637834,0.0,0.0,0.0,0.0,0.0,0.0065019889987632876,0.0,0.0,0.0,0.0,0.0,0.0,0.0,0.0,0.0,0.0,0.0,0.0,0.0,0.0,0.0,0.0,0.0,0.0,0.0,0.00912378844784733,0.0,0.015625777446610613,0.0,0.0,0.0,0.0073096263850837145,0.0,0.0,0.0,0.0,0.0,0.0,0.0,0.0,0.0,0.0052106498048676425,0.0,0.0,0.0,0.0,0.0,0.0,0.0,0.0,0.0,0.0,0.0,0.0004060368468873504,0.0,0.0,0.0,0.0,0.0,0.0,0.0,0.0,0.0,0.0,0.0034143952112696066,0.0,0.0,0.0,0.0,0.0,0.0,0.0,0.0,0.0,0.0,0.0,0.0,0.0,0.0,0.0,0.0,0.0,0.006300856176816097,0.0,0.0,0.0,0.0,0.0,0.0,0.0,0.0,0.0,0.0,0.0,0.0,0.0,0.0,0.0,0.0,0.0,0.0,0.0,0.0,0.0,0.0,0.0,0.0,0.0,0.0,0.0,0.0,0.0,0.0,0.0,0.0,0.0,0.0,0.0,0.0
ENSG00000185122.11,0.01894292496318223,0.031445391822862066,0.0,0.014993886206761037,0.004770905367543821,0.005164742647077787,0.005608180591526166,0.01825113263454554,0.013829088755492167,0.034607553555106606,0.0,0.022693765865764465,0.03691235415110377,0.028640029198162754,0.004525569975827657,0.0037225620420674455,0.005551618369314896,0.018490562971242696,0.024164272544549215,0.010755317322927161,0.019328716590029826,0.013931118389870295,0.014613663805259088,0.022693765865764465,0.013644161615421868,0.0,0.0,0.0,0.0,0.01612522772365045,0.010201903356744212,0.013644161615421868,0.012358582076707415,0.022693765865764465,0.013080128740882664,0.0,0.025057040505723622,0.0,0.0,0.013611056074978437,0.007270514927653274,0.0022693937710701415,0.007813552089717783,0.022868559903849263,0.0014392558808500426,0.015654024241264792,0.026361161211752103,0.005126100961841112,0.03691235415110377,0.005063337275658858,0.0074734029446496715,0.005162118839467749,0.025407536856062885,0.004998295147488844,0.034471250806275965,0.0043873808107083995,0.006499345085939665,0.0,0.007791233788692984,0.011497107772027448,0.022693765865764465,0.01249186250902025,0.018980543853687762,0.0,0.013861754261788126,0.025468393250577696,0.0008256355126331459,0.004334009332432914,0.02410876615855239,0.013479799172884704,0.005851955279758063,0.009284499985004968,0.026194235978922197,0.0,0.035780155853232215,0.012772068968151619,0.03061386134003051,0.003170797380938853,0.011601718355455887,0.027326434276793758,0.033714785593932206,0.02076381644388756,0.007407055555804405,0.0023759200792493503,0.01910290230521772,0.008536139843134869,0.013861754261788126,0.006122338252760422,0.02141418641039964,0.025468393250577696,0.0,0.0055340720208980135,0.010114749897150076,0.020073682624393876,0.025021633680796594,0.026361161211752103,0.01825113263454554,0.010305405437364999,0.0,0.0,0.0,0.023243299056044508,0.0216501008958772,0.008324280571712299,0.013342852158007883,0.0216501008958772,0.028931220174190052,0.0,0.011347582613116115,0.017605698716710312,0.01794631548368071,0.013479799172884704,0.01811957149869716,0.0,0.00935598474802308,0.015438120214328107,0.0045734396691300624,0.007803465791968153,0.005101618571578981,0.01626324109935621,0.020799223268814587,0.0055340720208980135,0.017017432484847907,0.009739453795150413,0.0,0.012052687819800963,0.035638953354603944,0.0034293635986664094,0.0,0.011551685196465433,0.019214136122660225,0.0022772292515414183,0.01810035652361819,0.01232529150687341,0.01458409151924097,0.0,0.008475582275913503,0.003944406000871922,0.0,0.006663142756460051,0.00475965046083391,0.017288230705850626,0.020106904083834632,0.0,0.009632676227315867,0.02621161746172332,0.0035072293030086396,0.03444098255295977,0.0068341759517472,0.010948810721445053,0.022899148045047887,0.010350761698824162,0.02237629785490477,0.010897227533067728,0.017288230705850626,0.013008548391727992,0.010406242761073686,0.01811848061799574,0.021411024789863113,0.004526712152899098,0.001630498561586282,0.02237629785490477,0.028900553411966092,0.033103756306487854,0.0,0.019153923994191586,0.023925196438535128,0.0,0.008151067035510901,0.0,0.022074763783557945,0.01916362513426462,0.0,0.007054921025359005,0.025670208427326282,0.008980981967981309,0.01818865092914993,0.011810327198509066,0.0,0.036720277963963655,0.038069546912604155,0.04398847328582495,0.015825376289190767,0.014069049117035451,0.020518256828688707,0.005077380236996096,0.0068341759517472,0.0008205838121493857,0.012405356046094877,0.02237629785490477,0.04062342401009032,0.0,0.03595809009276507,0.011381093158348989,0.03203528603305899,0.02237629785490477,0.02237629785490477,0.03576827808064012,0.012405356046094877,0.000580687109212906
ENSG00000109107.14,0.0,0.0427476878216057,0.0,0.0,0.0,0.0,0.01775692663258758,0.03830192652093496,0.0,0.04547862435940912,0.0,0.026850969181588552,0.04081344519418025,0.0,0.0024288772146068907,0.0,0.00601774536499268,0.00513500688441864,0.004742983632220914,0.0,0.034547616401557006,0.0,0.010674701171075232,0.026850969181588552,0.0,0.0,0.0,0.0,0.0,0.0,0.0016915096872537824,0.0,0.015268694408374528,0.026850969181588552,0.0,0.0,0.013434972903407501,0.0,0.0,0.0017019612885176352,0.0025403940840890565,0.0,0.0,0.0039850090417323306,0.0,0.012896509825377142,0.010387625252519142,0.0,0.04081344519418025,0.0,0.007169144110784259,0.00020986441816891327,0.02638609485569607,0.0,0.012013364691261408,0.0,0.0,0.0,0.0,0.0,0.026850969181588552,0.010165573287573726,0.0,0.0,0.03648185902898247,0.0016956359813325578,0.0,0.006374555839636354,0.027121705025535327,0.0,0.004045212709444572,0.0,0.031948850535354074,0.0,0.06528837555950998,0.0,0.0017721036713124125,0.0,0.0011282397412317458,0.007473920170024337,0.03678663508822253,0.01114375728403507,0.0,0.0,0.03241548221876041,0.0,0.03648185902898247,0.0,0.039374761911375754,0.0016956359813325578,0.0,0.0,0.0,0.008661863610618444,0.012139099335253208,0.010387625252519142,0.03830192652093496,0.0,0.0,0.0,0.0,0.0,0.008211287697377445,0.0029408009559723294,0.0,0.008211287697377445,0.04621599188676223,0.0,0.039950163094138985,0.014122668857303074,0.0,0.0,0.0374772010802006,0.0,0.007367539593907804,0.0,0.0,0.0,0.0017571078533617432,0.0,0.012439630852189368,0.0,0.02758833670894166,0.01826619634684757,0.0,0.013618361811527872,0.058958103835508174,0.0,0.0,0.0,0.002635369042032487,0.0,0.0,0.0,0.021667073778441317,0.0,0.0,0.0,0.0,0.0,0.0,0.0,0.011327358313219078,0.0,0.008305100473678613,0.02537461089339042,0.0,0.033941652970681004,0.0,0.0,0.0012228384467884088,0.01668023343234352,0.00536630557983591,0.01928067639288011,0.0,0.027217715863793727,0.0,0.004370963528617773,0.008280010662330715,0.0,0.0,0.00536630557983591,0.02923055510207792,0.050946517399247826,0.0,0.0,0.004811706597174198,0.0,0.0,0.0,0.0,0.00029335719325397636,0.0,0.0,0.011288947938968202,0.0,0.0,0.00702138178882155,0.0,0.025887834326246514,0.0,0.027416923637734104,0.0,0.0,0.0,0.0,0.0,0.0,0.0,0.00536630557983591,0.03511357085770256,0.0,0.01116946969929121,0.0,0.00643744603591645,0.00536630557983591,0.00536630557983591,0.028831642442330475,0.0,0.0
ENSG00000185338.6,0.0,0.005812802601454205,0.0,0.0007096358124661778,0.0,0.0,0.0,0.0,0.0,0.0,0.0,0.0,0.0016311717576872088,0.0,0.0,0.01005788897290049,0.0,0.0,0.0,0.0,0.003613928314091807,0.0024425000528607854,0.0,0.0,0.0,0.0,0.0,0.0,0.0,0.003577409007953586,0.0,0.0,0.0,0.0,0.00952662417005773,0.0,0.0002167138821876427,0.0,0.0002153625040631317,0.0,0.0016298203795626978,0.0,0.0,0.008779714699201708,0.0010999917484783989,0.0,0.0017327275803365946,0.0025219217721978993,0.0016311717576872088,0.0,0.002199470438592241,0.0,0.001594791725720933,0.0,0.0,0.0,0.0,0.0,0.0,0.007755355994103499,0.0,0.0,0.015027770447691723,0.0,0.007795559157858796,0.0,0.0,0.0,0.0,0.0,0.003318801312322619,0.005376487147561171,0.0,0.0,0.0,0.00070171604221329,0.0,0.0,0.0,0.0,0.0,0.0,0.004457796401863525,0.0,0.0,0.0,0.007795559157858796,0.012421422436175902,0.0,0.0,0.0,0.0,0.005130105624643031,0.0,0.0,0.0017327275803365946,0.0,0.007324373024434616,0.0,0.0,0.0,0.0,0.0,0.0,0.0,0.0,0.0,0.0,0.0,0.0,0.005382129666256778,0.0,0.0015981436343705246,0.0,0.0,0.0,0.0,0.0,0.002261370042795516,0.0,0.0064141294056759245,0.0,0.0,0.0005020604730381004,0.0,0.0,0.0,0.0,0.0,0.0,0.0,0.0,0.0,0.0,0.0,0.0,0.0,0.0,0.0,0.0,0.0,0.0,0.0,0.0,0.0,0.0,0.0,0.0,0.0,0.0,0.0,0.0,0.0,0.0,0.0,0.0,0.0,0.0,0.0,0.0,0.0,0.0,0.0,0.0,0.0,0.0,0.005316933405778178,0.0,0.0,0.0,0.0,0.0,0.0013334932767558733,0.0,0.0,0.0,0.0015313010326822758,0.0017952795591716364,0.0,0.026691797129128968,0.004472687621574614,0.0,0.0,0.0,0.0,0.0,0.0,0.0,0.0,0.0,0.0,0.0,0.0,0.0,0.0,0.0,0.0,0.01618538981767182,0.0,0.0
ENSG00000108946.14,0.01930919226616866,0.018357479912950656,0.0,0.0001354798569864757,0.016507145669039457,0.0,0.0,0.0,0.0,0.006398312081322629,0.001880045074384041,0.009529391631509688,0.0,0.0,0.009342540308211373,0.004091178205172123,0.0011595149611497227,0.0027802192404516313,0.00616083231425869,0.0028103602017684887,0.00046015612821577803,0.02073019056966127,0.025208338256372385,0.009529391631509688,0.0,0.001880045074384041,0.01023854947197057,0.001880045074384041,0.0013784261904953542,0.008872044561422578,0.014572409028273246,0.0,0.0,0.009529391631509688,0.013524445345421689,0.024711861412164818,0.0,0.001880045074384041,0.0,0.0,0.0029405999080686293,0.0,0.001969750065805749,0.008001161598209496,0.025773207966424825,0.0,0.0,0.016282878927539057,0.0,0.0,0.0,0.0,0.027961503563504908,0.007111580512659976,0.0,0.010799339727823133,0.0,0.0,0.0,0.0,0.009529391631509688,0.0,0.018510732827999157,0.013247320079375097,0.02004502723355795,0.0005249793868336225,0.0,0.0,0.001280818796259943,0.0,0.01773247552937742,0.0,0.0034291713157236572,0.0,0.008000115640701473,0.03291979084183475,0.0032387249018463946,0.0,0.005178497666766313,0.0,0.019935314145675474,0.00629513431740375,0.024751715725364155,0.0,0.006447875430911531,0.0,0.02004502723355795,0.005946726548316145,0.0026085086476794923,0.0005249793868336225,0.0,0.0,0.0,0.0,0.00182736775634482,0.0,0.0,0.007862764123860614,0.0,0.011366332300966508,0.016817947439644768,0.0,0.0,0.0,0.0,0.0,0.0011684433612607556,0.0039975665746055725,0.002855990681868068,0.028031728300710847,0.0,0.0,0.015577260672499024,0.0016827792251445407,0.005088952427532344,0.01608551881538714,0.0,0.0,0.017769535545328792,0.013160304581629357,0.0,0.0,0.004299522911447817,0.0242831828063748,0.0021122137966425453,0.014272316141723473,0.006939364679989846,0.0007714862170799808,0.0,0.0002719177802496392,0.0,0.0,0.0,0.0,0.009703368365038741,0.0,0.012088928361694298,0.021881447426012397,0.004614190688130293,0.0,0.0,0.0,0.0,0.0,0.0,0.0,0.006497812926552559,0.011530736121383566,0.0,0.00014695236561603972,0.0,0.02202298483007123,0.0,0.0057450926097625706,0.0,0.03384714527397816,0.018947603305746536,0.0,0.0,0.021607394625022217,0.0,0.0,0.013504099764867699,0.02025327215592576,0.0,0.0,0.0,0.005630986879657875,0.0,0.007012469114444971,0.0036765535660043328,0.002195316036055092,0.0054346348817201524,0.02280287729267466,0.0,0.007095743825307491,0.0,0.0,0.007012469114444971,0.0208761089548287,0.009028698279823583,0.01763066365481214,0.008650491884192327,0.0,0.0,0.014044485231560985,0.0,0.0,0.008157043175964794,0.0,0.008561428151518224,0.0,0.0,0.0,0.0,0.0,0.0,0.0035727178679123145,0.008157043175964794,0.0
ENSG00000108840.15,0.017129988580531642,0.02553864851246939,0.0,0.0,0.009251580660919783,0.0048348294838478564,0.0,0.011779620638951313,0.0,0.03277008729877961,0.0,0.017150660034884198,0.016225504881723092,0.018167749446537908,0.02259551801048374,0.0,0.0,0.005206497510913302,0.0,0.02444079730416246,0.011658345642136591,0.0,0.013288651841260473,0.017150660034884198,0.0,0.0,0.0,0.0,0.0,0.0,0.02831802364588957,0.0,0.005472263654154496,0.017150660034884198,0.0,0.007884174119300258,0.0,0.0,0.0,0.0,0.003689971705195253,0.0029200813750106143,0.006247631778325567,0.015795520487139905,0.004443539742393032,0.0,0.0,0.010075409282467356,0.016225504881723092,0.017708620032822513,0.0,0.0,0.025229467100238004,0.0,0.009616594795532243,0.0,0.0,0.0,0.0,0.0,0.017150660034884198,0.0,0.00029904787896640334,0.0030773854491436374,0.020971489272882893,0.0,0.0008739443430487159,0.004354189470329246,0.018548707473332374,0.0,0.01834044310433064,0.0,0.011765857767379633,0.0,0.024095451189987658,0.009701791612985084,0.00847144499275923,0.0,0.0,0.0038959114591150604,0.034066910479006174,0.01624500266365054,0.005952222401349395,0.0,0.004645304693525629,0.0,0.020971489272882893,0.0,0.00487549593618385,0.0,0.0,0.0,0.0,0.0007449830219082368,0.020440493876171577,0.0,0.011779620638951313,0.0,0.0,0.0017066041037346914,0.007394681385801922,0.0,0.0,0.0,0.0,0.0,0.02704758166337378,0.0,0.022480422423787276,0.015368368085924955,0.0,0.0,0.02516698048540394,0.0,0.0,0.005042075524558674,0.0,0.0,0.012251276739080016,0.007919067889494511,0.0,0.0,0.01142815439947837,0.005000461277720879,0.0,0.011994577294367731,0.012232418725390881,0.0,0.0,0.005702916038776047,0.0,0.0,0.0001378761570467804,0.0,0.019365589266523514,0.0,0.0,0.01292422975246696,0.0,0.0,0.0,0.0,0.0,0.0,0.01677585551743751,0.020509714717255816,0.031931000315977065,0.034971253658847234,0.0,0.0071472877027835766,0.00552103471821342,0.027094788047416718,0.0,0.00882195562516866,0.0,0.01433221287180235,0.00705080845545035,0.0,0.0,0.010535966161883962,0.0,0.0,0.02126547064026966,0.03320963316424055,0.0,0.0059762748368309,0.0,0.018291580978889204,0.001504547498196715,0.0,0.02096059254550159,0.017118749825065185,0.0,0.010974387231373416,0.02042805619690921,0.0,0.0,0.0,0.0,0.009012177795457647,0.0013976293089828472,0.026972391105115158,0.012166873207791699,0.0,0.0,0.0,0.0,0.0,0.0,0.0,0.02148007671236754,0.0,0.0,0.0,0.0032894991890631,0.0,0.0,0.0022433846501574498,0.0,0.0
ENSG00000108839.12,0.004156749641972254,0.014146086189957004,0.0,0.0,0.01574013343263755,0.0015292759908082203,0.0,0.0,0.0,0.02157116733760292,0.0,0.014632572919348812,0.0,0.0,0.018675254958372106,0.0,0.0,0.0,0.0,0.019659330828665493,0.00952449122615847,0.0,0.010271839876892827,0.014632572919348812,0.0,0.0,0.0,0.0,0.0,0.0,0.03426610937608445,0.0,0.0,0.014632572919348812,0.0,0.0128030923791538,0.0,0.0,0.0,0.0,0.0,0.0,0.002282855987818626,0.02235909308629594,0.00951785843545156,0.0,0.0,0.016167294776885978,0.0,0.022780083054096116,0.0,0.0,0.0321668293909691,0.002458919794932072,0.0,0.0,0.0,0.0,0.0,0.0053570938753299685,0.014632572919348812,0.0,0.006940056042197475,0.0,0.028160781770989678,0.0,0.0,0.0,0.00618812241193856,0.0,0.024161250673338533,0.0,0.0,0.0,0.013103296928540594,0.016243634999093495,0.0,0.0,0.0,0.0,0.022113790701816127,0.003744911930466721,0.01208136824894639,0.0,0.0,0.0,0.028160781770989678,0.0,0.0031788686646014447,0.0,0.0,0.0,0.0,0.0,0.008310370259443853,0.0,0.0,0.0,0.0,0.007524826543143043,0.01347885000922687,0.0,0.0,0.0,0.0,0.0,0.005980312919890575,0.0,0.019995008500923245,0.01221485764194502,0.0,0.0,0.0327262400999668,0.0,0.0,0.0023875587618092664,0.0,0.0,0.009475046402982076,0.012935135338146098,0.0,0.0,0.0,0.014862102974983027,0.0,0.010964400855761232,0.0039033601199076756,0.0,0.0,0.0,0.0,0.0,0.0,0.0,0.01803484018888058,0.0,0.0,0.01098390818282757,0.0,0.0,0.0,0.0,0.0,0.0,0.015167944656231197,0.009928646650613299,0.029223926138205972,0.024815934457516217,0.0,0.0,0.0,0.025387518672409883,0.0,0.0,0.0,0.023070522080243565,0.004815795072350089,0.0,0.0,0.017674006705012825,0.0,0.0,0.0011905916189385857,0.03287404245748898,0.0,0.0,0.0,0.01575170254905138,0.0,0.0,0.00015034823032990252,0.0,0.0,0.008087917311084648,0.009701620167605923,0.0,0.0,0.0,0.0,0.009483639577438183,0.0,0.006764680947087043,0.02049298952266525,0.0,0.0,0.0,0.0,0.0,0.0,0.0,0.001656599253896697,0.0,0.0,0.0,0.0,0.0,0.0,0.0,0.0,0.0
ENSG00000108604.16,0.010582551298997888,0.03641480390061025,0.0,0.0068392911409930965,0.0020137755752595993,0.01893029607838353,0.015013923707924853,0.04594277709125395,0.0,0.050769539229746766,0.0,0.03434926998256363,0.05455008804853555,0.013506831525678406,0.005879271391399885,0.0,0.009275596074597839,0.026785545611084947,0.017593469294269477,0.0,0.04400018425764854,0.0016985642595599149,0.01546053261171998,0.03434926998256363,0.0,0.0,0.0,0.0,0.0,0.0,0.012713624388849872,0.0,0.01675580068829415,0.03434926998256363,0.0,0.0,0.029939037827539986,0.0,0.0,0.006888806607652988,0.0007956388429500028,0.0,0.0,0.016970997559873323,0.0,0.022161292167358102,0.029206214737041682,0.004998671122937219,0.05455008804853555,0.0,0.01938913403665298,0.002903866764118076,0.02413449217797432,0.0,0.03666596755743921,0.0,0.0,0.0,0.0,0.004855011477378216,0.03434926998256363,0.007806556838221589,0.0037271011494577483,0.0,0.02586490010972324,0.016860646203771167,0.004289386242711956,0.01264911488985786,0.035339085538352744,0.0011988398328481656,0.00388783220421628,0.0,0.03875986757030449,0.0,0.061361750995434054,0.005289320237174749,0.022568762679824543,0.0,0.011487417619216532,0.031948204623405994,0.03842397069647626,0.02547300154643161,0.0,0.0,0.030935699017065395,0.0,0.02586490010972324,0.0,0.0474209662896003,0.016860646203771167,0.0,0.0,0.010849754107933082,0.020847616696958962,0.028167655804617206,0.029206214737041682,0.04594277709125395,0.0,0.0,0.0,0.0,0.006726929729899217,0.02511385162595601,0.01725860209325459,0.010824373107454072,0.02511385162595601,0.04393518623229678,0.0,0.033385282441409765,0.01838910813721947,0.004056931576245332,0.0011988398328481656,0.028559554367908833,0.0,0.004216420874901754,0.0,0.0,0.0,0.0040922754883541065,0.0,0.027244383569354394,0.0,0.027514916985113644,0.014498010845834436,0.0,0.017176525699778074,0.053093314549337405,0.0,0.0,0.0,0.015953295610082508,0.0,0.015765275896409546,0.0006551676182141031,0.0343807902835056,0.0,0.0,0.0,0.0,0.0,0.01190389034046422,0.01434786909387488,0.02829886414335302,0.0,0.020695341263576444,0.04157978581215216,0.013734960245580949,0.04361815000973927,0.0,0.0,0.01664933403797024,0.012968385634243726,0.03030803093921903,0.03224821903367332,0.01434786909387488,0.019815340214422997,0.011716407183055288,0.027613376681033433,0.027566041052854713,0.0,0.0054033918191955035,0.03030803093921903,0.04386098247648218,0.05142470684796087,0.0,0.0,0.020045658721168196,0.0008200620975280584,0.0007275853336920143,0.0,0.01839148882832518,0.013533446864775155,0.0,0.0005365079470651089,0.03363330744938369,5.8390575372949116e-05,0.0,0.012062905688086593,0.0,0.02570522808895849,0.011640644676406388,0.04139583588956594,0.0011662789060315273,0.0160185524207171,0.015220472519584204,0.00729384862105488,0.0,0.0,0.0,0.03030803093921903,0.05104675016465085,0.0,0.027582915414085238,0.0016001887594013497,0.027505411541565713,0.03030803093921903,0.03030803093921903,0.03801191038412965,0.0,0.0
ENSG00000108561.8,0.0,0.0,0.0,0.0,0.0012321326871605268,0.0,0.0,0.0,0.0,0.0,0.0,0.006386214184600156,0.0,0.0,0.007934260096335601,0.0,0.0,0.0,0.0,0.0,0.014576013121528588,0.0,0.0010563533562396449,0.006386214184600156,0.0,0.0,0.0,0.0,0.0,0.0,0.015031311409047201,0.0,0.0,0.006386214184600156,0.0,0.0,0.0,0.0,0.0,0.0,0.0,0.0,0.0,0.005027205229386728,0.0,0.0,0.0,0.004658626012426191,0.0,0.003629122422071354,0.0,0.0,0.0014411426262849886,0.0,0.0,0.0,0.0,0.0,0.0,0.0,0.006386214184600156,0.0,0.0,0.0,0.010875800398942998,0.0,0.0,0.0,0.0,0.0,0.010773280196807074,0.0,0.0,0.0,0.0,0.0,0.0,0.0,0.0,0.0,0.0,0.0,0.0,0.0,0.0,0.0,0.010875800398942998,0.0,0.0,0.0,0.0,0.0,0.0,0.0,0.0,0.0,0.0,0.0,0.0,0.0,0.0,0.0,0.0,0.0,0.0,0.0,0.0,0.0,0.012304225042588799,0.002842366131607779,0.0,0.0,0.0038876009698432384,0.0,0.0,0.0,0.0,0.0,0.0,0.0,0.0,0.0,0.0,0.0,0.0,0.0,0.0,0.0,0.0,0.0,0.0,0.0,0.0,0.0,0.00968699525899662,0.0,0.0,0.0,0.0,0.0,0.0,0.0,0.0,0.0,0.0,0.0,0.009397954802616348,0.0,0.0,0.0,0.0,0.0,0.0,0.0,0.0,0.0,0.0,0.0,0.0,0.007942736740163363,0.0,0.0,0.0,0.005114853885070138,0.0,0.0,0.0,0.00031918522581631664,0.0,0.0,0.0,0.0,0.0,0.0,0.0,0.0,0.0,0.0,0.0,0.0,0.0,0.0,0.0,0.0,0.0,0.0,0.0,0.0,0.0,0.0,0.0,0.0,0.0,0.0,0.0,0.0,0.0,0.0,0.0,0.0
ENSG00000185745.10,0.0,0.04256460258618349,0.007977553697070105,0.03647329840502406,0.0022507125486857134,0.0,0.012749045726959052,0.02574106032510994,0.026824228070835086,0.037783619361223826,0.0,0.01108409491405369,0.04012801123437035,0.003352255567383309,0.0,0.01134090288586247,0.013452758900615938,0.009093096722048544,0.02057732534715016,0.0,0.02580460711391689,0.0,0.02204185415358867,0.01108409491405369,0.012323500486521758,0.0,0.0,0.0,0.0,0.013185700359715002,0.0,0.012323500486521758,0.01733099763773862,0.01108409491405369,0.017468708246614617,0.0,0.038648099871034236,0.0,0.0015070966316064575,0.002056050538102032,0.002987007994942569,0.0,0.0,0.012089531335340409,0.0,0.02068304806779769,0.02974084670069224,0.0,0.04012801123437035,0.0,0.024324695750580785,0.003255516954064265,0.011650297726168986,0.0,0.023504128876570246,0.0,0.004615713732142004,0.0,0.0,0.003751971730200556,0.01108409491405369,0.02546403129275735,0.0054843111890343355,0.0,0.028241198465730033,0.011670072176808169,0.0,0.002138704467447683,0.01225223771200543,0.0020571271584533327,0.0072566744748963075,0.0057839120395413515,0.01437353120136781,0.0,0.038705200313547655,0.0,0.0026612496644030682,0.0,0.0022576947404249724,0.0157963421221905,0.01971284483733975,0.010101687925023098,0.005847603097125731,0.0011897422800518677,0.0068567218067627535,0.0,0.028241198465730033,0.010564895264501016,0.02792590060327927,0.011670072176808169,0.0068354019816235685,0.01856021831064375,0.016777639358316526,0.022775711626815413,0.013451950249043977,0.02974084670069224,0.02574106032510994,0.007039573032433567,0.0052069854334364195,0.0,0.016394015354523755,0.011680257076371103,0.009447675525537182,0.0,0.001385128414366419,0.009447675525537182,0.03143495276457051,0.0,0.01711154864411706,0.0,0.007688248895988993,0.0020571271584533327,0.03159146078975092,0.008849900499408321,0.005108301484304953,0.014413500322756876,0.0,0.0,0.00364008774836648,0.0,0.035297837547013364,0.01856021831064375,0.004735428317400373,0.03433818024257826,0.013625464503513762,0.0211368040762073,0.03890684638289968,0.0,0.006155557051263159,0.0,0.017548916208318634,0.010990006277409627,0.02701719408229585,0.010713514226695062,0.007701106971733523,0.0,0.0037695651583758497,0.0,0.0,0.03205817534393235,0.005617809763826094,0.0,0.03561969073220271,0.009487954605041642,0.0038079237441387484,0.017342168756869038,0.0,0.02303310229516154,0.0,0.005873118496484926,0.01163827920457089,0.0,0.012767932983358973,0.04001907702246671,0.0,0.011610554317057334,0.0,0.009417670659338098,0.026712437561860716,0.0,0.0032255120878651837,0.012767932983358973,0.019681907325078653,0.0216729055170838,0.0,0.003921650017112782,0.037842087383473694,0.010214063990865399,0.0,0.0,0.003596360862021454,0.0010152335335130505,0.008101240682781456,0.0,0.018357627448941538,0.0,0.017866154595614525,0.027649376205242354,0.0,0.03828163613075754,0.011192507949246443,0.016022164955716293,0.0,0.00470538587218821,0.008641663037976643,0.015144385312229357,0.0,0.0,0.0,0.012767932983358973,0.030742677155579483,0.0,0.024613459552547737,0.0014099250338884886,0.0316053695593517,0.012767932983358973,0.012767932983358973,0.039523461395830385,0.0,0.0
ENSG00000110395.7,8.852309561947769e-05,0.0,0.0,0.0,0.010690738111125416,0.0,0.0,0.0,0.0,0.0,0.0,0.0,0.0,0.0,0.0,0.0,0.0,0.0,0.0,0.0,0.003735097153126036,0.0,0.005567943431701271,0.0,0.0,0.0,0.0,0.0,0.0,0.0,0.0035516202820626303,0.0,0.0,0.0,0.0,0.004094928652400832,0.0,0.0,0.0,0.0,0.0,0.0,0.0,0.0,0.0,0.0,0.0,0.0038882519075660697,0.0,0.0,0.0,0.0,0.00663078507844915,0.0,0.0,0.0,0.0,0.0,0.0,0.0,0.0,0.0,0.0015686603567702066,0.0,0.01164328018336171,0.0,0.0,0.0,0.0,0.0,0.0032563347847483215,0.0,0.0,0.0,0.0,0.003605751633293918,0.0,0.0,0.0,0.0,0.0,0.0,0.00793428203257477,0.0,0.0,0.0,0.01164328018336171,0.0,0.0,0.0,0.0,0.0,0.0,0.0,0.0,0.0,0.0,0.0,0.0,0.0,0.0,0.0,0.0,0.0,0.0,0.0,0.0,0.0,0.003303612263442987,0.008192406930356017,0.0,0.0,0.00537220710075818,0.0,0.0,0.0,0.0,0.0,0.0,0.0,0.0,0.0,0.0,0.0011250266009045148,0.0,0.0,0.0,0.0,0.0,0.0,0.0,0.0,0.0,0.0,0.0,0.0,0.0,0.0030669096778979527,0.0,0.0,0.0,0.0,0.0,0.0,0.0,0.0,0.0,0.0,0.0,0.0,0.0,0.004510727677718068,0.0,0.0,0.0,0.011791672243180652,0.0,0.0,0.0,0.010526398554298402,0.0,0.0,0.0,0.001003451216658978,0.0,0.0,0.0,0.0,0.0,0.0,0.0,0.0,0.0,0.0,0.0,0.0,0.0,0.0,0.0,0.0,0.0,0.0,0.0,0.0,0.0,0.0,0.0,0.0,0.0,0.0,0.0,0.0,0.0,0.0,0.0,0.0,0.0,0.0,0.0,0.0
ENSG00000110700.7,0.0,0.0,0.0,0.0,0.0,0.0012273911923915241,0.0,0.004490204354874197,0.0,0.004825263233771818,0.0,0.012520520343613388,0.0,0.0,0.005737979848611071,0.0,0.0,0.0,0.0,0.0,0.02093123838626927,0.0,0.006726347385470101,0.012520520343613388,0.0,0.0,0.0,0.0,0.0,0.0,0.012813866286529828,0.0,0.0,0.012520520343613388,0.0,0.0,0.0,0.0,0.0,0.0,0.0,0.0,0.0,0.0022900056257341324,0.0,0.0,0.0,0.0016383336912331875,0.0,0.002975839317275691,0.0,0.0,0.0068426139057636,0.0,0.0,0.0,0.0,0.0,0.0,0.0,0.012520520343613388,0.0,0.0,0.0,0.01657570025318167,0.0,0.0,0.0,0.003594153672528848,0.0,0.008046455553268762,0.0,0.0,0.0,0.015783333506096064,0.0,0.0,0.0,0.0,0.0,0.003374175027565325,0.0,0.0,0.0,0.0004555147590610542,0.0,0.01657570025318167,0.0,0.015942119239635694,0.0,0.0,0.0,0.0,0.0,0.0,0.0,0.004490204354874197,0.0,0.0,0.0,0.0,0.0,0.0,0.0,0.0,0.0,0.0,0.0,0.018680615182122325,0.008611328181074674,0.0,0.0,0.009616070416732271,0.0,0.0,0.0,0.0,0.0,0.0,0.0,0.0,0.0,0.005444633905694631,0.0,0.0,0.0032752756866826632,0.0,0.0,0.0,0.0,0.0,0.0,0.0,0.0,0.01567250655916836,0.0,0.0,0.0,0.0,0.0,0.0,0.0,0.0,0.0,0.003865655153141863,0.0030661714038024285,0.007039485831000263,0.002092079620347846,0.0,0.0,0.0,0.005078609569710249,0.0,0.0,0.0,0.007255286163378422,0.0,0.0,0.0,0.004805541453922476,0.0,0.0,0.0,0.01943646757486319,0.0,0.0,0.0,0.0,0.0,0.0,0.0,0.0,0.0,0.0,0.0,0.0,0.0,0.0,0.0,0.0,0.0,0.0,0.0,0.0,0.0,0.0,0.0,0.0,0.0,0.0,0.00034271244593622047,0.0,0.0,0.0,0.0,0.0,0.0,0.0,0.0,0.0
ENSG00000110777.12,0.03312927006252674,0.023659854674604783,0.0,0.01487973170962632,0.021600610146756842,0.015522738890723819,0.0,0.00494464487715561,0.0,0.022219308316647358,0.0,0.03430865186659012,0.02435621752640117,0.0,0.0,0.009238957549416078,0.0,0.017745135541994805,0.030044403549666372,0.0,0.016904984321674178,0.03428886326101516,0.039271772383535325,0.03430865186659012,0.0,0.0,0.01411698816741069,0.0,0.0,0.004120749422817607,0.010415271246640878,0.0,0.0,0.03430865186659012,0.0179335643070029,0.0,0.017869572558206443,0.0,0.0,0.0,0.0,0.0,0.0,0.004077686314834458,0.01039548264106592,0.0,0.012302756254866695,0.011691342996778646,0.02435621752640117,0.0,0.01041833935347946,0.012722595156580488,0.03249834423401198,0.00214453106166123,0.009028869661513488,0.024240812375431343,0.003962412209115595,0.0,0.0,0.0,0.03430865186659012,0.0,0.02287666622366847,0.0,0.0162086214698778,0.024477587246326624,0.0,0.0,0.02604464210639878,0.013495007647590752,0.0,0.008900977799532327,0.027978197518329688,0.0025858575999546246,0.0237305578530219,0.008406810558155502,0.04654978234218349,0.004100390580657004,0.010228326147389749,0.02860385719170895,0.03439413930810729,0.021238111428499132,0.02878678247061479,0.00013257812121132695,0.021142795536706116,0.029176494441527985,0.0162086214698778,0.010341524157489755,0.018838539733605088,0.024477587246326624,0.004164553827221744,0.0,0.0,0.0,0.02646694798195514,0.012302756254866695,0.00494464487715561,0.011871616133501128,0.01385902425338268,0.0,0.031030569387272083,0.0,0.01350444544989405,0.011282048798623063,0.011608650375798744,0.01350444544989405,0.007119896574832453,0.00820687192046438,0.0,0.04188945300999163,0.0,0.013495007647590752,0.021437458023333803,0.0,0.00027177334657775554,0.02988890806727386,0.010102666994559681,0.0,0.0034973870895775236,0.017440436479018835,0.01264073600475044,0.0,0.019209240124775206,0.01885702403350006,0.0,0.03769163980891028,0.021328779458030037,0.003718471664690845,0.0,0.00350852294338469,0.015751004295412006,0.005128846172116876,0.023722835373837778,0.008234194900806957,0.024255942704436508,0.0,0.014874563635973247,0.015559751505768077,0.017145397306242215,0.00229608173346902,0.0,0.021891259080856092,0.0035761733039520772,0.0,0.0,0.028620328181001138,0.0,0.03520015179566783,0.0,0.013604108996557708,0.022228211461303445,0.025459144545983452,0.014310457937454581,0.010713777881661356,0.021891259080856092,0.02795701188177434,0.0037445519342466857,0.009081621383998578,0.0,0.035123711231335925,0.008299771090685026,0.014310457937454581,0.02739681841853741,0.043960334743132726,0.020339708360070367,0.012467679899755512,0.014549315100384666,0.00997247386245451,0.0,0.009628587911637163,0.026589751852725857,0.0255254440301169,0.0,0.016509395982950335,0.027815218075074297,0.019995464006760787,0.0,0.0,0.009628587911637163,0.015059105365417068,0.01286239402905838,0.03085538352951602,0.012605658271296921,0.012414662863359276,0.010184187992072255,0.017962115005260147,0.0,0.011196119880572834,0.039827746429027346,0.014310457937454581,0.013451715984600092,4.995783240607787e-05,0.0,0.0,0.011275428507031452,0.014310457937454581,0.014310457937454581,0.017972022196532336,0.039827746429027346,0.0
ENSG00000110801.14,0.015012657711743312,0.0,0.0,0.0,0.01854447060232055,0.0,0.0,0.0,0.0,0.0,0.01275104927828687,0.0030141707666336455,0.0,0.004684140495174023,0.0,0.006839891190641961,0.0,0.0,0.002319584652886949,0.010787197020635055,0.0,0.01521108164516834,0.01132552263513728,0.0030141707666336455,0.0,0.01275104927828687,0.01953747513942099,0.01275104927828687,0.0015544251247692452,0.004116845850988354,0.005395491746828917,0.0,0.0,0.0030141707666336455,0.009459468171292614,0.005666204114105292,0.0,0.01275104927828687,0.008047037988139896,0.0,0.0057861821028334336,0.0,0.0009331445716392987,0.009727049843402384,0.017592402625363615,0.0,0.0,0.00012680118808917895,0.0,0.0,0.0,0.0,0.00467395041154044,0.007484051416146231,0.0,0.014283379217118457,0.0009071544697342344,0.0,0.0018380668365864383,0.0042932594663231335,0.0030141707666336455,0.0,0.013709555760982267,0.0121390259397485,0.0,0.0,0.0,0.0006098769192235572,0.004532286390650005,0.001379835515260469,0.001035167550399018,0.006553994279555539,0.0,0.008952874324441733,0.0,0.0072239832244221855,0.0,0.001569802162067967,0.0,0.0,0.0,0.0,0.019448379438387627,0.0,0.0,0.0,0.0,0.011444866559445262,0.0,0.0,0.010785324524176274,0.0,0.0,0.0,0.0,0.0,0.0,0.012124430863305086,0.0009597200752218676,0.0,0.011421095698332134,0.0,0.0,0.0,0.0,0.0,0.0,0.013798651462015624,0.0,0.013985038147120266,0.0,0.001379835515260469,0.0,0.012149601201703709,0.0,0.001480194240967344,0.0069871495703311345,0.0,0.0,0.014774439024443461,0.0,0.0,0.0,0.0,0.013713591694548707,0.0086278550465178,0.0,0.01245156104695682,0.0,0.011300242636867651,0.0,0.004486230007769751,0.004560512276897747,0.0,0.0,0.0,0.015738281245379127,0.006894314615475912,0.016224659970251583,0.0023306194438975185,0.0,0.002646714836538687,0.0,0.006772186812610773,0.0,0.0,0.0,0.0,0.0,0.011695924453210348,0.003652478739727485,0.00603589298245057,0.0,0.0,0.002646714836538687,0.0,0.0,0.0,0.0,0.014665956267831536,0.0,0.0,0.0,0.0,0.008373279028030037,0.010615739283099675,0.0,0.006742631972451854,0.009677624748865257,0.01819038472436219,0.007364041959659437,0.0,0.01728454838806035,0.005941420138811777,0.0,0.009458216728223178,0.004787092245495152,0.0,0.01819038472436219,0.0003864149183311662,0.004647374784107143,0.0,0.011278386975433409,0.0,0.0,0.0,0.0,0.00010702230184223352,0.013109102351474333,0.0,0.0,0.0,0.0,0.0,0.000835969103231915,0.0,0.0,0.0,0.013109102351474333,0.009764283998039459
ENSG00000112697.17,0.002966751463845632,0.036204564598454815,0.0,0.02256402064206804,0.0,0.0,0.009220181201360766,0.022179833641236275,0.00437758464691276,0.022295941735627847,0.0,0.006747964981773508,0.025230353871638505,0.0,0.0,0.0,0.011015209347986152,0.014640404208384219,0.016554780699568984,0.0,0.01270598021368875,0.010195750300180176,0.01705826436334841,0.006747964981773508,0.0,0.0,0.0,0.0,0.0,0.01954388703343011,0.0,0.0,0.0,0.006747964981773508,0.01438155895694413,0.0,0.016305587175877632,0.0,0.0,0.008445033031691862,0.0,0.0,0.0,0.009120484971944832,0.0,0.0,0.016480982362614874,0.011443678800265356,0.025230353871638505,0.0,0.0037812135179278866,0.0006329671471013709,0.025578462896161242,0.0,0.010282828534595268,0.0,0.0,0.0,0.0,0.0,0.006747964981773508,0.012675062991436753,0.021214342479021545,0.0,0.023680190940505063,0.016730175886306223,0.0,0.0,0.007779614892684139,0.0,0.013258444156015608,0.0,0.010434780793285414,0.0,0.03301897682818191,0.009050617994379919,0.007667853802413319,0.0,0.008200111162854608,0.0026461578367420087,0.022545135259319192,0.005918954456337944,0.011854885345635127,0.0,0.012212899743463509,0.0,0.023680190940505063,0.007876809293957617,0.015361146114290024,0.016730175886306223,0.0,0.006170313328450236,0.0,0.018181525787409253,0.0,0.016480982362614874,0.022179833641236275,0.004850336946357434,0.0,0.0,0.0029708982632778436,0.0,0.005455926697830734,0.0,0.008489254334672788,0.005455926697830734,0.02510571059671657,0.0,0.012581336938766813,0.011264229808369622,0.004925658851468569,0.0,0.017472982184898473,0.0,0.0017421996563146691,0.010331145306637687,0.0,0.0,0.00953277032974871,0.0,0.02251279593148422,0.006170313328450236,0.009557733842862234,0.014970639010944295,0.0,0.0019900835465801875,0.037523334226581447,0.0,0.0,0.0,0.008523629846011203,0.0,0.0,0.002083336800481596,0.007901291638769216,0.0,0.0,0.0,0.0,0.014239596193802224,0.0,0.0,0.008274436322319854,0.0,0.0,0.0,0.0,0.011704215544672682,0.0,0.0,0.0016935849721672336,0.00029866681880117915,0.0,0.021649213308164668,0.0,0.012058214590730539,0.017464247855155907,0.0008222157387908213,0.008449831509057093,0.0,0.0,0.0,0.02789413311580739,0.02000169388919668,0.0,0.0,0.01954868551079534,0.0,0.0,0.0,0.0,0.000969362115749637,0.0,0.0,0.0,0.002164599446622395,0.00040548897425961294,0.0006939937976164837,0.0,0.0465101672307801,0.021242150587975902,0.023785750965709788,0.0,0.0,0.008699025032748442,0.006197106713770245,0.0,0.0,0.0,0.0,0.02974376619762503,0.0,0.014542967049064222,0.0,0.013350531682775738,0.0,0.0,0.029714051161860787,0.0,0.0
ENSG00000112658.8,0.005129184694373179,0.019674196654787326,0.0,0.0,0.009051640096909331,0.0,0.0009491130264288536,0.013617915905896325,0.0,0.021571547225814197,0.0,0.018002392506029516,0.014346164681340694,0.012363036856092809,0.0075189142945613005,0.0,0.0,0.0,0.001581962789015609,0.012205211027370072,0.014210958191392974,0.009596828735460684,0.010818436321491511,0.018002392506029516,0.0,0.0,0.0,0.0,0.0,0.012872293608973759,0.013236096953462138,0.0,0.007144833642416068,0.018002392506029516,0.00054892528834731,0.0,0.0019932049536178983,0.0,0.0,0.009052461521099788,0.0027618990886100585,0.0,0.010335807981266182,0.026905905916599908,0.004830533182893303,0.0011120277542793593,0.004220079616115313,0.009709830226433392,0.014346164681340694,0.006324206683648862,0.0018579984636701782,0.0,0.03166075499043612,0.008544442318702633,0.010372650099238982,0.0,0.0,0.0,0.002710962261050956,0.013790247085423066,0.018002392506029516,0.0,0.02484910847684981,0.0,0.019538990164839606,0.003808837451513024,0.0,0.007801293735113575,0.019402394357281257,0.0,0.009869277095156614,0.0,0.021912972051777356,0.0,0.03277982337307557,0.01795261537787054,0.007082614229123853,0.00819193067004001,0.0,0.0034793133600424797,0.021160305061211915,0.0065020194252771585,0.012657079704386637,0.0,0.014795787541624777,0.003651969106840597,0.019538990164839606,0.0,0.016721535885889073,0.003808837451513024,0.0,0.0,0.0,0.007198762104893751,0.010704695904515983,0.004220079616115313,0.013617915905896325,0.00653079434892493,0.0,0.0,0.0040939778832634124,0.0,0.0,0.0018296006904327568,0.008262580630365855,0.0,0.015854364566913356,0.0,0.015719158076965643,0.013619457952223498,0.0036193212476694006,0.0,0.023741666644078434,0.0032175501546627162,0.005272476783106151,0.01185186719660863,0.0,0.0,0.0009653600933643702,0.019455802128976282,0.0,0.0,0.012285209847128678,0.017808191590239525,0.0,0.008648373086265686,0.035185729682227065,0.0,0.0,0.0,0.0,0.0,0.0,0.0,0.010179899756890376,0.0,0.004354229910328109,0.0002453468337694567,0.0,0.0,0.0003232896295672083,0.0,0.0,0.0,0.012629449056208091,0.021602032583148502,0.006813606055574725,0.022044110622556075,0.0008892391970857297,0.0,0.01072544890099391,0.016011463399140332,0.0,0.007317765282702483,0.0,0.019891532686543485,0.005813778256119388,0.0,0.0,0.00933607004809604,0.0,0.0,0.007305006423936049,0.030534383880406392,0.0,0.004525059656394777,0.0032065346064326095,0.0,0.0,0.0,0.008605568763305874,0.005502927286836955,0.0,0.001823450620982641,0.011400368020304981,0.004763451637904013,0.005265825912467603,0.0,0.0,0.03666352691507329,0.025641278663212974,0.022493399309013572,0.021275013464879217,0.009146386191710026,0.0,0.0,0.0008892391970857297,0.0,0.0,0.0,0.018701964994377034,0.0,0.0044104579009266245,0.0,0.009359105089556279,0.0,0.0,0.024601605071153394,0.0,0.0
ENSG00000112584.13,0.016143701353013067,0.02566710629803437,0.0,0.0,0.01229248670195577,0.0,0.0,0.017050877919201582,0.0,0.018811389007523268,0.0,0.01951393604564558,0.01274421735742835,0.0,0.012297982307264529,0.0,0.005226984950440834,0.0,0.004174587742845889,0.0,0.006849398027499613,0.014322543260713062,0.03086635632497977,0.01951393604564558,0.0,0.0,0.0035758810132073687,0.0,0.0,0.0,0.00999062981084298,0.0,0.0,0.01951393604564558,0.003173444949150679,0.0025729283438898666,0.0,0.0,0.0,0.0,0.003001856873727074,0.0,0.0,0.002614056320206049,0.004799237025910466,0.0,0.0,0.005376820081260794,0.01274421735742835,0.0,0.0,0.0037017209988158065,0.03091694556255807,0.0,0.0,0.0,0.0,0.0,0.0,0.0,0.01951393604564558,0.0,0.00803152840041315,0.0051011449648323895,0.019772286968105637,0.0,0.0,0.01052664693487377,0.020361116050498493,0.0,0.006815065291564802,0.0,0.02391968630020523,0.0,0.03934503320529879,0.023850804144491766,0.0020294045260220023,0.0,0.0,0.0,0.02836132693619213,0.00027144201295259407,0.015576021771582398,0.0,0.025379858791773867,0.0,0.019772286968105637,0.0,0.010407968277206352,0.0,0.0,0.0,0.0,0.0,0.0033860421024297024,0.0,0.017050877919201582,0.0,0.005201116046553225,0.0,0.007630902094328651,0.0,0.0,0.0,0.0021818415751222696,0.0,0.021118741503944813,0.0,0.015223922174016077,0.03396199022765791,0.0,0.0,0.022886887057582746,0.0,0.006560427123433812,0.005739934146675521,0.0,0.0,0.005066028856399708,0.0,0.0,0.0,0.02182128854206713,0.0175706135507082,0.0,0.018966599675923557,0.030873927682424137,0.0,0.0,0.0,0.0,0.0,0.0,0.0,0.01329261688534025,0.0,0.0,0.004023123145669057,0.0,0.0,0.0,0.005171828422798116,0.0,0.0,0.0,0.0032488328566409146,0.004616490655390566,0.019458878228221586,0.0,0.0,0.0,0.03343406566620383,0.0,0.01950084949056522,0.005171828422798116,0.030499687919406257,0.004728371798689273,0.0,0.0,0.00498597197819535,0.0,0.0,0.01776323105722085,0.03727716710286643,0.0,0.0,0.0,0.004893709054430876,0.0,0.0,0.009778827581324395,0.006399596217911391,0.0,0.010678114685098387,0.0,0.007727447049164064,0.0,0.0,0.0,0.013125781722378084,0.0,0.02299482996106387,0.0,0.0,0.0,0.00597400511117354,0.0,0.0,0.0,0.0,0.010330291942917898,0.0,0.0,0.0,0.0,0.0,0.0,0.003278347469236692,0.0,0.0
ENSG00000112473.18,0.003753056237709433,0.032294748428819055,0.0,0.0,0.007890537019541295,0.0,0.0033355273271951508,0.025176082580679177,0.0,0.031838081095571416,0.0,0.02055612964465492,0.026359100347060207,0.0,0.0,0.0,0.0,0.0,0.0,0.0,0.02279066692344421,0.006408332095260746,0.017394965009514873,0.02055612964465492,0.0,0.0,0.0,0.0,0.0,0.0,0.0,0.0,0.002962660350385435,0.02055612964465492,0.0,0.0,0.003816726130992494,0.0,0.0,0.0,0.0036366123209737103,0.0,0.0,0.00648602139306776,0.0,0.0,0.0025616645886913716,0.0033094357604036007,0.026359100347060207,0.0,0.00024829270737649484,0.0,0.034212402422499025,0.0,0.0,0.0,0.0,0.0,0.0,0.0,0.02055612964465492,0.0,0.015204648199334758,0.0,0.028726315005203056,0.0,0.0,0.01127679934219079,0.020986489472876964,0.0,0.0,0.0,0.025077276859284944,0.0,0.05189304453959278,0.012874594868128222,0.0,0.0014665798169264943,0.0,0.0,0.028021354964578922,0.0034401245630603823,0.005812460051193343,0.0,0.025819031361334524,0.0,0.028726315005203056,0.0,0.02688145430985219,0.0,0.0,0.0,0.0,0.011480153329177012,0.005022313415263584,0.0025616645886913716,0.025176082580679177,0.0,0.0,0.0,0.0,0.0,0.0007154469970239961,0.0,0.006906494454944095,0.0007154469970239961,0.03301019542584305,0.0,0.02944176200222704,0.02123008161524319,0.0,0.0,0.030308503857406258,0.0,0.007727399707381691,0.0,0.0,0.0,0.0006897867292462445,0.0,0.0022345372787892885,0.0,0.021728243974926544,0.022583347363999216,0.0,0.008729117493089005,0.0485154955480281,0.0,0.0,0.0,0.0,0.0,0.0,0.0,0.012315845304403033,0.0,0.0,0.0,0.0,0.0,0.0,0.0,0.00046647653061050037,0.0,0.0,0.00820932070336066,0.0,0.0234989910339253,0.0,0.0,0.0,0.023358812763372403,0.0,0.017492554014885513,0.0,0.03081902232055022,0.0,0.0,0.0,0.0,0.0,0.0,0.016245299023958257,0.04097601641145906,0.0,0.0,0.0,0.0,0.0,0.0,0.001604261283420283,0.0,0.0,0.0,0.0,0.0030580824948787527,0.0,0.0,0.0,0.03632222129054435,0.0,0.01336236297059052,0.0,0.002384130524290474,0.0,0.0,0.0,0.0,0.0,0.0,0.01559690024937982,0.0,0.0,0.0,0.0,0.0,0.0,0.024908744067739637,0.0,0.0
ENSG00000112299.8,0.03714112789935578,0.021236348780376214,0.0,0.02617193224764509,0.028959657767173352,0.0,0.0,0.0,0.0033456974789078248,0.00816646132293281,0.020584524934305123,0.017022875688759195,0.008917681913154044,0.020859959024619908,0.0,0.022184871208080457,0.0,0.004646455161107805,0.03160272279480596,0.0,0.0,0.04285830126065626,0.033658926212497255,0.017022875688759195,0.012600748049759244,0.020584524934305123,0.02767567697976769,0.020584524934305123,0.0,0.03536900167664608,0.003357712861224549,0.012600748049759244,0.0,0.017022875688759195,0.036737155622763334,0.0035542453096799945,0.016040713656324514,0.020584524934305123,0.015571282352327773,0.008154204337343072,0.008448250609157305,0.0,0.0,0.02426569187544584,0.029193138433121612,0.0,0.012030021918208683,0.007337715080498582,0.008917681913154044,0.0074303131874085895,0.0020666189974838794,0.01000099755007006,0.028371536148411713,0.028724918308836275,0.0206967338627514,0.041666914741105114,0.0104368495243704,0.0,0.010480884846943324,0.004578341756306378,0.017022875688759195,0.0029098455046074855,0.03332397630662709,0.005469468402327558,0.0072622541215355725,0.027592031056690124,0.0,0.0,0.009109325986839473,0.02057106766811416,0.011349318106760736,0.024691458765928972,0.009789058486070704,0.018063404033365812,0.00017390506186219616,0.021147486326572592,0.031124716054983757,0.004916198137651203,0.005660496891250373,0.01853283533736256,0.023728470461414252,0.011264335451176978,0.039307225296174086,0.006072137711217354,0.0035576983061308236,0.02806480414834281,0.0072622541215355725,0.03776134622337237,0.0,0.027592031056690124,0.019570483204162544,0.003934036105216525,0.0,0.0,0.017781614747141322,0.012030021918208683,0.0,0.03769568218624633,0.011073020422063068,0.0,0.031834956543767425,0.008001717685334711,0.004387925455502952,0.0,0.009030991142500413,0.004387925455502952,0.0,0.0216924279902207,0.0,0.03670527592505544,0.00899447178863649,0.02057106766811416,0.013779533417499918,0.023381614552799555,0.009127983108388533,0.031856878388558454,0.01704936230322324,0.006426157786254563,0.009029667398843949,0.04810088545871488,0.00952343436036017,0.003934036105216525,0.002877965806899592,0.018083516377457233,0.039613210479363746,0.02828804788005282,0.006679249727128765,0.027286546945096784,0.0,0.03189853182895075,0.014581074774803571,0.01985431721479072,0.021884457826736457,0.015595116504946143,0.000259757374361666,0.0,0.05314934715822518,0.021392051315100816,0.032255754204501205,0.018116237405885447,0.0,0.021193587553656416,0.0,0.02181172107536299,0.0,0.0,0.0,0.02085173232327147,0.0,0.040502951803950506,0.023641185244244314,0.018932407314831815,0.0015111873173601735,0.0,0.021193587553656416,0.026515115630652182,0.0,0.0,0.0,0.03215752105068742,0.0006069801159629268,0.0015111873173601735,0.00803945982131974,0.020415880348971134,0.023617096694785587,0.03943092893195751,0.022223171237509297,0.0019612948076040415,0.0,0.033269795934643784,0.02667372714337506,0.017472238542574937,0.030777674253605742,0.03172120956025526,0.0054174688921739475,0.025836653240653876,0.03292811551280362,0.0,0.033269795934643784,0.029625828921376444,0.04603165675698913,0.039651747661444775,0.033910277545238315,0.006154253004357631,0.010570383036687739,0.02179948536194814,0.0,0.016421909671636044,0.04996861048388882,0.0015111873173601735,0.017572459226998988,0.00028624398882570734,0.012145942935767876,0.0,0.030889883182052012,0.0015111873173601735,0.0015111873173601735,0.019154866555027593,0.04996861048388882,0.0
ENSG00000111796.4,0.0,0.0,0.0,0.0,0.0,0.0,0.0,0.0,0.0,0.0,0.0,0.0,0.0,0.0,0.007419451639774175,0.0,0.0,0.0,0.0,0.0050564127456865955,0.0,0.0,0.0027287174287965697,0.0,0.0,0.0,0.0,0.0,0.0,0.0,0.012704311241482254,0.0,0.0,0.0,0.0,0.018890600242522794,0.0,0.0,0.0,0.0,0.0,0.0,0.0,0.002158872179925081,0.007238252032923401,0.0,0.0,0.015761343654921104,0.0,0.017412776047598763,0.0,0.0,0.005346475833411822,0.00014396924589719223,0.0,0.0,0.0,0.0,0.0,0.0015043954366417284,0.0,0.0,0.0,0.0,0.010073711254418381,0.0,0.0,0.0,0.0,0.0,0.0228107653334279,0.0,0.0,0.0,0.0,0.006255828720288317,0.0,0.0,0.0,0.0,0.0,0.0,0.0034340030730683167,0.0,0.0,0.0,0.010073711254418381,0.0,0.0,0.0,0.0,0.0,0.0,0.0,0.0,0.0,0.0,0.0,0.0,0.014081840358769662,0.004665847753047153,0.0,0.0,0.0,0.0,0.0,0.0,0.0,0.0010703656630326082,0.004457309777229981,0.0,0.0,0.0,0.0,0.0,0.0,0.0,0.0,5.635708111260962e-06,0.010239423791987317,0.0,0.0,0.0,0.0,0.0,0.0,0.0,0.0,0.0,0.0,0.0,0.0,0.0,0.0,0.007732250802140239,0.0,0.0,0.010806899333859407,0.0,0.0,0.0,0.0,0.0,0.0,0.0,0.0,0.01590289561238172,0.0,0.0,0.0,0.0,0.0,0.0,0.0,0.0,0.004560217840576392,0.012356010431560267,0.0,0.0,0.016394127381452482,0.0,0.0,0.0,0.0,0.0,0.0,0.0,0.004084484425969429,0.0,0.0,0.0,0.0,0.0,0.01535718219062417,0.0,0.0,0.0,0.0,0.0,0.0,0.0,0.0,0.0001496049540084532,0.0,0.0,0.0,0.0,0.0,0.0,0.0,0.0,0.0,0.0,0.0,0.0,0.0,0.0,0.0,0.0,0.0
ENSG00000111729.14,0.0007322252462429631,0.027404121859732747,0.0,0.015654920386787605,0.0,0.0,0.0067238238686123455,0.010115678021284082,0.0,0.024213711058092755,0.0066101946317763186,0.0036565762519495323,0.01761905226454123,0.0,0.0,0.0,0.0,0.0,0.0,0.0,0.009201156361684882,0.0,0.013939933141484298,0.0036565762519495323,0.0,0.0066101946317763186,0.0,0.0066101946317763186,0.0,0.0,0.0,0.0,0.008366344087650364,0.0036565762519495323,0.01013652105481546,0.0,0.0011464966083827438,0.0066101946317763186,0.0,0.0,0.013566325635218243,0.0,0.0,0.0,0.0,0.003235357492074542,0.010106083489904334,0.002873849959095603,0.01761905226454123,0.0,0.0,0.0,0.02105764370378212,0.0,0.0,0.0,0.0,0.0,0.0,0.0,0.0036565762519495323,0.006425768293714534,0.01840405898118899,0.0,0.018986225956876393,0.002551254786260844,0.0,0.006996708856908576,0.004203369536678606,0.0,0.0,0.0007740851752495483,0.007284649681452909,0.0,0.03450244484289487,0.0100965164020924,0.0,0.002763822859355409,0.0,0.0,0.01665888235444926,0.0,0.020304485777264486,0.0,0.008227085183190787,0.0,0.018986225956876393,0.003964495976889547,0.012282436506459184,0.002551254786260844,0.0028201517329114884,0.0002537432157886238,0.0,0.020206373054087116,0.0,0.010106083489904334,0.010115678021284082,0.0,0.0,0.0,0.0,0.0,0.0,0.0,0.0,0.0,0.025702939844559708,0.0,0.01728504394170335,0.008856557799517408,0.0,0.0,0.020996474550784534,0.0,0.016647605779992546,0.009334105084308,0.0,0.0,0.008816968682914664,0.0,0.0,0.0002537432157886238,0.005145805038416485,0.033584540254427794,0.0,0.0034595278077257756,0.042370229382925124,0.0,0.0,0.0,0.0,0.0,0.0,0.0,0.0,0.0,0.0,0.0,0.0,0.013386718406964059,0.0,0.0,0.0,0.0020662655174927547,0.0,0.0,0.0,0.010912997013342238,0.0,0.0,0.0019363560407296351,0.01119456003842886,0.0,0.014653149569711813,0.0,0.014009284812672516,0.0,0.0,0.00584942693526426,0.0,0.0,0.0,0.0010582100539540812,0.019037329566616683,0.0,0.0,0.007550608950437292,0.0,0.0,0.0,0.0,0.0,0.004054720092309283,0.0,0.0,0.0,0.0,7.558291612587767e-05,0.0,0.05153733120731267,0.0,0.0,0.0,0.0,0.0,0.0,0.0,0.0,0.0,0.0,0.002939878407270828,0.0,0.0,0.0,0.0,0.0,0.0,0.026469618480580104,0.0,0.0
ENSG00000185880.13,0.0,0.008513360330402994,0.0,0.0,0.00796562405721021,0.0,0.0,0.0,0.0,0.0,0.0,0.0,0.0,0.0,0.0,0.0,0.0,0.0,0.0,0.0,0.0,0.0,0.0,0.0,0.0,0.0,0.0,0.0,0.0,0.0,0.0,0.0,0.0,0.0,0.0,0.0,0.0,0.0,0.0,0.0,0.0,0.0,0.0,0.0,0.0,0.0,0.0,0.0,0.0,0.0,0.0,0.0,0.007794827732319806,0.0,0.0,0.0,0.0,0.0,0.0,0.0,0.0,0.0,0.005793692109469409,0.0,0.012510990287076522,0.0,0.0,0.0,0.0,0.0,0.0,0.0,0.0,0.0,0.009368554947778288,0.0,0.0,0.0,0.0,0.0,0.0,0.0,0.0,0.0,0.0,0.0,0.012510990287076522,0.0,0.0,0.0,0.0,0.0,0.0,0.0,0.0,0.0,0.0,0.0,0.0,0.0,0.006808839654224748,0.0,0.0,0.0,0.0,0.0,0.0001736924104842677,0.0,0.004171322367157795,0.0,0.0,0.0,0.014171378399010372,0.0,0.0,0.0,0.0,0.0,0.0,0.0,0.0,0.0,0.0,0.006711578189578238,0.0,0.0011811047949380968,0.0,0.0,0.0,0.0,0.0,0.0,0.0,0.0,0.0,0.0,0.0,0.0,0.0,0.0,0.0,0.0,0.0,0.0,0.0,0.0,0.0,0.0,0.0,0.0,0.0,0.0,0.0,0.0,0.0,0.0036523619488071576,0.0,0.0,0.0,0.0,0.0,0.0,0.0,0.0,0.0,0.0,0.0,0.0,0.0,0.0,0.0,0.0,0.0,0.0,0.0,0.0,0.0,0.0,0.0,0.01177514363061647,0.0,0.0,0.0,0.0,0.0,0.0,0.0,0.0,0.0,0.0,0.0,0.0,0.0,0.0,0.0,0.0,0.0,0.0002598154869925262,0.0,0.0
ENSG00000111540.16,8.852309561947769e-05,0.0,0.0,0.0,0.010690738111125416,0.0,0.0,0.0,0.0,0.0,0.0,0.0,0.0,0.0,0.0,0.0,0.0,0.0,0.0,0.0,0.003735097153126036,0.0,0.005567943431701271,0.0,0.0,0.0,0.0,0.0,0.0,0.0,0.0035516202820626303,0.0,0.0,0.0,0.0,0.004094928652400832,0.0,0.0,0.0,0.0,0.0,0.0,0.0,0.0,0.0,0.0,0.0,0.0038882519075660697,0.0,0.0,0.0,0.0,0.00663078507844915,0.0,0.0,0.0,0.0,0.0,0.0,0.0,0.0,0.0,0.0015686603567702066,0.0,0.01164328018336171,0.0,0.0,0.0,0.0,0.0,0.0032563347847483215,0.0,0.0,0.0,0.0,0.003605751633293918,0.0,0.0,0.0,0.0,0.0,0.0,0.00793428203257477,0.0,0.0,0.0,0.01164328018336171,0.0,0.0,0.0,0.0,0.0,0.0,0.0,0.0,0.0,0.0,0.0,0.0,0.0,0.0,0.0,0.0,0.0,0.0,0.0,0.0,0.0,0.003303612263442987,0.008192406930356017,0.0,0.0,0.00537220710075818,0.0,0.0,0.0,0.0,0.0,0.0,0.0,0.0,0.0,0.0,0.0011250266009045148,0.0,0.0,0.0,0.0,0.0,0.0,0.0,0.0,0.0,0.0,0.0,0.0,0.0,0.0030669096778979527,0.0,0.0,0.0,0.0,0.0,0.0,0.0,0.0,0.0,0.0,0.0,0.0,0.0,0.004510727677718068,0.0,0.0,0.0,0.011791672243180652,0.0,0.0,0.0,0.010526398554298402,0.0,0.0,0.0,0.001003451216658978,0.0,0.0,0.0,0.0,0.0,0.0,0.0,0.0,0.0,0.0,0.0,0.0,0.0,0.0,0.0,0.0,0.0,0.0,0.0,0.0,0.0,0.0,0.0,0.0,0.0,0.0,0.0,0.0,0.0,0.0,0.0,0.0,0.0,0.0,0.0,0.0
ENSG00000183475.12,0.015305818390742026,0.02784010150470715,0.0,0.012255555489160838,0.010080142677721018,0.011403675097384443,0.0019473971586425644,0.024513301610587568,0.00018492714007029704,0.030523806571409462,0.0,0.028455533250057105,0.033162331831236624,0.015612575321079862,0.00021908790980456477,2.784049956936624e-05,0.0016646863992479423,0.01575377735298966,0.02107528595064843,0.0,0.024907904913898337,0.020282966587603885,0.020768882859487678,0.028455533250057105,0.0,0.0,0.0,0.0,0.0,0.013478757198854819,0.006157295031287185,0.0,0.0075651744394789715,0.028455533250057105,0.00991171832879334,0.0,0.021431982276222724,0.0,0.0,0.010224255144074513,0.002884609043441646,0.0,0.0,0.018873097642786985,0.0,0.011337781670050364,0.02318708795701949,0.011497032423425185,0.033162331831236624,0.001938410085320988,0.013177555358884444,0.010786976573560585,0.03137165121212563,0.0016850452150809284,0.021441163907067903,0.0011150190658845809,0.002317827110282833,0.0,0.003716476847488777,0.0,0.028455533250057105,0.008654076603348042,0.02505688930968196,0.0,0.01958567458736887,0.02283039163144519,0.0,0.009080491038545718,0.029774382565849675,0.010011139912562216,0.002629535689827902,0.00568727084209919,0.032161818949374345,0.0,0.04156515976326022,0.009538262184673199,0.027851287816230266,0.008769475023785958,0.0089140788015976,0.02375899101735074,0.03016711024583516,0.017216141095790522,0.013340781046134453,0.0,0.02490476251209915,0.005437199638470072,0.01958567458736887,0.0030035657753968784,0.027295341297423014,0.02283039163144519,0.0,0.001745924049951584,0.006463511576403458,0.016179439060597472,0.021120465757523584,0.02318708795701949,0.024513301610587568,0.0069709789022690885,0.002539149172404241,0.0,0.004948857494449441,0.00019410877091547568,0.017820783895868123,0.0134706816402629,0.01902532486215859,0.017820783895868123,0.024585599449926852,0.0015255077472382805,0.01633117253258856,0.023774967854019773,0.0,0.010011139912562216,0.023489999249101928,0.0,0.005272045426966316,0.012300470075096423,0.0003209667809478227,0.004072932791079592,0.0019516844713074188,0.013452891980719906,0.017527657614489673,0.001745924049951584,0.02251732612857448,0.017408092431046407,0.0,0.01926058412430765,0.043507225690208116,0.0007724947935606602,0.0,0.0,0.01687366217127502,0.0,0.01588289120739387,0.01003396361988295,0.02218690292780523,0.0,0.0,0.0021974895170981043,0.0,0.004229194903805446,0.002557792180638639,0.01487680184194001,0.017230358496849316,0.0,0.0063465879505290555,0.03296071269379358,0.0012075140248278826,0.03190369358794438,0.003659745856554493,0.0,0.020794367742983016,0.016934818814819206,0.019557367237977328,0.018563234562127356,0.01487680184194001,0.02048056420067765,0.0092159151615024,0.015653042576244273,0.018985464177646082,0.0120046981569767,0.008619235253936736,0.019557367237977328,0.02767108715415469,0.04037284305122213,0.001349056555075799,0.007318094138017532,0.02223996623242639,0.0029998501341454015,0.004725828551648829,0.0,0.019495333019388036,0.01668726970656667,0.0,0.0057851696075991894,0.02340171756235356,0.016081342808230474,0.00674619107768628,0.009089190939438333,0.0,0.03484129914063444,0.027564505736783117,0.03300177738265864,0.01376974205152065,0.020761908204267803,0.01862876785207178,0.003686394440489432,0.003659745856554493,0.0,0.011159454657513633,0.019557367237977328,0.029454149046499876,0.0,0.014749943831907662,0.008477794561780612,0.020494042182474807,0.019557367237977328,0.019557367237977328,0.033613859843849465,0.011159454657513633,0.0
ENSG00000183486.13,0.0,0.04256460258618349,0.007977553697070105,0.03647329840502406,0.0022507125486857134,0.0,0.012749045726959052,0.02574106032510994,0.026824228070835086,0.037783619361223826,0.0,0.01108409491405369,0.04012801123437035,0.003352255567383309,0.0,0.01134090288586247,0.013452758900615938,0.009093096722048544,0.02057732534715016,0.0,0.02580460711391689,0.0,0.02204185415358867,0.01108409491405369,0.012323500486521758,0.0,0.0,0.0,0.0,0.013185700359715002,0.0,0.012323500486521758,0.01733099763773862,0.01108409491405369,0.017468708246614617,0.0,0.038648099871034236,0.0,0.0015070966316064575,0.002056050538102032,0.002987007994942569,0.0,0.0,0.012089531335340409,0.0,0.02068304806779769,0.02974084670069224,0.0,0.04012801123437035,0.0,0.024324695750580785,0.003255516954064265,0.011650297726168986,0.0,0.023504128876570246,0.0,0.004615713732142004,0.0,0.0,0.003751971730200556,0.01108409491405369,0.02546403129275735,0.0054843111890343355,0.0,0.028241198465730033,0.011670072176808169,0.0,0.002138704467447683,0.01225223771200543,0.0020571271584533327,0.0072566744748963075,0.0057839120395413515,0.01437353120136781,0.0,0.038705200313547655,0.0,0.0026612496644030682,0.0,0.0022576947404249724,0.0157963421221905,0.01971284483733975,0.010101687925023098,0.005847603097125731,0.0011897422800518677,0.0068567218067627535,0.0,0.028241198465730033,0.010564895264501016,0.02792590060327927,0.011670072176808169,0.0068354019816235685,0.01856021831064375,0.016777639358316526,0.022775711626815413,0.013451950249043977,0.02974084670069224,0.02574106032510994,0.007039573032433567,0.0052069854334364195,0.0,0.016394015354523755,0.011680257076371103,0.009447675525537182,0.0,0.001385128414366419,0.009447675525537182,0.03143495276457051,0.0,0.01711154864411706,0.0,0.007688248895988993,0.0020571271584533327,0.03159146078975092,0.008849900499408321,0.005108301484304953,0.014413500322756876,0.0,0.0,0.00364008774836648,0.0,0.035297837547013364,0.01856021831064375,0.004735428317400373,0.03433818024257826,0.013625464503513762,0.0211368040762073,0.03890684638289968,0.0,0.006155557051263159,0.0,0.017548916208318634,0.010990006277409627,0.02701719408229585,0.010713514226695062,0.007701106971733523,0.0,0.0037695651583758497,0.0,0.0,0.03205817534393235,0.005617809763826094,0.0,0.03561969073220271,0.009487954605041642,0.0038079237441387484,0.017342168756869038,0.0,0.02303310229516154,0.0,0.005873118496484926,0.01163827920457089,0.0,0.012767932983358973,0.04001907702246671,0.0,0.011610554317057334,0.0,0.009417670659338098,0.026712437561860716,0.0,0.0032255120878651837,0.012767932983358973,0.019681907325078653,0.0216729055170838,0.0,0.003921650017112782,0.037842087383473694,0.010214063990865399,0.0,0.0,0.003596360862021454,0.0010152335335130505,0.008101240682781456,0.0,0.018357627448941538,0.0,0.017866154595614525,0.027649376205242354,0.0,0.03828163613075754,0.011192507949246443,0.016022164955716293,0.0,0.00470538587218821,0.008641663037976643,0.015144385312229357,0.0,0.0,0.0,0.012767932983358973,0.030742677155579483,0.0,0.024613459552547737,0.0014099250338884886,0.0316053695593517,0.012767932983358973,0.012767932983358973,0.039523461395830385,0.0,0.0
ENSG00000111335.12,0.00100005885314201,0.03767328230398859,0.015307297366622612,0.04642900727442887,0.017438735658962007,0.0,0.00540320251409394,0.010043174322210472,0.0317269181449386,0.021053024063752555,0.022208514338693086,0.001976085045441899,0.02238568937550922,0.0,0.0,0.02338299873019785,0.012735185964462544,0.0,0.0212750116715556,0.0,0.011722766755147227,0.011142324279680212,0.02492271649267308,0.001976085045441899,0.010190600516309219,0.022208514338693086,0.0,0.022208514338693086,0.0,0.02478983110133738,0.0,0.010190600516309219,0.012427991518824894,0.001976085045441899,0.03507162996565131,0.0,0.035021947542859734,0.022208514338693086,0.023315022100341212,0.0023024320610201612,0.010678763932990701,0.0,0.0,0.011658281583234738,0.0,0.014333458511168273,0.02790698048110498,0.0011984140289944371,0.02238568937550922,0.0,0.02435902492249773,0.00874520241271121,0.015542886626643253,0.0,0.005326950141383284,0.002944496721445429,0.009518403806245516,0.0,0.00959652246759327,0.005382481532253052,0.001976085045441899,0.0309537167514043,0.024328515366479404,0.003989983551751335,0.027010359683626584,0.014160044609800856,0.0,0.004767973315593133,0.003321027455637303,0.008270577544571958,0.005148438485985785,0.0202682858300419,0.004526872895433291,0.0,0.022257808839622938,0.00560980103227756,0.0,0.0,0.0,0.004654753431319575,0.0073060881924484275,0.0,0.024942798952109282,0.006092432354155377,0.0,0.0,0.027010359683626584,0.036888544070277925,0.012928612194943215,0.014160044609800856,0.020409604330067332,0.03277063085603092,0.018017259254277287,0.02186065530439224,0.003322088119562902,0.02790698048110498,0.010043174322210472,0.0320839215079105,0.010646970965799075,0.0,0.02600402155305703,0.0020319207434621456,0.0,0.0,0.007024411065433209,0.0,0.01518588326367136,0.0,0.004522960643309364,0.0002268574596077065,0.006650974276539504,0.008270577544571958,0.031010613845225382,0.024612366070482505,0.011884609372786693,0.016042910905269967,0.0,0.0024034367444907626,0.008888071969131661,0.0,0.03102169338126093,0.03277063085603092,0.0,0.043580097648289094,0.03888477927409029,0.021960500283423688,0.03379829014334883,0.00930968332641699,0.021241484950486545,0.0,0.016870259316132306,0.02622499129729966,0.025984111079496778,0.018669169324758074,0.0,0.0028282764677242354,0.015860972916241965,0.0,0.008125056903421107,0.0479298556746501,0.004423316599281257,0.0,0.03061719518743644,0.0343855602679425,0.0,0.0,0.0,0.00876847663710633,0.0,0.005674962442832054,0.01371696606211538,0.0,0.000250001075896282,0.03445219421409956,0.0,0.020663517135289335,0.0,0.0,0.023502228125681687,0.0,0.006207336695770321,0.000250001075896282,0.002443309184922759,0.007995275243572027,0.004283659389539729,0.003773193889744196,0.04598962716599891,0.013609945837770546,0.0,0.009923966912046868,0.004380191388582019,0.0,0.04029116102358702,0.0,0.0,0.006737571924256919,0.027025420939529594,0.03108579886094667,0.009923966912046868,0.05255621990330263,0.008588301833864498,0.0,0.0,0.008486799510091111,0.009755292254377563,0.02114039366328742,0.0,0.0,0.0,0.000250001075896282,0.0073458861779146165,0.0,0.009383776253348942,0.0065838067203113325,0.023409596826277218,0.000250001075896282,0.000250001075896282,0.04054645472175091,0.0,0.0
ENSG00000111331.13,0.0,0.04256460258618349,0.007977553697070105,0.03647329840502406,0.0022507125486857134,0.0,0.012749045726959052,0.02574106032510994,0.026824228070835086,0.037783619361223826,0.0,0.01108409491405369,0.04012801123437035,0.003352255567383309,0.0,0.01134090288586247,0.013452758900615938,0.009093096722048544,0.02057732534715016,0.0,0.02580460711391689,0.0,0.02204185415358867,0.01108409491405369,0.012323500486521758,0.0,0.0,0.0,0.0,0.013185700359715002,0.0,0.012323500486521758,0.01733099763773862,0.01108409491405369,0.017468708246614617,0.0,0.038648099871034236,0.0,0.0015070966316064575,0.002056050538102032,0.002987007994942569,0.0,0.0,0.012089531335340409,0.0,0.02068304806779769,0.02974084670069224,0.0,0.04012801123437035,0.0,0.024324695750580785,0.003255516954064265,0.011650297726168986,0.0,0.023504128876570246,0.0,0.004615713732142004,0.0,0.0,0.003751971730200556,0.01108409491405369,0.02546403129275735,0.0054843111890343355,0.0,0.028241198465730033,0.011670072176808169,0.0,0.002138704467447683,0.01225223771200543,0.0020571271584533327,0.0072566744748963075,0.0057839120395413515,0.01437353120136781,0.0,0.038705200313547655,0.0,0.0026612496644030682,0.0,0.0022576947404249724,0.0157963421221905,0.01971284483733975,0.010101687925023098,0.005847603097125731,0.0011897422800518677,0.0068567218067627535,0.0,0.028241198465730033,0.010564895264501016,0.02792590060327927,0.011670072176808169,0.0068354019816235685,0.01856021831064375,0.016777639358316526,0.022775711626815413,0.013451950249043977,0.02974084670069224,0.02574106032510994,0.007039573032433567,0.0052069854334364195,0.0,0.016394015354523755,0.011680257076371103,0.009447675525537182,0.0,0.001385128414366419,0.009447675525537182,0.03143495276457051,0.0,0.01711154864411706,0.0,0.007688248895988993,0.0020571271584533327,0.03159146078975092,0.008849900499408321,0.005108301484304953,0.014413500322756876,0.0,0.0,0.00364008774836648,0.0,0.035297837547013364,0.01856021831064375,0.004735428317400373,0.03433818024257826,0.013625464503513762,0.0211368040762073,0.03890684638289968,0.0,0.006155557051263159,0.0,0.017548916208318634,0.010990006277409627,0.02701719408229585,0.010713514226695062,0.007701106971733523,0.0,0.0037695651583758497,0.0,0.0,0.03205817534393235,0.005617809763826094,0.0,0.03561969073220271,0.009487954605041642,0.0038079237441387484,0.017342168756869038,0.0,0.02303310229516154,0.0,0.005873118496484926,0.01163827920457089,0.0,0.012767932983358973,0.04001907702246671,0.0,0.011610554317057334,0.0,0.009417670659338098,0.026712437561860716,0.0,0.0032255120878651837,0.012767932983358973,0.019681907325078653,0.0216729055170838,0.0,0.003921650017112782,0.037842087383473694,0.010214063990865399,0.0,0.0,0.003596360862021454,0.0010152335335130505,0.008101240682781456,0.0,0.018357627448941538,0.0,0.017866154595614525,0.027649376205242354,0.0,0.03828163613075754,0.011192507949246443,0.016022164955716293,0.0,0.00470538587218821,0.008641663037976643,0.015144385312229357,0.0,0.0,0.0,0.012767932983358973,0.030742677155579483,0.0,0.024613459552547737,0.0014099250338884886,0.0316053695593517,0.012767932983358973,0.012767932983358973,0.039523461395830385,0.0,0.0
ENSG00000123146.20,0.01914026040523684,0.0332478741735274,0.0019259054168096028,0.024991249993243096,0.005372043609752141,0.0,0.0001590337541751835,0.01324376676430342,0.015434515271699804,0.02962592565174159,0.011147419170685605,0.016275235806630893,0.031640744946783074,0.022499774412718665,0.0,0.013114920078298311,0.008037202352094042,0.01089822607974147,0.023946987907208565,0.00414280454407432,0.014854795649351507,0.011921547643942407,0.024509427140626518,0.016275235806630893,0.015641021944756882,0.011147419170685605,0.0030621884594476123,0.011147419170685605,0.0,0.016436323466542856,0.003935607445370439,0.015641021944756882,0.007762763171122122,0.016275235806630893,0.02145160945318593,0.0,0.027035844777123928,0.011147419170685605,0.004853906106439175,0.007324342374617373,0.009458806276098321,0.0,0.001012374982504869,0.01563641983809915,0.0,0.010643585256284251,0.01988814670061416,0.0,0.031640744946783074,0.0,0.010249895479692364,0.006180303066832055,0.016437533935369678,0.0,0.02861677676971784,0.0023465118790440206,0.00734928456046181,0.0,0.0,0.004648035890524472,0.016275235806630893,0.01426553377807005,0.00809883209716307,0.004919087744709599,0.016461924876095827,0.016799289830698803,0.0,0.00776891982821416,0.017758639311335,0.005691619054091733,0.007654437630423394,0.010476519028983292,0.019581723200069352,0.0,0.030897428761429663,0.0030953710354063163,0.022171864581604063,0.0,0.003617947650827281,0.020325039385422766,0.026537068781826236,0.013800923063186553,0.01583717625941503,0.0033628061208771654,0.012608287125225565,0.0074180248679394205,0.016461924876095827,0.014098467550769087,0.016677879538085867,0.016799289830698803,0.018427697599599793,0.0069123918756532066,0.004271178896812354,0.013825958547450001,0.018310220090381295,0.01988814670061416,0.01324376676430342,0.007736156125467571,0.007661457837675186,0.0,0.017186416833768092,0.017015447264293722,0.014835006815283085,0.002558354545046257,0.0047354719688265205,0.014835006815283085,0.02413589308160191,0.0,0.007349943784170346,0.017971278911607085,0.01122182118225707,0.005691619054091733,0.02097122190329057,0.010089871570304554,0.011281890164832685,0.025196284335442586,0.005423379143652207,0.0002015864839520487,0.006388028330677364,0.006405011411221365,0.022526547749929186,0.0069123918756532066,0.010785203236491205,0.019218337336533463,0.010439149284688268,0.021385732401383376,0.0282450752989499,0.00032761144064184095,0.0,0.010633652960155483,0.018464348639192437,0.00959198227678748,0.02691893948487937,0.011184070210278247,0.006855815803073147,0.0,0.023978574093552352,0.002440561972764911,0.015346234031807994,0.02418838866622584,0.0,0.016538443222382838,0.021553205509107796,0.010096983053596097,0.004333368909228676,0.019420075660296483,0.0,0.026544462083949796,0.0,0.019530745717947905,0.013925861047660235,0.01047382034854948,0.014842400117406639,0.02148535140042261,0.016538443222382838,0.011786075254980915,0.0,0.010333103090211897,0.014405507432598032,0.002716965080862249,0.0016783993417608736,0.014842400117406639,0.019998470863430626,0.02537548059032004,0.0004345720052612023,0.018049590947104767,0.023517488524523518,0.005465739865165825,0.00841249985070082,0.008065955602893804,0.021497060002185153,0.01945930599343801,0.014776760994594965,0.005527890730984114,0.018743998431406755,0.00643890837592628,0.01761269826229616,0.012789597570142124,0.008065955602893804,0.025284307592090216,0.027028273981611266,0.03462816468349164,0.006852089291803122,0.004742865270950081,0.011316650562682676,0.012591252732436487,0.0,0.0,0.009241880657372782,0.014842400117406639,0.033207724526212255,0.0,0.02813051134302435,0.0031907071910006607,0.03224611859362721,0.014842400117406639,0.014842400117406639,0.0265449772437727,0.009241880657372782,0.0
ENSG00000183918.16,0.009587572078253948,0.03079011829765471,0.0,0.0017663427766388892,0.0,0.0,0.012282101008961967,0.01450232509730327,0.0006315757240335368,0.031899528229484504,0.0,0.018807344444202245,0.025865142609275228,0.0,0.0,0.0,0.0,0.0015018927210994487,0.005568769112439788,0.0,0.013288397946802682,0.0014978651376348143,0.01386900022116766,0.018807344444202245,0.0,0.0,0.0,0.0,0.0,0.0,0.0,0.0,0.013870151055796004,0.018807344444202245,0.00537845689681795,0.0,0.0022526299949907347,0.0,0.0,0.002741289775549289,0.0124496453810738,0.0,0.0,0.004742067339797595,0.0,0.00954025234708944,0.010673410278168743,0.0,0.025865142609275228,0.0,0.0,0.0,0.03145585911502098,0.0,0.004171976863003607,0.0,0.0,0.0,0.0012973165413998136,0.0,0.018807344444202245,0.008430842415259647,0.011589118740958824,0.0,0.018213373635182176,0.013989549395617792,0.0,0.0017167816157225707,0.01940651426158635,0.0,0.0,0.0,0.02299475053792245,0.0,0.04218171410292809,0.0,0.014460733058118326,0.00957739066552183,0.006048225297648858,0.006678179044269584,0.03521566734693356,0.010509757284528343,0.001842746632015252,0.0,0.024027460564257842,0.0,0.018213373635182176,0.0,0.01687663422313879,0.013989549395617792,0.0,0.0,0.0,0.010740935646509527,0.01271256466447886,0.010673410278168743,0.01450232509730327,0.0,0.0,0.0,0.0,0.002550922592046416,0.00831005888798908,0.0,0.004550250656076511,0.00831005888798908,0.033531408073204,0.0,0.020954663410731458,0.017386838769480047,0.0,0.0,0.020416181015132685,0.0,0.0160378816574099,0.01899293976383301,0.0,0.0,0.00734596612568689,0.0,4.982261504022506e-05,0.0,0.02043922428792174,0.00822910192044566,0.0,0.0036040016103099856,0.044901296033416624,0.0,0.0,0.0,0.0009043736237968752,0.0,0.0,0.005450706200346288,0.0073347827886697005,0.0,0.0,0.002661342999270816,0.0,0.0,0.0,0.0005932778809044706,0.0,0.0,0.0,0.014608920485455767,0.0,0.028919392014571155,0.0,0.0,0.012023172771961951,0.018756828901046418,0.0020137835556266748,0.0032677055419062725,0.0005932778809044706,0.015719334150027013,0.0,0.0,0.006009014789525834,0.0,0.0,0.0020137835556266748,0.01941320698269445,0.036718658705797255,0.0,0.0,0.003267725013976548,0.0,0.0,0.0,0.005594953474778362,0.011094078397513453,0.0,0.0,0.00867989684856564,0.0,0.0,0.0014723820257356302,0.0,0.041104563744176204,0.01831747102834288,0.02539943024204766,0.0024591724256230046,0.0,0.009325153906974887,0.0,0.0,0.0,0.0,0.0020137835556266748,0.0198804837446481,0.0,0.014427851233432133,0.0,0.0,0.0020137835556266748,0.0020137835556266748,0.030729328904071686,0.0,0.0
ENSG00000110876.9,0.01634081096335936,0.0,0.0,0.0,0.012033246415507796,0.0,0.0,0.0,0.0,0.0,0.006402382681633557,0.0,0.0,0.0,0.0,0.009649660051730687,0.0,0.0,0.0034916989831585733,0.0,0.0,0.016700310431635296,0.012555568401861197,0.0,0.0,0.006402382681633557,0.013670334339339795,0.006402382681633557,0.0,0.0057487256947078465,0.0,0.0,0.0,0.0,0.010494500103487101,0.009216346241195137,0.0,0.006402382681633557,0.001557128389184887,0.0,0.0,0.0,0.0,0.003718972204853739,0.02025193071369793,0.0,0.0,0.002509977190908664,0.0,0.0,0.0,0.0,0.005755029349953197,0.011696298457040979,0.0,0.01603208892217733,0.0,0.0,0.0,0.00022957456465898946,0.0,0.0,0.014930164655352176,0.006919809366978263,0.0,0.0,0.0,0.0,0.0,0.0,0.0038850208245014804,0.0,0.0,0.0028149175269910932,0.0,0.009375093449399168,0.0002921589292927129,0.0,0.0,0.0,0.0,0.0,0.02083756027735889,0.0,0.0,0.0013536043246518033,0.0,0.012508754018375933,0.0,0.0,0.004408088334872599,0.0,0.0,0.0,0.0,0.0,0.0,0.013468208116979456,0.0,0.0,0.01289279999788977,0.0,0.0,0.0,0.0,0.0,0.0,0.007762938717333082,0.0,0.01530091171340239,0.0008376872566791191,0.0,0.0,0.006430946637934896,0.0,0.002952516166168196,0.0008206231802301289,0.0,0.0,0.017655928788487082,0.0,0.0,0.0,0.0,0.008137914756754405,0.002379448747457217,0.0,0.006573456904590883,0.0,0.006187470725050624,0.0,0.0,0.0,0.0,0.0,0.0,0.01844589104068782,0.009673457223276588,0.010486558179836635,0.0,0.0,0.0,0.0,0.00045809521697560626,0.0,0.0,0.0,0.0,0.0,0.006427054882867794,0.0,0.0,0.0,0.0,0.0,0.002618472864099934,0.0,0.0,0.0,0.018345721331277605,0.0,0.0,0.0,0.0,0.0029580912341828566,0.005316666560505775,0.0,0.0,0.0,0.012480852526597589,0.0,0.0,0.011223063388791393,0.00964697051201227,0.0,0.0035392633078729537,0.0,0.0,0.012480852526597589,0.0012210924656684378,0.007188826325499026,0.0,0.005823775524407642,0.0,0.0,0.002480949799629338,0.0,0.0,0.015387683809474098,0.0,0.0,0.0,0.0,0.0,0.0,0.0,0.0,0.0,0.015387683809474098,0.0
ENSG00000111530.13,0.015305818390742026,0.02784010150470715,0.0,0.012255555489160838,0.010080142677721018,0.011403675097384443,0.0019473971586425644,0.024513301610587568,0.00018492714007029704,0.030523806571409462,0.0,0.028455533250057105,0.033162331831236624,0.015612575321079862,0.00021908790980456477,2.784049956936624e-05,0.0016646863992479423,0.01575377735298966,0.02107528595064843,0.0,0.024907904913898337,0.020282966587603885,0.020768882859487678,0.028455533250057105,0.0,0.0,0.0,0.0,0.0,0.013478757198854819,0.006157295031287185,0.0,0.0075651744394789715,0.028455533250057105,0.00991171832879334,0.0,0.021431982276222724,0.0,0.0,0.010224255144074513,0.002884609043441646,0.0,0.0,0.018873097642786985,0.0,0.011337781670050364,0.02318708795701949,0.011497032423425185,0.033162331831236624,0.001938410085320988,0.013177555358884444,0.010786976573560585,0.03137165121212563,0.0016850452150809284,0.021441163907067903,0.0011150190658845809,0.002317827110282833,0.0,0.003716476847488777,0.0,0.028455533250057105,0.008654076603348042,0.02505688930968196,0.0,0.01958567458736887,0.02283039163144519,0.0,0.009080491038545718,0.029774382565849675,0.010011139912562216,0.002629535689827902,0.00568727084209919,0.032161818949374345,0.0,0.04156515976326022,0.009538262184673199,0.027851287816230266,0.008769475023785958,0.0089140788015976,0.02375899101735074,0.03016711024583516,0.017216141095790522,0.013340781046134453,0.0,0.02490476251209915,0.005437199638470072,0.01958567458736887,0.0030035657753968784,0.027295341297423014,0.02283039163144519,0.0,0.001745924049951584,0.006463511576403458,0.016179439060597472,0.021120465757523584,0.02318708795701949,0.024513301610587568,0.0069709789022690885,0.002539149172404241,0.0,0.004948857494449441,0.00019410877091547568,0.017820783895868123,0.0134706816402629,0.01902532486215859,0.017820783895868123,0.024585599449926852,0.0015255077472382805,0.01633117253258856,0.023774967854019773,0.0,0.010011139912562216,0.023489999249101928,0.0,0.005272045426966316,0.012300470075096423,0.0003209667809478227,0.004072932791079592,0.0019516844713074188,0.013452891980719906,0.017527657614489673,0.001745924049951584,0.02251732612857448,0.017408092431046407,0.0,0.01926058412430765,0.043507225690208116,0.0007724947935606602,0.0,0.0,0.01687366217127502,0.0,0.01588289120739387,0.01003396361988295,0.02218690292780523,0.0,0.0,0.0021974895170981043,0.0,0.004229194903805446,0.002557792180638639,0.01487680184194001,0.017230358496849316,0.0,0.0063465879505290555,0.03296071269379358,0.0012075140248278826,0.03190369358794438,0.003659745856554493,0.0,0.020794367742983016,0.016934818814819206,0.019557367237977328,0.018563234562127356,0.01487680184194001,0.02048056420067765,0.0092159151615024,0.015653042576244273,0.018985464177646082,0.0120046981569767,0.008619235253936736,0.019557367237977328,0.02767108715415469,0.04037284305122213,0.001349056555075799,0.007318094138017532,0.02223996623242639,0.0029998501341454015,0.004725828551648829,0.0,0.019495333019388036,0.01668726970656667,0.0,0.0057851696075991894,0.02340171756235356,0.016081342808230474,0.00674619107768628,0.009089190939438333,0.0,0.03484129914063444,0.027564505736783117,0.03300177738265864,0.01376974205152065,0.020761908204267803,0.01862876785207178,0.003686394440489432,0.003659745856554493,0.0,0.011159454657513633,0.019557367237977328,0.029454149046499876,0.0,0.014749943831907662,0.008477794561780612,0.020494042182474807,0.019557367237977328,0.019557367237977328,0.033613859843849465,0.011159454657513633,0.0
ENSG00000185885.16,0.006918018156907936,0.0,0.0,0.0,0.004813976666843715,0.015561736761132533,0.0,0.006134121591225956,0.0,0.01254524394957519,0.0,0.013793140337908719,0.015670467357861966,0.009242583208754665,0.005184685277653188,0.0054292310708827125,0.0,0.011446197308285264,0.0,0.011234149627138937,0.024944614487330367,0.0,0.0036335110339063767,0.013793140337908719,0.0,0.0,0.0,0.0,0.0,0.0,0.019756943654071078,0.0,0.0,0.013793140337908719,0.0,0.007876002006176684,0.0030302061224150786,0.0,0.0,0.0,0.0,0.0,0.0,0.009647842529535575,0.0,0.0,0.0,0.005577487270099681,0.015670467357861966,0.02290907609443971,0.012304353251883494,0.0,0.0,0.007100971378332432,0.014362485570677722,0.0,0.0,0.0,0.0,0.016168524087452403,0.013793140337908719,0.0,0.0,0.0,0.008781865287881906,0.0,0.002556063089290274,0.0,0.005613518772579946,0.0,0.01209669070158037,0.0,0.0,0.0,0.004365525168002142,0.0,0.006573773358456006,0.0,0.004665864169418287,0.010074865440776265,0.0065523774767746665,0.012108249709110633,0.0,0.0,0.0,0.0,0.008781865287881906,0.0,0.018101018965666873,0.0,0.0,0.0,0.00759781345946153,0.0,0.006949642032489486,0.0,0.006134121591225956,0.0,0.0,0.0022148897891356087,0.0,0.0,0.0,0.0,0.0,0.0,0.0,0.0,0.007247132702625711,0.00535143345233231,0.006857376442143334,0.0,0.003623257611260762,0.0,0.0,0.0,0.0,0.0,0.0,0.0002757686613892585,0.00818881379903623,0.0,0.0,0.0,0.0,0.008233713185078439,0.0,0.0,0.0,0.0,0.0,0.0,0.0,0.0,0.021630821086379454,0.0,0.0,0.0079753657665117,0.0,0.0,0.0,0.0,0.0,0.0,0.0124054997964032,0.012894802471653026,0.019415002837213046,0.013018726357736408,0.0,0.008492316102469824,0.0025154236352867877,0.0,0.0019689559453201153,0.0024408411681853606,0.0,0.0007879901370534265,0.008194722705136243,0.007127563621941252,0.0,0.012937841142106329,0.0,0.0019689559453201153,0.009105198623537328,0.011452141653160781,0.0,0.007480566345100137,0.0,0.008973694374471246,0.0,0.0,0.0,0.0,0.0,0.011881132413618805,0.02106637298055262,0.0,0.0,0.0,0.0,0.0,0.0,0.006028620413129265,0.004925716745234999,0.0,0.0,0.004263008118128787,0.0,0.0,0.0,0.0019689559453201153,0.01718009456255093,0.0005807050846756076,0.0,0.0,0.0077913086604777665,0.0019689559453201153,0.0019689559453201153,0.0012414410042592382,0.0,0.0007633377780721998
ENSG00000185896.11,8.852309561947769e-05,0.0,0.0,0.0,0.010690738111125416,0.0,0.0,0.0,0.0,0.0,0.0,0.0,0.0,0.0,0.0,0.0,0.0,0.0,0.0,0.0,0.003735097153126036,0.0,0.005567943431701271,0.0,0.0,0.0,0.0,0.0,0.0,0.0,0.0035516202820626303,0.0,0.0,0.0,0.0,0.004094928652400832,0.0,0.0,0.0,0.0,0.0,0.0,0.0,0.0,0.0,0.0,0.0,0.0038882519075660697,0.0,0.0,0.0,0.0,0.00663078507844915,0.0,0.0,0.0,0.0,0.0,0.0,0.0,0.0,0.0,0.0015686603567702066,0.0,0.01164328018336171,0.0,0.0,0.0,0.0,0.0,0.0032563347847483215,0.0,0.0,0.0,0.0,0.003605751633293918,0.0,0.0,0.0,0.0,0.0,0.0,0.00793428203257477,0.0,0.0,0.0,0.01164328018336171,0.0,0.0,0.0,0.0,0.0,0.0,0.0,0.0,0.0,0.0,0.0,0.0,0.0,0.0,0.0,0.0,0.0,0.0,0.0,0.0,0.0,0.003303612263442987,0.008192406930356017,0.0,0.0,0.00537220710075818,0.0,0.0,0.0,0.0,0.0,0.0,0.0,0.0,0.0,0.0,0.0011250266009045148,0.0,0.0,0.0,0.0,0.0,0.0,0.0,0.0,0.0,0.0,0.0,0.0,0.0,0.0030669096778979527,0.0,0.0,0.0,0.0,0.0,0.0,0.0,0.0,0.0,0.0,0.0,0.0,0.0,0.004510727677718068,0.0,0.0,0.0,0.011791672243180652,0.0,0.0,0.0,0.010526398554298402,0.0,0.0,0.0,0.001003451216658978,0.0,0.0,0.0,0.0,0.0,0.0,0.0,0.0,0.0,0.0,0.0,0.0,0.0,0.0,0.0,0.0,0.0,0.0,0.0,0.0,0.0,0.0,0.0,0.0,0.0,0.0,0.0,0.0,0.0,0.0,0.0,0.0,0.0,0.0,0.0,0.0
ENSG00000107872.12,0.0,0.04020440063295296,0.0,0.003300094564064854,0.0,0.0,0.012835330516084958,0.02471152995097263,0.0013192520096725682,0.03969944751983444,0.0,0.011487188168774799,0.03403900581864017,0.0,0.0,0.0,0.0,0.0,0.0006146062764190788,0.0,0.022290858452574024,0.0,0.009182134250547869,0.011487188168774799,0.0,0.0,0.0,0.0,0.0,0.0,0.0,0.0,0.012191833902028298,0.011487188168774799,0.0,0.0,0.012815423530013442,0.0,0.0,0.0,0.004325306302843546,0.0,0.0,0.007897185408707645,0.0,0.008396606418260719,0.010296456259358128,0.0,0.03403900581864017,0.0,0.0010672761639472853,0.0,0.025118983647308822,0.0,0.006481604543871325,0.0,0.0,0.0,0.0,0.0,0.011487188168774799,0.008901559531379243,0.007002800572898739,0.0,0.028456253266886805,0.0,0.0,0.0032298244784559234,0.011867216083321603,0.0,0.0,0.0,0.015793810809829497,0.0,0.04972316346516912,0.0,0.0,0.0,0.0,0.00010965316330054792,0.02749863026624008,0.004372947894699684,0.0,0.0,0.01644881482747718,0.0,0.028456253266886805,0.0,0.026217453179081918,0.0,0.0,0.0,0.0,0.019515686454478348,0.005770094864494819,0.010296456259358128,0.02471152995097263,0.0,0.0,0.0,0.0,0.0,0.001144685095495035,0.0,0.0,0.001144685095495035,0.04073447945202893,0.0,0.028986332085962775,0.00362066056959005,0.0,0.0,0.029853400236681947,0.0,0.00825190102935144,0.005752624641953578,0.0,0.0,0.00187239047562451,0.0,0.0114182765602183,0.0,0.012522220100969286,0.021910800142414887,0.0,0.0004973669991430729,0.04558090405072057,0.0,0.0,0.0,0.0,0.0,0.0,0.0,0.00421063058198512,0.0,0.0,0.0,0.0,0.00484262090932789,0.0,0.0,0.009856995987869488,0.0,0.0,0.00941484579545342,0.0,0.023505170791901633,0.0,0.0,0.0,0.006322674728640357,0.0,0.01841301655840726,0.0,0.012603113731488529,0.0,0.0,0.007338028717214173,0.0,0.0,0.0,0.01642684519568282,0.031087478313608304,0.0,0.0,0.00680794989813821,0.0,0.0,0.0,0.0,0.0,0.0,0.0,0.004576749877479511,0.0,0.0,0.004488104257826732,0.0,0.04420601243676893,0.0,0.013881077435110467,0.0,0.0,0.0,0.0,0.0,0.0,0.0,0.0,0.02468474771890969,0.0,0.008925281467169699,0.0,0.0029930981826514075,0.0,0.0,0.033068004190812794,0.0,0.0
ENSG00000105397.14,0.019758557852240705,0.0391402223650708,0.02146649955521663,0.038236881890119756,0.012426905439599727,0.0,0.0,0.0,0.027391225818623313,0.006655966181009363,0.01663549153771226,0.0,0.008040523444150991,0.008959674753520615,0.0,0.018091181018643786,0.0187942340643592,0.0,0.031172299172399165,0.0,0.0,0.03029574760059047,0.014560704934429403,0.0,0.02469852937599492,0.01663549153771226,0.002631082624915383,0.01663549153771226,0.012032421201184348,0.04543732174844044,0.0,0.02469852937599492,0.0,0.0,0.04608795284695024,0.0,0.021168818200676037,0.01663549153771226,0.028302470580377513,0.016503207691468826,0.01517417582385247,0.0,0.017767721319656326,0.01657761927460363,0.02517433001179617,0.0,0.01377680519076233,0.0023872704537723603,0.008040523444150991,0.0,0.0,0.012583508231214059,0.02521697393495608,0.00018034361185326198,0.009999755458506208,0.031560858658218276,0.013386816905826434,0.0,0.013467977388508596,0.0,0.0,0.02658791714401093,0.03434470163649849,0.008841808458060527,0.01220909867839702,0.02378028616248546,0.0,0.0,0.0,0.002444661768822895,0.01710444427593894,0.015491358627128915,0.0,0.005821695368039198,0.007813840380610181,0.026488450111573903,0.015409947898310423,0.0032118322551741817,0.0,0.0,0.016659447152732484,0.0,0.024465518927396124,0.019734317511983304,0.000708012693793017,0.02843417179708916,0.01220909867839702,0.047975614811190365,0.0,0.02378028616248546,0.014766534721467203,0.028475579108251048,0.0,0.017140785775326767,0.0,0.01377680519076233,0.0,0.0424020914454802,0.004559328746510036,0.0,0.03599232362726729,0.01622216307645348,0.00223818511542756,0.0,0.010795711897651158,0.00223818511542756,0.010206108308099203,0.012510265334017744,0.0,0.018955249177628322,0.011363563179658732,0.002444661768822895,0.01700128929679585,0.010560433440866338,0.016426975042956482,0.025125956988868624,0.003952738551794149,0.005994803895912736,0.010958168067519584,0.024599528130938395,0.016376627582277207,0.028475579108251048,0.0,0.019790385036834668,0.034864275192804564,0.00666764918562586,0.01980369039641173,0.022820656357207016,0.0,0.011570433132355028,0.021024942438158275,0.020743933391855037,0.010754110184458147,0.02289389925440333,0.0,0.0,0.044619147106850526,0.006669044474927437,0.011072516831859607,0.03370769542407638,0.0,0.011590864084125983,0.011021461466435147,0.029804078592245452,0.0,0.0,0.0,0.0029619482914017524,0.0,0.009430189874593466,0.008103124335028557,0.007423335180245801,0.0,0.0,0.011590864084125983,0.015141082309495114,0.00850130638187127,0.0,0.003629448456521439,0.010659120869842865,0.0,0.0,0.003680639925300336,0.00215863961678937,0.006668218641683786,0.017454369359297478,0.032563562513493044,0.0,0.0,0.012941473648104655,0.00795965405198825,0.01692473075923393,0.03542224886044297,0.005956010998425208,0.0,0.020148390866349578,0.03254313156172209,0.011449839752093911,0.012941473648104655,0.05460267881848557,0.04785972759450232,0.026256804699419538,0.007279384708645219,0.0,0.01363292942824457,0.013562851795738518,0.0,0.013808271272936448,0.028519245647494015,0.0,0.01146113310929758,0.0,0.02386028860878532,0.0,0.02878651278123692,0.0,0.0,0.02690844124956386,0.028519245647494015,0.0
ENSG00000105372.8,0.0,0.025241921224025445,0.0,0.0,0.0,0.00737616975009415,0.004632350507421709,0.025718705944892388,0.0,0.030636481587742757,0.0,0.023092105574132406,0.024908012140853725,0.0,0.0034771239633046083,0.0,0.0,0.005375350185822969,0.0,0.0,0.03359756625730361,0.0,0.012895350894676326,0.023092105574132406,0.0,0.0,0.0,0.0,0.0,0.0,0.010352326238738881,0.0,0.0,0.023092105574132406,0.0,0.0,0.0,0.0,0.0,0.0,0.0,0.0,0.0,0.01500026593407533,0.0,0.0,7.693371230512586e-05,0.011965576390348981,0.024908012140853725,0.0,0.008689554116449887,0.0,0.03146878925076032,0.0,0.0064587374558675754,0.0,0.0,0.0,0.0,0.00308446588910969,0.023092105574132406,0.0,0.010816274666989707,0.0,0.03393147534047533,0.0,0.0,0.0,0.014239423184063092,0.0,0.010755007293717294,0.0,0.018104463860801744,0.0,0.04143464176893065,0.012620976871870644,0.0007851894993698948,0.0,0.0,0.0015778342327248153,0.026819755456750263,0.013995038231792559,0.0,0.0,0.02008194397543679,0.0,0.03393147534047533,0.0,0.03746260693404226,0.0,0.0,0.0,0.0,0.0009816510114266305,0.0073063036796138445,7.693371230512586e-05,0.025718705944892388,0.0,0.0,0.0,0.0,0.0,0.0,0.0,0.0,0.0,0.023761279312308488,0.0,0.032450833428758374,0.015718740939014788,0.0,0.0,0.02724274078829663,0.0,0.0,0.0,0.0,0.0,0.0021051222336910605,0.0,0.006688734552178707,0.0,0.016216903298698137,0.025399880560891944,0.0,0.007523804667182225,0.03589659558897224,0.0,0.0,0.0,0.0,0.0,0.0,0.0,0.024833227235993002,0.0,0.0,0.0,0.0,0.0,0.0037593506302846663,0.0,0.0,0.0,0.011945164452534667,0.013235946525246508,0.003240765510530163,0.024763361165512705,0.0,0.0,0.0,0.012515613819231993,0.0,0.013465556974198743,0.0,0.0296300935953199,0.010849167446140666,0.0,0.0,0.003622981645398586,0.0,0.0,0.024668382434413168,0.0423851378227226,0.0,0.0,0.0,0.0,0.0,0.0,0.0,0.0,0.0,0.0,0.01496272533819257,0.0,0.0,0.0,0.0,0.026483154587405404,0.00175382796840709,0.021935043573465277,0.001161304630694214,0.0,0.0,0.0,0.0,0.0,0.0,0.0,0.032440504256636485,0.0,0.0,0.0,0.0,0.0,0.0,0.020057773184459234,0.0,0.0
ENSG00000187608.10,0.0,0.04256460258618349,0.007977553697070105,0.03647329840502406,0.0022507125486857134,0.0,0.012749045726959052,0.02574106032510994,0.026824228070835086,0.037783619361223826,0.0,0.01108409491405369,0.04012801123437035,0.003352255567383309,0.0,0.01134090288586247,0.013452758900615938,0.009093096722048544,0.02057732534715016,0.0,0.02580460711391689,0.0,0.02204185415358867,0.01108409491405369,0.012323500486521758,0.0,0.0,0.0,0.0,0.013185700359715002,0.0,0.012323500486521758,0.01733099763773862,0.01108409491405369,0.017468708246614617,0.0,0.038648099871034236,0.0,0.0015070966316064575,0.002056050538102032,0.002987007994942569,0.0,0.0,0.012089531335340409,0.0,0.02068304806779769,0.02974084670069224,0.0,0.04012801123437035,0.0,0.024324695750580785,0.003255516954064265,0.011650297726168986,0.0,0.023504128876570246,0.0,0.004615713732142004,0.0,0.0,0.003751971730200556,0.01108409491405369,0.02546403129275735,0.0054843111890343355,0.0,0.028241198465730033,0.011670072176808169,0.0,0.002138704467447683,0.01225223771200543,0.0020571271584533327,0.0072566744748963075,0.0057839120395413515,0.01437353120136781,0.0,0.038705200313547655,0.0,0.0026612496644030682,0.0,0.0022576947404249724,0.0157963421221905,0.01971284483733975,0.010101687925023098,0.005847603097125731,0.0011897422800518677,0.0068567218067627535,0.0,0.028241198465730033,0.010564895264501016,0.02792590060327927,0.011670072176808169,0.0068354019816235685,0.01856021831064375,0.016777639358316526,0.022775711626815413,0.013451950249043977,0.02974084670069224,0.02574106032510994,0.007039573032433567,0.0052069854334364195,0.0,0.016394015354523755,0.011680257076371103,0.009447675525537182,0.0,0.001385128414366419,0.009447675525537182,0.03143495276457051,0.0,0.01711154864411706,0.0,0.007688248895988993,0.0020571271584533327,0.03159146078975092,0.008849900499408321,0.005108301484304953,0.014413500322756876,0.0,0.0,0.00364008774836648,0.0,0.035297837547013364,0.01856021831064375,0.004735428317400373,0.03433818024257826,0.013625464503513762,0.0211368040762073,0.03890684638289968,0.0,0.006155557051263159,0.0,0.017548916208318634,0.010990006277409627,0.02701719408229585,0.010713514226695062,0.007701106971733523,0.0,0.0037695651583758497,0.0,0.0,0.03205817534393235,0.005617809763826094,0.0,0.03561969073220271,0.009487954605041642,0.0038079237441387484,0.017342168756869038,0.0,0.02303310229516154,0.0,0.005873118496484926,0.01163827920457089,0.0,0.012767932983358973,0.04001907702246671,0.0,0.011610554317057334,0.0,0.009417670659338098,0.026712437561860716,0.0,0.0032255120878651837,0.012767932983358973,0.019681907325078653,0.0216729055170838,0.0,0.003921650017112782,0.037842087383473694,0.010214063990865399,0.0,0.0,0.003596360862021454,0.0010152335335130505,0.008101240682781456,0.0,0.018357627448941538,0.0,0.017866154595614525,0.027649376205242354,0.0,0.03828163613075754,0.011192507949246443,0.016022164955716293,0.0,0.00470538587218821,0.008641663037976643,0.015144385312229357,0.0,0.0,0.0,0.012767932983358973,0.030742677155579483,0.0,0.024613459552547737,0.0014099250338884886,0.0316053695593517,0.012767932983358973,0.012767932983358973,0.039523461395830385,0.0,0.0
ENSG00000187688.15,0.005767604912978473,0.03943313582254925,0.004584798717726886,0.02483807820668369,0.0,0.003208178649634002,0.017167883683949548,0.029780338458647942,0.023815411378045562,0.04190031035653852,0.0,0.01617231863807173,0.044487671661254405,0.00814842703354788,0.0,0.009837732940047476,0.00959106063911274,0.015117710669524248,0.018905761895094006,0.0,0.0294185354280087,0.0029062300209402453,0.0101285641918374,0.01617231863807173,0.008845740511572251,0.0,0.0,0.0,0.0,0.011162867233210687,0.0,0.008845740511572251,0.021081968121023285,0.01617231863807173,0.01689827598578319,0.0,0.03531158289838643,0.0,0.0,0.007140132168244932,0.00917608876286797,0.0,0.0,0.01795091182340753,0.0,0.024781420278972753,0.03510714018812117,0.002765526971005239,0.044487671661254405,0.0,0.020242446665140728,0.0005063202762487472,0.018933662303258388,0.0,0.0282111910313447,0.0,0.002007485909310807,0.0,0.003315937858754694,0.00922843679358265,0.01617231863807173,0.022314245744983495,0.014369457700466798,0.0,0.02436399958930355,0.018701319184828754,0.0,0.0072314088742684475,0.017288601892429256,0.008292952798000568,0.0038798065599567194,0.012792894443137671,0.01962974321491453,0.0,0.04274447844708566,0.0005286731913036677,0.009330028873636605,0.0,0.008610283115076327,0.02137293642908326,0.025494489353246087,0.015625970911011918,0.005046481564968529,0.0,0.012023550361601982,0.0,0.02436399958930355,0.01032571990914842,0.031759676750493966,0.018701319184828754,0.005000330922841464,0.015741689668348727,0.021539169587937536,0.02796809349983711,0.018785575124367373,0.03510714018812117,0.029780338458647942,0.007338672923720445,0.0,0.0,0.0,0.016715019511003834,0.014883026830128248,0.0029734948102380053,0.008322199780140548,0.014883026830128248,0.035410400757583504,0.0,0.020341264524337804,0.00426643927991641,0.013117646599315837,0.008292952798000568,0.027523603802659006,0.0,0.011517230085353243,0.012541768533150522,0.0,0.0018030431990455516,0.01052286345549755,0.0,0.032151978685030974,0.015741689668348727,0.009682409039116716,0.02306738102996094,0.0,0.009768471413048554,0.045050166812479045,0.0,0.0,0.0,0.01628106705255331,0.001327613697597603,0.016085372458417624,0.009773639498105387,0.013782307634927025,0.00092592685561,0.0,0.0,0.0,0.022205189335802095,0.011124534309980061,0.006842362228387248,0.03268688805584574,0.0,0.007929998650842422,0.02271318941642155,0.0,0.029359704109660403,0.0,0.0,0.018867081783293597,0.0,0.018748241586542567,0.02760179876882794,0.006842362228387248,0.0106523944435933,0.005101017735522434,0.015588637373187112,0.03248244534558048,0.0,0.0012119308193076078,0.018748241586542567,0.026803930508050862,0.027858538476598336,0.0,0.0027950438636491493,0.036505180410546234,0.0,0.0,0.0,0.0118611937769839,0.008617914371517134,0.0,0.0,0.023854099115272004,0.0002815351783995515,0.016529247622687065,0.025101861615466025,0.0,0.047863603007728156,0.020147002337887472,0.02349158986657889,0.0,0.012187414536554867,0.016076624342288057,0.005201723223183664,0.0,0.0,0.0,0.018748241586542567,0.03673780665651586,0.0,0.030988600654246332,0.007950680970606042,0.029609231253769762,0.018748241586542567,0.018748241586542567,0.047194163833123345,0.0,0.0
ENSG00000105287.12,0.016437191567867528,0.021666329849807382,0.0,0.0,0.009978750467473908,0.008316991990267322,0.010773167858057583,0.0226680983673697,0.0,0.030471103585838707,0.0,0.027147012364120968,0.023760227680334565,0.01241920867695473,0.006169518175730297,0.0,0.0,0.006050257515189013,0.004853322115415792,0.0,0.02229174353818846,0.003199047152807853,0.022208668141086386,0.027147012364120968,0.0,0.0,0.0,0.0,0.0,0.0,0.012233002136212333,0.0,0.015404883641052192,0.027147012364120968,0.00484837807774198,0.0,0.0037332719067076983,0.0,0.0,0.0,0.012886823605381938,0.0,0.0,0.007925195927065379,0.0,0.010107727888961526,0.005765766290199016,0.001923530768430392,0.023760227680334565,0.005805252820823486,0.002264787764561592,0.001056572630012069,0.023650165131577795,7.873778969332001e-06,0.010569028837943722,0.0038155577180173164,0.0,0.0,0.0,0.0,0.027147012364120968,0.0013029541529302018,0.0,0.0,0.020197845707661276,0.006885816498907113,0.0,0.015769366421970635,0.028419864359072414,0.0009607902134022364,0.0017203069928232728,0.0,0.03139598691233591,0.0027846917764944856,0.041498118741223354,0.0010800458404373811,0.018719116551252205,0.008386222765594057,0.009683423721893548,0.013658095851447116,0.0315911537945468,0.016633753139726842,0.005810676998800082,0.0,0.02405965095690243,0.007517238045012975,0.020197845707661276,0.0,0.025267866091451947,0.006885816498907113,0.0,0.0,0.0,0.0,0.020368971756951258,0.005765766290199016,0.0226680983673697,0.0,0.0023936187873267387,0.0,0.007521992111672732,0.0,0.007594611890965081,0.009861346366043392,0.0,0.007594611890965081,0.02440761962535667,0.0,0.022939135483210565,0.024628952328450714,0.0,0.0009607902134022364,0.02393306432488569,0.0,0.015862946158645433,0.02441635560542202,0.0,0.0,0.01275618938301934,0.002842524391862101,0.0,0.0,0.021083528403638935,0.013018052613400409,0.0,0.02189922324348243,0.03835949800017494,0.0,0.0,0.0,0.0010097766130118709,0.0,0.009683158725760019,0.00464294281971641,0.02175911248594098,0.0,0.0016641989318144715,0.014682457896392075,0.0,0.0,0.0,0.007296490313372941,0.0,0.0,0.011967875098897837,0.03190302126903533,0.008117954252983773,0.033811092252624915,0.01248661994155998,0.0005162636405083992,0.014402910709075893,0.027496282731550935,0.009814550349043195,0.019949692602413225,0.007296490313372941,0.02407549505260012,0.0,0.006079331731818776,0.0019222207877950953,0.013524491008132696,0.0,0.009814550349043195,0.020906098164276146,0.04200285301320811,0.0,0.0,0.0,0.012168593972352947,0.003952125038592276,0.0012839381286841797,0.021343702174310558,0.017948336709974075,0.0,0.006049853607879876,0.02279466208890195,0.0,0.0,0.002272258506292396,0.0012839381286841797,0.01442586813864645,0.012716764494243499,0.026544919695738953,0.014700628379358906,0.0018735616860741863,0.003042270996503192,0.0,0.01248661994155998,0.001101185194804434,0.005723689335615182,0.009814550349043195,0.02168965086980644,0.0,0.008091915067166035,0.0,0.003984193559990516,0.009814550349043195,0.009814550349043195,0.0194056092070699,0.005723689335615182,0.00855459559865901
ENSG00000188313.13,0.0,0.009835676465436208,0.0,0.0,0.0,0.0,0.0,0.008551836868629755,0.0,0.01608909200256757,0.0,0.005600733407552693,0.019579659520400673,0.001661782065353154,0.0,0.000912966244286606,0.0,0.0,0.0,0.0,0.016752207556974354,0.0,0.003959560682631171,0.005600733407552693,0.0,0.0,0.0,0.0,0.0,0.0,0.0009044116586060559,0.0,0.008441706885576408,0.005600733407552693,0.0,0.0,0.010403570757532704,0.0,0.0,0.0,0.0,0.0,0.0,0.005240651515066339,0.0,0.0036792223584247302,0.0021799105313490413,0.0,0.019579659520400673,0.0,0.0075761187941063846,0.0,0.0,0.0,0.008219588953714142,0.0,0.0,0.0,0.0,0.0003940786858258362,0.005600733407552693,0.0,0.0,0.0,0.007008224502009896,0.0,0.0,0.0008780076129136401,0.006643332380895001,0.0,0.0011712548195081836,0.0,0.00013031388000805597,0.0,0.017093170184251084,0.0,0.0,0.0,0.0,0.002616803216157648,0.002048908924061149,0.0,0.0,0.0,0.0,0.0,0.007008224502009896,0.0,0.010239189056087408,0.0,0.0033001621798572703,0.0,0.0011310129036793473,0.0,0.0,0.0021799105313490413,0.008551836868629755,0.0,0.0,0.0,0.0,0.0,0.0,0.0,0.0,0.0,0.009398498241128077,0.0,0.00657104627770176,0.0,0.0,0.0,0.009896933431094653,0.0,0.0,0.0,0.0,0.0,0.0,0.0,0.007514861828447947,0.0,0.0,0.0,0.0,0.0055199424325489965,0.0,0.0,0.0,0.0,0.0,0.0,0.0035786112144962495,0.0,0.004621586958102376,0.0,0.0,0.0,0.0,0.0020009856925218075,0.0,0.0,0.008352490636527606,0.0,0.0,0.012543414294977462,0.0009678641824980398,0.006688422564495547,0.0,0.0,0.0,0.0,0.0005657230951525462,0.011550177784142628,0.0,0.0,0.0,0.0,0.00012883041034394277,0.0,0.0,0.0005657230951525462,0.0,0.004909868228738918,0.0,0.0,0.0005660086346520807,0.005862824507938225,0.0,0.0,0.0,0.0,0.0,0.0,0.004426139448466607,0.0,0.0,0.0010691553002933132,0.0,0.0,0.0,0.0,0.0,0.0,0.0,0.0,0.0,0.0,0.0,0.0005657230951525462,0.004640014845815596,0.0,0.0,0.0,0.006605687057017175,0.0005657230951525462,0.0005657230951525462,0.01012932405457731,0.0,0.0
ENSG00000104774.13,0.0327767896603164,0.029972743071298283,0.0,0.02095493894014421,0.019923091557887494,0.0035869084143529684,0.0,0.010283428122686417,0.011819921959626162,0.02728367710657788,0.01487420405177363,0.02193166680750941,0.029182640990450846,0.017905744564660243,0.003619733639525823,0.017381991381203072,0.004065509962890311,0.015796342333084943,0.02843766600878934,0.00826319564188912,0.01224030324584812,0.024676357895153773,0.02868299160674027,0.02193166680750941,0.01131715287429386,0.01487420405177363,0.01505989674491755,0.01487420405177363,0.004784899974891555,0.011699678674371605,0.008944114218938006,0.01131715287429386,0.005313922758346232,0.02193166680750941,0.025785899107595545,0.001014275657121682,0.023479206272998803,0.01487420405177363,0.009353847751576282,0.0036862321302390186,0.015057282469028328,0.0,0.0,0.011529366311560825,0.011688805306582367,0.008029092852780865,0.016950048671068856,0.0009779637359663765,0.029182640990450846,0.0,0.006536868528396078,0.010903851510645178,0.02142653498277116,0.0013108538072783352,0.025060138265592717,0.015025434503011106,0.012005614652770079,0.0,0.0032737138710990446,0.0003013207670024831,0.02193166680750941,0.010718158817501265,0.012324053506085085,0.008221555197162677,0.013030405326695558,0.0219085084068594,0.0,0.013546994188333255,0.0234758919918338,0.010800837630252327,0.002872342506162518,0.015585737605143882,0.025194145569460952,0.011623241522646426,0.028628186515842858,0.01717862277487795,0.026314493793262037,0.0016595238142806112,0.008359675456999591,0.02574860004406894,0.032242136842368416,0.01911673233432522,0.019139643711868114,0.0,0.01832553980572437,0.0005160920607638828,0.013030405326695558,0.01827480356986428,0.013958556823475271,0.0219085084068594,0.02231087092785898,0.0032070632797699984,0.0011094740685910348,0.011069089922891039,0.023849636160195975,0.016950048671068856,0.010283428122686417,0.011287160415231631,0.012219675815000136,0.0,0.011281569113556971,0.013400853952220081,0.02042421946465675,0.008214785545924783,0.009608617605059495,0.02042421946465675,0.021959296527165693,0.008244306539134515,0.005016958782562971,0.0316750265181915,0.0072768309893902,0.010800837630252327,0.0177633091525663,0.00515477508063035,0.016775536046655475,0.01928805576495274,0.019059908398731777,0.005476457050840142,0.011245611548018189,0.009216770613442456,0.018746302447128053,0.0032070632797699984,0.016607286228097227,0.01454500321118083,0.003965157070074714,0.0253048159798196,0.024972559992429828,0.012385332485015974,0.0,0.022698165259280936,0.022481544332611993,0.012795923276407904,0.030665974400703525,0.015044877456526641,0.011347667999760253,0.0,0.015504624330422701,0.014756123976481895,0.026637589566884355,0.018295839985653845,0.0,0.02953583807857369,0.017523084596821455,0.013634506198041879,0.0002627149609396792,0.014744838015086192,0.0,0.03161039574560326,0.0012048703871008308,0.022284076397086374,0.018561597215659604,0.02381994095814119,0.01979247836789159,0.016403011825152115,0.02953583807857369,0.025485407105612843,0.0024691175647581914,0.015059574542020844,0.01099392699489151,0.015124340384444681,0.005539206588009264,0.01979247836789159,0.024373308129053892,0.03050863260347836,0.0014796773867262053,0.020968252092731423,0.019007373539024097,0.00853554720670844,0.021525750118060183,0.01920092269079901,0.03450547995843731,0.023244308208103283,0.01693152891972887,0.016968524985584228,0.014092425250962617,0.01872023621897643,0.012169700719731343,0.008535869859179767,0.01920092269079901,0.020715326608910123,0.020794614243227132,0.038595563797352204,0.010622161254241952,0.008976876508294325,0.015952386730682055,0.0255795210676599,0.0012048703871008308,0.0007963535357276529,0.02047834999336235,0.01979247836789159,0.028904200235690916,0.008475909590982617,0.023876783632061995,0.007942298770168547,0.027117463133547962,0.01979247836789159,0.01979247836789159,0.022508065076735046,0.02047834999336235,0.011906794283653346
ENSG00000105426.16,0.026042389673002424,0.01654172192838347,0.0,0.024622298574364987,0.0052748770667872605,0.0,0.0,0.0,0.007350430975258775,0.01625276822686068,0.008927993196952418,0.018194044516102195,0.017559602344238954,0.04064619961906486,0.0,0.0009254175766637389,0.0,0.008955957995161561,0.021109745687470375,0.010571186361851226,0.001087079309362627,0.015887983122093843,0.022535562463865275,0.018194044516102195,0.015635143604847995,0.008927993196952418,0.007798393825431783,0.008927993196952418,0.0,0.03331158154786448,0.0037882757992901625,0.015635143604847995,0.004434729803890595,0.018194044516102195,0.01840376780675941,0.0,0.00954959545463983,0.008927993196952418,0.003514853723027178,0.028301207475412236,0.011524860612626298,0.0034576444415899688,0.0,0.01634363119278713,0.0014822144052818106,0.006303262925571464,0.022973873673368596,0.003637712365548048,0.017559602344238954,0.016090046256185653,0.0,0.005462617255573614,0.015789978787101772,0.03262006699580672,0.030235103987057435,0.0246116726250248,0.006220831603738139,0.0,0.006598687833977081,0.0,0.018194044516102195,0.0065922166270942495,0.01440531474471193,0.0,6.91988935071497e-05,0.03453402390619914,0.0,0.0017831947279708694,0.019959655827228077,0.02436653019339636,0.005864982515146042,0.01989651076930153,0.02114212823579794,0.01478605025433493,0.01788093859408931,0.009406116322859738,0.03763096636736036,0.017018362352621514,0.010719999538545435,0.020820791985947586,0.027812918459691225,0.013967142894660285,0.021204639531782105,0.01137072945929974,0.0146550965537426,0.029293967136424813,6.91988935071497e-05,0.020185464470824317,0.0022695517179324894,0.03453402390619914,0.007163951653568545,0.008373913291159156,0.007259564986656794,0.018076742075758673,0.019513957868569305,0.022973873673368596,0.0,0.011609061906429324,0.006822088455047219,0.0,0.013349785717996328,0.02803593950767638,0.016099371615018124,0.0051736635540508315,0.004076431942428682,0.016099371615018124,0.011531347855931219,0.0009990690383616108,0.0,0.0252841753248379,0.020575824829213895,0.02436653019339636,0.005616013867416166,0.01819171977365267,0.01270733302119616,0.030986722303846206,0.013022008710951057,0.019645109822466908,0.0049431459970723235,0.04699102603283688,0.004002780480730814,0.008373913291159156,0.013472624145172737,0.0164061643418454,0.021834372730894835,0.016884329411935333,0.0291977295134802,0.010730678637549527,0.0,0.031038330939728197,0.013430185311377657,0.012098158351083143,0.021276688192906606,0.01519422685476153,0.0033710705201529106,0.0,0.03981056523445436,0.012983457220437016,0.015765961881235822,0.009336169797379022,0.0,0.020231362418590575,0.0018700350785471158,0.013865375294205208,0.004776186458710127,0.01864318289542989,0.0,0.024854778454527958,0.02145888414089068,0.030318045402918346,0.02970735077935501,0.01629778083136691,0.013141231609854875,0.0,0.020231362418590575,0.006813054091709354,0.0,0.007594416635945848,0.015294313297275881,0.013580096469127757,0.0,0.013141231609854875,0.014858477585422806,0.02409656410636344,0.008494133478421338,0.02895857420344474,0.020304687369728125,0.0,0.013583156100046893,0.01753000342461971,0.02541155998326764,0.02417455244979453,0.006258806893311951,0.023136702971707102,0.016259027038079254,0.008208422746001129,0.03111165589086575,0.001838859251368244,0.01753000342461971,0.021437433706493807,0.04675675194734023,0.047697773810149224,0.03975610495232812,0.001118291937265422,0.026854463530106426,0.0046056154529597534,0.02145888414089068,0.01822855044815437,0.04530869537838157,0.013141231609854875,0.030590808603409656,0.0,0.0352452932153159,0.020206257211562748,0.02756591768341697,0.013141231609854875,0.013141231609854875,0.015268272270837428,0.04530869537838157,0.010593840267704768
ENSG00000188404.10,0.0065857811535914405,0.0,0.0,0.0,0.0,0.0,0.0,0.0,0.0,0.0,0.0,0.0008371336372699906,0.0,0.0,0.0,0.0,0.0,0.0,0.0,0.0,0.0,0.0009008783685794941,0.0024791299136073634,0.0008371336372699906,0.0,0.0,0.0,0.0,0.0,0.0,0.0,0.0,0.0,0.0008371336372699906,0.0,0.0,0.0,0.0,0.0,0.0,0.0,0.0,0.0,0.0,0.0,0.0,0.0,0.01174857951996048,0.0,0.00011652865369697271,0.0,0.0,0.0036417990075179804,0.011031716492128522,0.0,0.0008033684722122056,0.0,0.0,0.0,0.0,0.0008371336372699906,0.0,0.016243428472280226,0.0,0.0,0.005803336824506053,0.0,0.0,0.0,0.00175768804835481,0.0,0.0,0.0,0.0,0.0,0.00025016194418239074,0.009242433203860943,0.0002478163888630508,8.183319069239581e-05,0.0,0.0034870393116208376,0.0,0.013737994935165886,0.0,0.0,0.0049625518709337894,0.0,0.0,0.0,0.005803336824506053,0.0,0.0,0.0,0.0,0.0,0.0,0.0,0.0,0.0,0.0,0.0,0.0,0.0,0.0,0.0,0.0,0.0,0.0,0.0,0.005244324651739234,0.0,0.00175768804835481,0.0,0.0,0.0,0.0035873722061865107,0.0,0.0,0.0,0.02149383581038458,0.0,0.0,0.0,0.0,0.0,0.0,0.0,0.0,0.0,0.0,0.0,0.0,0.0,0.0,0.0,0.0,0.0,0.004926668951833434,0.0,0.0,0.0,0.0,0.0,0.0,0.0,0.0,0.0,0.0,0.0,0.0,0.006240981571177855,0.0,0.0,0.0,0.0,0.0,0.0,0.0,0.0,0.004240011836021351,0.0,0.0,0.0,0.0,0.0,0.0,0.0,0.0,0.0,0.0,0.0,0.0,0.0,0.0,0.0,0.0,0.0,0.0,0.0,0.011718610158435894,0.01133800343683257,0.0,0.007034770999162634,0.0,0.0,0.0,0.0,0.0,0.013666366874234611,0.0,0.0,0.0,0.0,0.0,0.0,0.0,0.0,0.0005457311248276212,0.013666366874234611,0.0
ENSG00000103811.16,0.01698451311398284,0.029571383848154505,0.0,0.04081437988112237,0.0,0.0,0.0,0.0,0.019937081334153846,0.015568613833645701,0.024096672227463565,0.00010495596988690375,0.017325706321624793,0.0,0.0,0.006201874733324023,0.0,0.0,0.017639496532552743,0.0,0.0,0.02035688668358483,0.02092755811164422,0.00010495596988690375,0.002015271631166035,0.024096672227463565,0.004504095105101476,0.024096672227463565,0.000418080717318043,0.023058205001275284,0.0,0.002015271631166035,0.002402540771488,0.00010495596988690375,0.03211820932707736,0.0,0.013886275943776269,0.024096672227463565,0.014823217006316364,0.011714963075100792,0.018262647384164884,0.0,0.0,0.003655227473544239,0.0,0.004914860788225988,0.02460541791913009,0.0014955752424381935,0.017325706321624793,0.0,0.0,0.0,0.020181887975286163,0.0,0.00530749393741823,0.0035488335576277716,0.0003445042117917567,0.0,0.010547585461285511,0.0,0.00010495596988690375,0.01891763080273478,0.03176556327977097,0.00034850824183547957,0.005007425493606301,0.02835863850790656,0.0,0.0,0.0010814426672059382,0.008404118098811263,0.0,0.020511004122711677,0.002671325697279313,0.004573667580584039,0.016360305500860158,0.01586585821819765,0.004692932646606418,0.007531875638988526,0.0,0.003636726518043948,0.01932183442242217,0.0,0.0332077640220486,0.0,0.004354367088294585,0.0,0.005007425493606301,0.03451377413722047,0.0,0.02835863850790656,0.02172484545683936,0.021313195612877894,0.0010609100960009624,0.027028695000279792,0.0018796340300648619,0.02460541791913009,0.0,0.021890827387459996,0.0015312456278561738,0.0,0.005354174935841144,0.011358299327795796,0.006296254606378254,0.0,0.0071563081592422514,0.006296254606378254,0.01822814192198001,0.003061894362823836,0.0,0.01596506258256378,0.008585416071615549,0.008404118098811263,0.008597412907640139,0.009676113191500954,0.01985253041423826,0.023354348936207997,0.002201840809959839,0.01106364618714557,0.007922383280635069,0.0011883835354781491,0.010296288529742431,0.021313195612877894,0.00276448405822121,0.02610312675559162,0.00905140019908672,0.006052671576793629,0.03157619866439613,0.01614644571887685,0.0,0.0,0.01003777826580151,0.02207055302979069,0.010560928822269715,0.012409605036425714,0.0,0.0,0.013487777181351301,0.0006591299855670876,0.015216819690530285,0.03193260968330523,0.0,0.011895114863969596,0.006284557677025029,0.029118247817952712,0.0,0.0,0.0,0.009060588067336627,0.0,0.0,0.015585072136083032,0.0066062518278334585,0.0,0.001043497351220224,0.011895114863969596,0.004836085433591812,0.0,0.0,0.017003699652378853,0.0,0.0,0.0,0.003136944540120201,0.008041137535917571,0.0,0.0,0.028346941578553345,0.0,0.0,0.01758864646115449,0.008454980984975234,0.007441007915776517,0.027838195886886817,0.0,0.0,0.012755168416833593,0.013816409177608784,0.007577199747884497,0.01758864646115449,0.05929432196816371,0.02252715597962735,0.016996896092225364,3.508920371941837e-05,0.0,0.020756920241155323,0.005895281257217479,0.0,0.0,0.015059184484965071,0.0,0.009653688089415063,0.0,0.021051573381805546,0.0026624482313276875,0.009049017596841478,0.0,0.0,0.031270311230541796,0.015059184484965071,0.0
ENSG00000103496.15,0.01086840983667197,0.020752653878082915,0.0,0.0,0.010473332351776173,0.022166927875469367,0.009544105416221322,0.030459587943635267,0.0,0.03472717482319626,0.0,0.028019263019049542,0.028024898727160803,0.006187194936170939,0.011797763235912652,0.001233559871390219,0.0,0.015822974026951216,0.0005731112499833511,0.010160041952835912,0.039486610974315814,0.0,0.017195752521741794,0.028019263019049542,0.0,0.0,0.0,0.0,0.0,0.0,0.02633975972289809,0.0,0.005284859601708079,0.028019263019049542,0.0,0.005896339040050515,0.0069227008066127735,0.0,0.0,0.0,0.0,0.0,0.0,0.015487505010444668,0.0,0.0,0.0,0.011012379082569159,0.028024898727160803,0.02197500106310054,0.018384413053767784,0.0,0.019558677539528408,0.004473920940678326,0.019021553135775027,0.0,0.0,0.0,0.0,0.014469724701527367,0.028019263019049542,0.0,0.0,0.0,0.032214366125237925,0.0,0.0,0.0038353502909359224,0.019850752572492608,0.0,0.017951187472742422,0.0,0.022834656555151336,0.0,0.03631192308721544,0.01115566296251513,0.010812535041970672,0.0,0.009467748762210524,0.014547632195096704,0.028377585266566842,0.026367666689769025,0.0,0.0,0.016461170514722838,0.0,0.032214366125237925,0.0,0.04247051495697454,0.0,0.0,0.0,0.0032409243903671094,0.0,0.02124990829113216,0.0,0.030459587943635267,0.0,0.0,0.0,0.0010680238578090057,0.0,5.635708111264431e-06,0.006349589556629422,0.0,5.635708111264431e-06,0.02018517833621082,0.0,0.03164689058336584,0.019055181058916727,0.00235739404229654,0.0,0.027096607726601073,0.0,0.0,0.008313614129217967,0.0,0.0,0.013555532454742602,0.0,0.012040459205249633,0.0,0.013477266532064094,0.024842949906909738,0.0,0.021506359384844964,0.02314769075190297,0.0,0.0,0.0,0.0,0.0,0.0,0.0,0.03564419440753347,0.0,0.0,0.012138115960415214,0.0,0.0,0.004890900949763466,0.0,0.0,0.0,0.02899313454860948,0.027060334755708546,0.025796180664825093,0.03472717482319626,0.0,0.004316242571214435,0.00525084296716493,0.017565050224596177,0.006355225264740687,0.025985667002956944,0.0,0.033469677759463246,0.01351696993411735,0.011472983663377543,0.0,0.018205583153916415,0.0038424165667823515,0.006355225264740687,0.030717657053342694,0.04291394604544102,0.0,0.003204214816935079,0.0,0.014809356089942195,0.0,0.0,0.010466905441071844,0.006707911804146725,0.0,0.017676766856014887,0.03533174864990182,0.0,0.0,0.0006071278845265031,0.0,0.0031192691449201185,0.0010300254727866054,0.027566646605537086,0.009719128199731988,0.0,0.0,0.007581478044313229,0.0,0.0,0.0,0.006355225264740687,0.039033994560803364,0.0,0.0,0.0,0.011396621747291103,0.006355225264740687,0.006355225264740687,0.01285640144349294,0.0,0.0
ENSG00000103479.16,0.007120251662485925,0.02620482363529561,0.0,0.0,0.0,0.013012022677519223,0.011696500712230037,0.03193161070164729,0.0,0.0381006670523651,0.0,0.029887468522932815,0.032850295944467,0.0,0.00839993466460729,0.0,0.0,0.013490119222667157,0.0,0.0,0.03921346415460415,0.0,0.022169629952895856,0.029887468522932815,0.0,0.0,0.0,0.0,0.0,0.0,0.015388134093707057,0.0,0.0032429183745825083,0.029887468522932815,0.0,0.0,0.0,0.0,0.0,0.0,0.0,0.0,0.0,0.002710907716501513,0.0,3.401663454314502e-05,0.0,0.0008863701797928863,0.032850295944467,0.0002692586295937136,0.006286234497832027,0.0,0.02159850276362796,0.0,0.013519439388813045,0.0,0.0,0.0,0.0,0.0,0.029887468522932815,0.0,0.0,0.0,0.03256799184543276,0.0,0.0,0.0,0.020993297487613517,0.0,0.008510341560924027,0.0,0.025290939430971996,0.0,0.048807056547060884,0.0024493536127631957,0.009415303295831595,0.0,0.008693425581545709,0.009334178828378115,0.03561593617597886,0.021425814691561303,0.0,0.0,0.027196911037191532,0.0,0.03256799184543276,0.0,0.04351110609796263,0.0,0.0,0.0,0.0,0.0,0.014584549936276212,0.0,0.03193161070164729,0.0,0.0,0.0,0.0,0.0,0.0023459793992783515,0.00186788285413041,0.0,0.0023459793992783515,0.03111246762326534,0.0,0.037475635833402486,0.024464639617001266,0.0,0.0,0.02572672709014768,0.0,0.002117731412009438,0.0072515930956074184,0.0,0.0,0.011005698659898502,0.0,0.006764331042979958,0.0,0.022899269093833052,0.01828698429509381,0.0,0.017879425435401965,0.037409198375143546,0.0,0.0,0.0,0.0,0.0,0.0,0.0,0.032422991082210154,0.0,0.0,0.004859080580641814,0.0,0.0,0.0020649788139143962,0.0,0.0,0.0,0.016524361442736814,0.020257552532180614,0.00902948561766509,0.03399551834096714,0.0,0.0,0.0,0.021106393460787885,0.000725561564266633,0.022593354296598603,0.0,0.030858616890856637,0.0011754180457420708,0.007566826319551724,0.0,0.0035692438073902585,0.0,0.000725561564266633,0.034942556995216825,0.05133990629548248,0.0,0.0,0.0,0.0,0.0,0.0,0.0,0.0031189591100729067,0.0,0.007669305620624633,0.02237125220038931,0.0,0.0,0.0,0.0,0.0028096644712632887,0.0,0.03248714628497646,0.00032618616754214597,0.0,0.0,0.0,0.0,0.0,0.0,0.000725561564266633,0.0418131419166478,0.0,0.0005922250287280495,0.0,3.1781367318406417e-06,0.000725561564266633,0.000725561564266633,0.012893847601130895,0.0,0.0
ENSG00000103381.12,0.010756655646205475,0.0,0.0,0.005372282555301915,0.0,0.0,0.0,0.0,0.0,0.0,0.0041295288963694304,0.0,0.0,0.0,0.0,0.0,0.0,0.0,0.0,0.0,0.0,0.0,0.005800762654143473,0.0,0.0,0.0041295288963694304,0.0,0.0041295288963694304,0.0035050986322984895,0.0002012966328207716,0.0,0.0,0.0,0.0,0.004251651316892237,0.0,0.0,0.0041295288963694304,0.0,0.0,0.0075617157281105685,0.0,0.0,0.0,0.0,0.0,0.0,0.0,0.0,0.0,0.0,0.0,0.0,0.0,0.0,0.0,0.0,0.0,0.0,0.0,0.0,0.0,0.00026982597023321106,0.0009240743484345525,0.0,0.007769770450152494,0.0,0.0,0.0,0.0,0.0,0.002852478527700396,0.0,0.0013826102548695034,0.0,0.0076581498505942855,0.0,0.004681779419163194,0.0,0.0,0.003997514617519186,0.0,0.00896244018823186,0.0,0.0,0.0,0.0,0.007360481931771044,0.0,0.007769770450152494,0.001051504187338452,0.0,0.0,0.00014361496115632144,0.0,0.0,0.0,0.0,0.0,0.0006826054037450888,0.0,0.0,0.0,0.0,0.0,0.0,0.0,0.0,0.0,0.00925095109064418,0.0,0.0,0.0,0.0,0.0006231746325294392,0.0,0.0,0.0007525921622550114,0.0,0.0,0.0,0.0,0.0,0.0,0.0,0.0,0.0,0.0,0.0,0.0,0.0,0.0,0.0,0.0,0.0,0.0,0.0,0.0070803012055962004,0.0005126465844301209,0.0,0.0,0.0,0.0,0.002299309032760967,0.0,0.0,0.0,0.0,0.0,0.0,0.00400966402976826,0.0,0.0,0.0,0.0,0.0,0.0,0.0,0.0,0.0,0.0,0.0,0.0,0.0,0.0,0.0,0.0,0.0,0.0,0.0035906712934610993,0.0,0.0,0.0,0.0,0.0,0.0,0.0,0.0,0.0035906712934610993,0.0027828326322673277,0.0,0.0,0.0005893274383112664,0.0,0.000957948220118264,0.0,0.0,0.0,0.00643783718038677,0.0,0.0,0.0,0.0,0.0,0.0,0.0,0.0,0.0,0.00643783718038677,0.0
ENSG00000189403.15,0.0,0.0,0.0,0.0,0.0,0.0012273911923915241,0.0,0.004490204354874197,0.0,0.004825263233771818,0.0,0.012520520343613388,0.0,0.0,0.005737979848611071,0.0,0.0,0.0,0.0,0.0,0.02093123838626927,0.0,0.006726347385470101,0.012520520343613388,0.0,0.0,0.0,0.0,0.0,0.0,0.012813866286529828,0.0,0.0,0.012520520343613388,0.0,0.0,0.0,0.0,0.0,0.0,0.0,0.0,0.0,0.0022900056257341324,0.0,0.0,0.0,0.0016383336912331875,0.0,0.002975839317275691,0.0,0.0,0.0068426139057636,0.0,0.0,0.0,0.0,0.0,0.0,0.0,0.012520520343613388,0.0,0.0,0.0,0.01657570025318167,0.0,0.0,0.0,0.003594153672528848,0.0,0.008046455553268762,0.0,0.0,0.0,0.015783333506096064,0.0,0.0,0.0,0.0,0.0,0.003374175027565325,0.0,0.0,0.0,0.0004555147590610542,0.0,0.01657570025318167,0.0,0.015942119239635694,0.0,0.0,0.0,0.0,0.0,0.0,0.0,0.004490204354874197,0.0,0.0,0.0,0.0,0.0,0.0,0.0,0.0,0.0,0.0,0.0,0.018680615182122325,0.008611328181074674,0.0,0.0,0.009616070416732271,0.0,0.0,0.0,0.0,0.0,0.0,0.0,0.0,0.0,0.005444633905694631,0.0,0.0,0.0032752756866826632,0.0,0.0,0.0,0.0,0.0,0.0,0.0,0.0,0.01567250655916836,0.0,0.0,0.0,0.0,0.0,0.0,0.0,0.0,0.0,0.003865655153141863,0.0030661714038024285,0.007039485831000263,0.002092079620347846,0.0,0.0,0.0,0.005078609569710249,0.0,0.0,0.0,0.007255286163378422,0.0,0.0,0.0,0.004805541453922476,0.0,0.0,0.0,0.01943646757486319,0.0,0.0,0.0,0.0,0.0,0.0,0.0,0.0,0.0,0.0,0.0,0.0,0.0,0.0,0.0,0.0,0.0,0.0,0.0,0.0,0.0,0.0,0.0,0.0,0.0,0.0,0.00034271244593622047,0.0,0.0,0.0,0.0,0.0,0.0,0.0,0.0,0.0
ENSG00000196092.14,0.04099528527112273,0.018467741761021363,0.0,0.0227598675805839,0.014453241278475254,0.0014758305381047457,0.0,0.0,0.0005008925751331661,0.0,0.01549227442714296,0.012768959689326608,0.0,0.004817108540793785,0.0036052278100509386,0.017007943502240847,0.0,0.01869140523963414,0.03617892835889948,0.0,0.0,0.045967104218504765,0.03796706219107418,0.012768959689326608,0.0,0.01549227442714296,0.030355233480896242,0.01549227442714296,0.000687094667903565,0.020270142845893867,0.007583759293675579,0.0,0.0,0.012768959689326608,0.031947690730271955,0.01574371900507565,0.003218554650767794,0.01549227442714296,0.01113261400025891,0.0,0.004938220032215425,0.00580017224938012,0.0,0.0,0.040781903822853724,0.0,0.0,0.02103180253283661,0.0,0.0,0.0,0.01498482217374545,0.0333689952021032,0.02195379583926016,0.0,0.053976341305524395,0.015363851628886448,0.0,0.015402146016215,0.0,0.012768959689326608,0.00012186311999217922,0.03767578008658149,0.009046204623501926,0.004030805030698293,0.032691115078537974,0.0,0.0,0.004979834592418377,0.01585456983214957,0.005336357975650862,0.010741492250673014,0.005570949590208204,0.021996123525297874,0.0,0.025088883969980765,0.053944370691113984,0.010562933862044772,0.01957324519248315,0.014082064175806762,0.029331251286060334,0.016207419042217428,0.042878986078986006,0.020613473461323743,0.009381543203491795,0.05962716595043685,0.004030805030698293,0.03283835643376573,0.0,0.032691115078537974,0.014610434474293943,0.001012528823485962,0.0,0.0,0.013428781071011102,0.0,0.0,0.041477541682932356,0.015917084200830343,0.014899681045184916,0.04542618671579681,0.0,0.010103532692182123,0.0,0.014141276608224992,0.010103532692182123,0.0,0.025152027488491713,0.0,0.04061625581598174,0.0,0.01585456983214957,0.0012521670594919758,0.0,0.005529335030005248,0.0454452505846715,0.021114283572448857,0.011876038348524933,0.01380688450621094,0.04884107967037535,0.0059971926219741165,0.001012528823485962,0.008790428205701969,0.013975004880747852,0.013230116439622398,0.022565478529443538,0.0,0.030016834772809448,0.0,0.02353978819631243,0.01896778950521416,0.02355355331198169,0.016089457919015462,0.019849629458063192,0.004145693383093299,0.006778879709981686,0.05347403417878873,0.03325385891773844,0.03433820081236495,0.013345780359908275,0.0,0.024718221448776577,0.0,0.016559479607165306,0.0,0.0,0.0,0.016098643915999654,0.010162738276076368,0.022700149763459552,0.018524432677138124,0.022751833857500757,0.0,0.0,0.024718221448776577,0.02077364901900346,0.021147886636353697,0.0,0.0,0.043861578394928116,0.004530852774891091,0.0,0.02164206001116619,0.01571961446085867,0.04430538749901195,0.021767887736374652,0.008594998183438325,0.004718125541544237,0.002093033444394009,0.03522004076521397,0.020254344730697316,0.03096687115115644,0.024356531240175006,0.03174863128862345,0.009876744479332285,0.028755965364819447,0.007416564930974173,0.0,0.03522004076521397,0.025763475804360274,0.03834533008445102,0.03269083094126308,0.01696696996953299,0.0009086692381643155,0.015479976224852657,0.024911886732195396,0.010162738276076368,0.03804824521716326,0.07033156510405125,0.0,0.002509095204337713,0.01249101726621555,0.0,0.0,0.005644059274631373,0.0,0.0,0.00592671188308491,0.07033156510405125,0.0
ENSG00000102978.13,0.00305527455946511,0.01873993222526215,0.0,0.0,0.0,0.005688622429486853,0.009199509747008214,0.011704010363859717,0.0,0.011235205232442359,0.0,0.006836488077392991,0.00397677375458445,0.0,0.005158595754467709,0.0,0.0,0.011270169515751705,0.0,0.0,0.012666327871034343,0.0072713992944736065,0.008897720938002795,0.006836488077392991,0.0,0.0,0.0,0.0,0.0,0.010324114667481806,0.010242771193691304,0.0,0.0,0.006836488077392991,0.0,0.005762305485997751,0.0,0.0,0.0,0.0,0.0,0.0,0.006922927580236486,0.014869132488266278,0.010677682410771914,0.0,0.0,0.026088586354036904,0.00397677375458445,0.011218382079555275,0.0,0.0,0.029972651178408534,0.005274991519512974,0.0,0.0,0.0,0.0,0.0,0.01033875354439854,0.006836488077392991,0.0,0.022943128761246552,0.0,0.02742948634171204,0.0021550269112413714,0.0,0.0,0.0,0.0,0.02551931707387643,0.0,0.0011220825569851142,0.0,0.012851876011765857,0.024593658652465607,0.0043536229229858975,0.0,0.014164213010477204,0.0,0.019676466641515754,0.013776512980376361,0.010487875045468654,0.0,0.004232986421113111,0.0006354909200778809,0.02742948634171204,0.0,0.015147001653978056,0.0021550269112413714,0.0,0.0,0.0,0.0,0.0,0.0,0.011704010363859717,0.0044324873485367955,0.0,0.019002952157222825,0.001795912913180639,0.0,0.0,0.0,0.0,0.0,0.006151029793218764,0.0,0.01484058390966865,0.011564722535170097,0.00995061561894342,0.0,0.013158385138997301,0.0,0.0,0.009552837804626891,0.0,0.0,0.01770961753703882,0.014956358395346432,0.005581547086264856,0.0,0.0017523126381693947,0.015836694530636533,0.0,0.0,0.014971588484801034,0.0,0.0,0.0,0.0,0.0,0.0,0.0,0.016892971478964895,0.001900068318065301,0.00012629959503162452,0.016005801455762504,0.0,0.0,0.0,0.0,0.0,0.0,0.0003899924901973016,0.0,0.012104175291911618,0.010709760827139658,0.0,0.0,0.0,0.004772272759428316,0.0,0.004798537410093423,0.0,0.026935025272517867,0.030096926416536565,0.0,0.0,0.015211567572928596,0.0,0.0,0.023652890241203362,0.019219208802844653,0.0,0.0,0.0,0.0,0.0,0.0,0.0,0.0,0.0,0.016137320331646755,0.008475188380109057,0.0,0.0,0.0,0.0,0.03536017865861516,0.02167280431534902,0.019316870284014253,0.0083740030712436,0.0,0.0,0.0,0.0,0.0,0.0,0.0,0.025146710077655603,0.0,0.0,0.0,0.0,0.0,0.0,0.013781843058091492,0.0,0.0
ENSG00000104518.11,0.005590393899248987,0.024386809552245405,0.0,0.0,0.018616420173437738,0.0018492556462548146,0.009429700989666435,0.02218678308838172,0.0,0.026522055482082387,0.0,0.017137376279215306,0.019463378235159094,0.0,0.00012046509488881918,0.0,6.774988059411909e-05,0.0,0.0008141302411411727,0.0,0.021686284625868458,0.011326750617742003,0.01050690117418358,0.017137376279215306,0.0,0.0,0.0,0.0,0.0,0.003173288326362742,0.006485571981100613,0.0,0.013419379273956051,0.017137376279215306,0.00870136218765745,0.0,0.008691108842155584,0.0,0.0,0.0,0.010265949116754762,0.0,0.0,0.017881204309619852,0.000674946319627303,0.0076249313884839305,0.01002796056293908,0.011832318603862385,0.019463378235159094,0.0,0.010914015232864947,0.0,0.030175881485033106,0.0,0.0005559518201825944,0.0,0.0,0.0,0.0028852051686696287,0.007174860983456266,0.017137376279215306,0.005489685458646941,0.024463243732550863,0.0,0.026609715942954765,0.002150981961924668,0.0,0.016476767637068204,0.018299482771656928,0.0,0.0031150332510943915,0.004031954828043388,0.02096090165716127,0.0,0.037474903721342205,0.01979247134049423,0.0,0.007131299606255619,0.0,0.0029493761709781553,0.018645076881067972,0.006679983163540189,0.013598973166003846,0.0,0.013433688278507857,0.0,0.026609715942954765,0.001896708898206402,0.0243477035113728,0.002150981961924668,0.0,0.0,0.003857314730883417,0.012336304355778017,0.010008053417901449,0.01002796056293908,0.02218678308838172,0.007115066125044436,0.0,0.0,0.0,0.0,0.0,0.002135245929836986,0.008115073888731499,0.0,0.020156948595870597,0.0021190681538358035,0.022379854986579958,0.013983946122014009,0.0,0.0,0.029937786197316026,0.0,0.012927368002259104,0.003047286944941198,0.0,0.0,0.011244188194623757,0.0,0.005363038587794328,0.0,0.010772269393003507,0.026462784699697428,0.0,0.010283240257949505,0.04132442783358208,0.003115463971310531,0.0,0.0,0.0,0.0,0.0,0.0009963958174747309,0.013869968069263536,0.0,0.0,0.0054866691920003735,0.0,0.003988931810836635,0.002554381046451726,0.0,0.005709690915785985,0.0,0.006856117531445653,0.013428366892636441,0.004380270263590464,0.02202876584091017,0.0,0.0,0.011329118807238983,0.01806120544256771,0.0,0.01893999694319219,0.0,0.031234710589040725,0.0034035438445712274,0.0,0.007046542636569484,0.005664073682328442,5.561870548093789e-05,0.0,0.009583220785644088,0.030422318063675194,0.0,0.0,0.011276403592944292,0.005559023878979035,0.0,0.0,0.011400418712983976,0.0,0.0,0.0,0.0049326855278065615,0.008345332691372408,0.0,0.007745133022454755,0.0,0.04323787097565769,0.0014850743501121505,0.00596391500362807,0.006609692500499628,0.011498762848573697,0.0,0.0,0.0,0.0,0.0,0.0,0.010512823350281225,0.0,0.0,0.0,0.001804394850187803,0.0,0.0,0.03199057865659896,0.0,0.0017607924098881483
ENSG00000112799.9,0.0,0.0,0.0,0.0,0.0,0.0,0.0,0.0,0.0,0.0,0.0,0.0,0.0,0.0,0.0,0.0,0.0,0.0,0.0,0.0,0.0,0.0,0.0,0.0,0.0,0.0,0.0,0.0,0.0,0.0,0.0,0.0,0.0034471251660755514,0.0,0.0,0.0,0.0,0.0,0.0,0.0,0.005692513041738324,0.0,0.0,0.0,0.0,0.0,0.0,0.004198099175312414,0.0,0.0,0.0,0.0,0.0,0.0,0.0,0.0,0.0,0.0,0.0,0.0,0.0,0.0,0.008856571159372429,0.0,0.0,0.0,0.0,0.0,0.0,0.0,0.0,0.0,0.0,0.0,0.0,0.0,0.0,0.0027002077077032047,0.0,0.0,0.0,0.0,0.008186006892460858,0.0,0.0,0.0,0.0,0.0,0.0,0.0,0.0,0.0,0.0,0.0,0.0,0.0,0.0,0.0,0.0,0.0,0.0,0.0,0.0,0.0,0.0,0.0,0.0,0.0,0.0011360743844795532,0.0,0.0,0.0,0.0,0.0,0.0,0.0,0.0,0.0,0.0,0.0,0.0,0.0,0.0,0.0,0.0,0.0,0.0,0.0,0.0,0.0,0.0,0.0,0.0,0.0,0.0,0.0,0.0,0.0,0.0,0.0,0.0,0.0,0.0,0.0,0.0,0.0,0.0,0.0,0.0,0.0,0.0,0.0,0.0,0.0,0.0,0.0,0.0,0.0,0.0,0.0,0.0,0.0,0.0,0.0,0.0,0.0,0.0,0.0,0.0,0.0,0.0,0.0,0.0,0.0,0.0,0.0,0.0,0.0,0.0,0.008875266483427874,0.0,0.0,0.0,0.0,0.0,0.0,0.0,0.0,0.0,0.0,0.0,0.0,0.0,0.0,0.0,0.0,0.0,0.0,0.0,0.0
ENSG00000105492.16,0.035017780613737094,0.02938730078314946,0.0,0.03030195606120465,0.0056904085760657065,0.0,0.0037528830428280417,0.0,0.015222045762488562,0.010757339981654488,0.02041391495282037,0.007458036551264511,0.0125946738239958,0.0,0.0,0.022284752542959613,0.0,0.020342458901776796,0.029781053692085505,0.0,0.0,0.027379384541622583,0.030613932345728064,0.007458036551264511,0.0,0.02041391495282037,0.012797136410547201,0.02041391495282037,0.0028654822118168548,0.014409839981630894,0.0,0.0,0.0,0.007458036551264511,0.036437530980722575,0.0,0.007463651550380018,0.02041391495282037,0.01426174450885246,0.0,0.019392766782468242,0.0,0.0,0.0,0.00822504953331709,0.0,0.01020682888816352,0.006017966837874641,0.0125946738239958,0.0,0.0,0.006539261318543474,0.022809295613591345,0.0,0.001860780455294208,0.028433985641046614,0.0076052672202153865,0.0006468136994485577,0.008644040592930446,0.0,0.007458036551264511,0.01415603986081665,0.014015193731356523,0.0,0.016648657713256472,0.03252423102986901,0.0,0.0,0.009004627925612942,0.00613619751710414,0.0,0.010312533536199334,0.010667116335587146,0.01794918584906297,0.012110697268992422,0.011713232477193025,0.029842142990900183,0.006655388218672871,0.022822600171318676,0.011151092890590526,0.033074742123359965,0.024029155392792993,0.021608732072151263,0.0043383858041647905,0.013332772002133465,0.014579033067551952,0.016648657713256472,0.02894249433769431,0.0015185191640770188,0.03252423102986901,0.01793377368327849,0.006661003217788383,0.0,0.004071952657546386,0.009313759048249208,0.01020682888816352,0.0,0.023061754353530674,0.00800442769008963,0.0,0.014048068327443274,0.009619174667402752,0.015363339931485276,0.0,0.005097893421716654,0.015363339931485276,0.014969587022549238,0.0052035980697524575,0.0022309439526562447,0.03395177471206519,0.003719963568909475,0.00613619751710414,0.0019332613687126875,0.0,0.021055255192442446,0.03170178069232292,0.015469044579521082,0.01034844455799889,0.02516160234807256,0.006928838079447774,0.022179047894923802,0.006661003217788383,0.011670283592159261,0.018173993897425446,0.0,0.011301068179726488,0.018021456459004548,0.018885683209151974,0.0,0.0122440387413511,0.017741205188401103,0.008574935835371118,0.016540715893400938,0.020221346457942983,0.00039730701787163425,0.0015833110595375663,0.021683264170562946,0.0304371923498861,0.023999080280404823,0.022686075561700395,0.0,0.025604982547706805,0.0,0.018367812205556056,0.0,0.0,0.0,0.01682264657878082,0.0,0.0016331807126968093,0.01364508504763575,0.02007459236603947,0.0,0.004444880454952338,0.025604982547706805,0.030366897456428094,0.0010586153518883992,0.013826640731449912,0.0,0.022844759476339994,0.005002562118508112,0.0,0.028641063027621202,0.015756640677108913,6.655446311809587e-05,0.00016801434115065045,0.012584694145079348,0.0,0.0021629541552124834,0.02647922154994671,0.02110199303881917,0.020141296663969663,0.022791780209736198,0.016157151809970717,0.004150707806818019,0.015339536037938181,0.0,0.0061946965071609655,0.02647922154994671,0.029930576399474107,0.02611354970638609,0.0324767867228441,0.0,0.0,0.020484382526184605,0.030175935266309857,0.0,0.008286207249460019,0.035068890233635325,0.0,0.024874780925682398,0.008408315046128198,0.01975511263558847,0.0,0.004238645712210037,0.0,0.0,0.016011312453626685,0.035068890233635325,0.0
ENSG00000105639.19,0.01375433926687656,0.020085890358753467,0.0,0.0,0.007813816300341156,0.00663021893395677,0.0,0.012019411955266332,0.0,0.019797467778348003,0.0,0.02554427965198262,0.013532864621762987,0.0,0.0036975300065415703,0.0,0.0,0.004318339024825847,0.003240797665221125,0.0,0.02149871392814137,0.010430626313488171,0.029392166604840786,0.02554427965198262,0.0,0.0,0.0,0.0,0.0,0.0,0.009806159401076223,0.0,0.0,0.02554427965198262,0.0,0.0,0.0,0.0,0.0,0.0,0.0,0.0,0.0,0.005994422176806236,0.0,0.0,0.0,0.008987857539598354,0.013532864621762987,0.0032201975384006654,0.0015071118505107992,0.0,0.03083235751114563,0.0,0.0,0.0,0.0,0.0,0.0,0.0,0.02554427965198262,0.0,0.006645368302166173,0.0,0.028051739665131838,0.0,0.0,0.0,0.01697305630120957,0.0,0.008625333994643884,0.0,0.020352983136344864,0.0,0.03093347267329219,0.00848672843764758,0.01663341373300401,0.0,0.0,0.0029523750848156616,0.029497002899436707,0.014870947638648123,0.012617378334768094,0.0,0.022815577092583264,0.0,0.028051739665131838,0.0,0.024878640763276654,0.0,0.0,0.0,0.0,0.0,0.009216978241400674,0.0,0.012019411955266332,0.0,0.000661700296963573,0.0,0.014303793272429484,0.0,0.0,0.0,0.0,0.0,0.013688838383813351,0.0,0.021654687690191726,0.0316871762689462,0.0,0.0,0.0223977702678844,0.0,0.0,0.012407063950689336,0.0,0.0,0.0008605399723183998,0.00925233976002347,0.0,0.0,0.01943565025744797,0.02387359415642349,0.0,0.022036295044514043,0.020752669607219686,0.0,0.0,0.0,0.0,0.0,0.0,0.0,0.021896184286972594,0.0,0.0,0.0039404801968991945,0.0,0.0,0.0,0.0,0.0,0.0,0.003107763763408527,0.01322221544807417,0.0,0.024482943594416495,0.0,0.0,0.0,0.026829090725976355,0.0,0.010853239603104296,0.0,0.03371921347722742,0.0005224711735468818,0.0,0.0,0.02213476504075674,8.395827204464579e-05,0.0,0.021189839969329376,0.04241578059648615,0.0,0.0,0.0,0.0015518907961189835,0.0,0.0,0.001774592202571007,0.008218689685909032,0.0,0.014506216282173186,0.013838391860727557,0.0,0.0,0.0,0.0,0.005339690511482732,0.003006962474788738,0.02657103606559224,0.004884143937756734,0.0,0.0,0.0,0.0,0.0,0.0,0.0,0.022525470341750974,0.0,0.0,0.0,0.0,0.0,0.0,0.0013765163143534404,0.0,0.0
ENSG00000185950.9,0.02682103870227598,0.04418484600836418,0.0,0.030694143123008256,0.006395975828965929,0.0,0.00698109920428254,0.010556298137433154,0.025999043961422014,0.03375901208770566,0.014533786219151693,0.012755646754302939,0.03651446172847519,0.0,0.0,0.01709046274246573,0.00029446212721659024,0.012747255474704924,0.02871995742264393,0.0,0.01060735532867976,0.025238902118852498,0.020402842703755142,0.012755646754302939,0.0,0.014533786219151693,0.0,0.014533786219151693,0.0,0.004861566497582327,0.0,0.0,0.010034733293081024,0.012755646754302939,0.035118348013035885,0.0,0.028932177194288117,0.014533786219151693,0.01491915161121685,0.0,0.022501436145403914,0.0,0.0,0.0,0.0,0.013974520945113355,0.02783032763780553,0.0009972509598062881,0.03651446172847519,0.0,0.0030250707944926986,0.006922071925174748,0.028024868080605662,0.0,0.008658343415275938,0.0,0.008520761020824896,0.0,0.009839066033663496,0.0,0.012755646754302939,0.024400354865771866,0.02456878995415903,0.0,0.018277739608568752,0.027618107866161343,0.0,0.008370672615217501,0.01339771245458745,0.005670201759283421,0.0,0.01834912438325051,0.015890946393069455,0.004281097918914144,0.03411128461955922,0.007359924616848826,0.004771936155935429,0.0018804347166598255,0.0064667234411297965,0.01829412350198541,0.033546792316061474,0.013178162663948521,0.016584587515680142,0.0,0.01699759039784382,0.0,0.018277739608568752,0.028774958303909026,0.013100589267161768,0.027618107866161343,0.02081431825272682,0.01805696515664501,0.0035219103336602553,0.028907299827570107,0.015538673861215883,0.02783032763780553,0.010556298137433154,0.018516190249263133,0.0,0.0,0.0,0.005725210182409839,0.020042833207044287,0.0,0.014520908971588475,0.020042833207044287,0.03550772179276454,0.005039705717033452,0.009600615392969115,0.02522234960662583,0.0,0.005670201759283421,0.020638250805836117,0.0,0.02499467008388592,0.01516580551202423,0.010561629952489264,0.007418911464342301,0.016390196424327354,0.0,0.026571665997020752,0.01805696515664501,0.014504356459361815,0.018736310132873538,0.0,0.008872422730561567,0.03787256748605386,0.0155587293770423,0.0,0.0,0.023721627618758716,0.009948081416086774,0.015052965178528568,0.017441095585183596,0.00046173921807835666,0.0,0.0,0.008246599132476273,0.01385505897213854,0.027693783885421135,0.0,0.025762496550423092,0.023933847390402902,0.016214610064568022,0.0,0.008953126000883757,0.0,0.02679975280711738,0.0,0.0,0.016931280705184917,0.017468570161971085,0.013295793698100196,0.011456454577941255,0.025762496550423092,0.01897411552734487,0.0,0.010935282500832831,0.022831997833920314,0.0,0.0,0.013295793698100196,0.025192672431869224,0.02520106371146723,0.0,0.0,0.03150912204951996,0.0,0.005037621214284568,0.007574526938563413,0.021900402904879206,0.009697079335247771,0.018212580630866112,0.0,0.0,0.02024057231496728,0.0,0.016943723017379456,0.007574526938563413,0.05449248985192044,0.0020621274557150945,0.020891540600796045,0.0,0.007773869462644384,0.02261977806227613,0.014026432711845956,0.0,0.0,0.0,0.013295793698100196,0.018743249175172876,0.0,0.020926076780343666,0.0018949027261376053,0.012337137826990363,0.013295793698100196,0.013295793698100196,0.04151156115302821,0.0,0.0
ENSG00000186010.19,0.013482308102804525,0.031523483618415345,0.0,0.016795000010397916,0.017201798685535896,0.010571791680797,0.007668080495059737,0.03024489108835449,0.004902690074103509,0.03403894393227549,0.0,0.025241260113951842,0.03680776618967443,0.0,0.0,0.007664511197422622,0.008558023138444438,0.014116567875829036,0.01829115561867493,0.0,0.02991834389887888,0.01945108317101645,0.018341394950804404,0.025241260113951842,0.0,0.0,0.0,0.0,0.0,0.010972555017588842,0.005445672731143637,0.0,0.011852794569380428,0.025241260113951842,0.016283669709364117,0.0,0.026312885499365484,0.0,0.0,0.0071351881305711205,0.008487394780998133,0.0,0.0,0.01653974780776764,0.0,0.015811702610728683,0.02737234851745442,0.010326614048301083,0.03680776618967443,0.0,0.019423463208569938,0.008393552222765024,0.02802708107844859,0.0,0.01848878882225224,0.0,0.0,0.0,0.0014062875341367617,0.006485521279430709,0.025241260113951842,0.01329624229686853,0.022571305326902817,0.0,0.02463406132761979,0.01935061863676386,0.0,0.015278383738003307,0.02640787528198461,0.007412290218966805,0.0017795962153057607,0.01206862031127507,0.02891320926436997,0.0,0.04491435952150932,0.01807906442562261,0.007703696035827677,0.005494107199505698,0.007452751874209955,0.020806615932535077,0.026017214051584928,0.01469314757937262,0.011892973968315783,0.0,0.021393766895459326,0.0,0.02463406132761979,0.009553159997414927,0.03242367788126424,0.01935061863676386,0.0020481022694770826,0.006565732584919343,0.012089374003893847,0.019932560374535776,0.018037793675136138,0.02737234851745442,0.03024489108835449,0.005243654421154487,0.0003316640295686693,0.0,0.0,0.0,0.014453788731657207,0.010909012536625174,0.016463655758520865,0.014453788731657207,0.027686116731397627,0.0011599275523415144,0.020796694440602073,0.021875860325569547,0.0030196569567958395,0.007412290218966805,0.02797870742338331,0.0,0.010992728763383492,0.0009631680926273645,0.0,0.0010594630180889332,0.00934025970911928,0.0,0.022968239403601973,0.006565732584919343,0.018888432913073967,0.023739928251545285,0.0,0.01800022190699447,0.04798475830978656,0.0013771980458536018,0.0,0.0,0.015274638717896197,0.0,0.014732192893610475,0.008610822716277118,0.021887522357344938,0.0,0.0,0.0034647543445785398,0.0,0.011508864460276332,0.010709397175919372,0.014424699243374056,0.023296368598586747,0.0,0.005814027373279015,0.021507664324328792,0.0032585501425695038,0.02935352435168407,0.0,0.0,0.018728020895514744,0.016090521167391875,0.01779009903175634,0.026681336225306187,0.014424699243374056,0.02886830303265499,0.011605486237780686,0.014445452935992822,0.024355831616675688,0.0040905429931641195,0.008385216427100644,0.01779009903175634,0.026622384336326292,0.0377470765744491,0.0,0.0,0.02819319850369341,0.004215943944433212,0.004864667953213112,0.0,0.01917531935488575,0.00657468696995827,0.0,0.0002031452015404528,0.012948267863454918,0.016434566270237712,0.005915313094922957,0.015499328343790912,0.0,0.039979811861503574,0.009036438561024436,0.02297287540205893,0.004843687709509312,0.019799966058620003,0.016334101735985127,0.013289856972112934,0.0,0.0,0.0,0.01779009903175634,0.027649959186985977,0.0,0.01235323211488646,0.006774070445824187,0.019309638808491226,0.01779009903175634,0.01779009903175634,0.03903490371005018,0.0,0.00040393799851640155
ENSG00000186074.19,0.03179477928336166,0.029530362589535467,0.006063209103153659,0.020409743901387088,0.0187376351264867,0.01155412632828938,0.005546743716655287,0.018694795155553348,0.011008741749156455,0.02653136972332664,0.013703916874583182,0.02078655603994091,0.02841468471529031,0.01585366519316103,0.01174468773630665,0.016019180734137002,0.012428315989365453,0.024190414665713606,0.02757102773952067,0.015505376379185185,0.010862774128560716,0.023575251437603924,0.027773519973416042,0.02078655603994091,0.009843380038767991,0.013703916874583182,0.013533578869891698,0.013703916874583182,0.012979755695919477,0.010493098832379776,0.016933707178384237,0.009843380038767991,0.004224270049576703,0.02078655603994091,0.025020616865762554,0.01848945379421754,0.02256286807744584,0.013703916874583182,0.008287992870706862,0.002305086524093364,0.014139809508551336,0.008072375899019666,0.004168914545186798,0.009971893224007496,0.01972240257604725,0.0069170650985015125,0.016117258347217334,0.009315973660127293,0.02841468471529031,0.001241831537529884,0.005010957490716242,0.009745719960018849,0.020627206490718912,0.0,0.02357701116761486,0.013732472960689242,0.01083840374446498,0.0,0.0021055856503399053,0.0,0.02078655603994091,0.009916057964710335,0.011421559310467198,0.016216174899238305,0.01197845200280587,0.021125418009292157,0.007457790670657919,0.012259330827070525,0.022380481150549594,0.009581813456314058,0.010865300439876411,0.014489193253213871,0.024084575025226408,0.010297159666572872,0.027927224867204874,0.025588134207138853,0.02502229808230105,0.000607315180865535,0.01673262399505569,0.02457203487331184,0.031539529385401464,0.01777309763204281,0.01811251073781067,0.0,0.017301630472540137,0.0,0.01197845200280587,0.01748818611942269,0.01256686800323753,0.021125418009292157,0.021161707545241104,0.0023836272183704633,0.0,0.01037376481825949,0.02268871988134817,0.016117258347217334,0.018694795155553348,0.010293597958626319,0.011039212647979777,0.004254660602713026,0.010193419916756073,0.012022884839325476,0.019383015431234253,0.00674672709381003,0.008470692536551699,0.019383015431234253,0.021342350281249055,0.006842627442548231,0.0037904396945194554,0.03070209549891554,0.005486585139179413,0.009581813456314058,0.01689407425211124,0.003383308267264032,0.015843903383228154,0.018199449907905764,0.01775495033723079,0.004392794014236468,0.01975668879999183,0.007086253787965673,0.017647245828140472,0.0023836272183704633,0.015597536597863322,0.013381313091317293,0.0020879754137800993,0.023925037174319333,0.024136083640355008,0.010867120689523214,0.0,0.020614081873817306,0.021228003877651752,0.011432534393397295,0.02930444111829895,0.013770213206993828,0.019250931412551343,0.0005699610229503403,0.013502670931970998,0.022801363985314186,0.0250158627875246,0.017176970415004142,0.0015901344946415291,0.02814455047041757,0.016219844215576925,0.012438654945514702,0.0,0.013077463924491523,0.01699200766160336,0.030385524965610138,0.0,0.020180047411090012,0.017278618540576024,0.02247575664508296,0.018229011011442926,0.02452775466923715,0.02814455047041757,0.024032391893081255,0.019814843042661158,0.01331338876213756,0.009774234485348414,0.013118271666379203,0.0036760932909221528,0.018229011011442926,0.03269669980693672,0.029292841181164014,0.0,0.01888655472312908,0.017962246793634833,0.01628821590365706,0.01979319901279298,0.017558072116866684,0.033044180031140166,0.021703339025368272,0.01554890532100068,0.02432879732385053,0.012061196759165851,0.01723222757573501,0.010431778197034572,0.00715657877020277,0.017558072116866684,0.020098182456381793,0.018915514987822884,0.0370914559709128,0.008655466159529633,0.007316688116760374,0.014782394147423241,0.03382458657340711,0.0,0.0,0.01879361170448656,0.018229011011442926,0.027167674059532597,0.016219325709841227,0.022412484972512255,0.0064310426897986606,0.02542199961403236,0.018229011011442926,0.018229011011442926,0.021526855067582736,0.01879361170448656,0.009575929147627494
ENSG00000107738.20,0.021198249562610988,0.028249046229294826,0.0,0.02320088410690275,0.0062317864509928746,0.009326272427829279,0.01532310512015624,0.02792203389024185,0.012280311722635925,0.04080292064710438,0.004090076789179414,0.023106147590736772,0.04335193600968436,0.004668341966271208,0.0,0.00624851705538081,0.0,0.021535706346561254,0.01567581530058951,0.0,0.027796181292385837,0.008045042415510538,0.016179065209803164,0.023106147590736772,0.0,0.004090076789179414,0.0,0.004090076789179414,0.0013758249664579184,0.0,0.0045135197139407265,0.0,0.01971064401278319,0.023106147590736772,0.013766164975971572,0.0,0.02371216980080512,0.004090076789179414,0.0,0.004904971325882575,0.01632382835012454,0.0,0.0,0.005477044271687749,0.0,0.023355268505912616,0.03381253560870934,0.009046147689894084,0.04335193600968436,0.0,0.008156415083506598,0.0,0.015968734506658904,0.0,0.025919500405047043,0.0,0.0,0.0,0.0,0.0,0.023106147590736772,0.010801394088103058,0.01115173334023399,0.0,0.012693291511996312,0.025776181108493723,0.0044536035118349845,0.014147098764694742,0.0242732182826532,0.015045664824294626,0.0,0.019695203661851582,0.026579662761864048,0.0012015820588392526,0.04170190905314935,0.016594493510610563,0.015117176287427682,0.0035705361461051723,0.01497651718438636,0.028229689718399058,0.032766566146888776,0.022334353557252544,0.010592271291856449,0.0,0.019061005519420464,0.0,0.012693291511996312,0.0071413292440420245,0.030102625771596687,0.025776181108493723,0.01064926595135431,0.004176558356173518,0.01973569852594368,0.02681696779731009,0.02568067435581909,0.03381253560870934,0.02792203389024185,0.0,0.0,0.0,0.0,0.014487642326877853,0.0218781031678719,0.009668669249139925,0.00508027152764203,0.0218781031678719,0.03445133409657722,0.0,0.01889557937927871,0.01971933192807812,0.010660115064212897,0.015045664824294626,0.01603961231056286,0.0,0.01863027282933539,0.008585609822501995,0.007760771221014144,0.008694078273767461,0.017077040659363347,0.0,0.020365849002238572,0.004176558356173518,0.016754561040209608,0.02082586961091039,0.0,0.015826019592851084,0.043675533077714365,0.0,0.0,0.0007457509113674154,0.012655752253983247,0.007231958640981324,0.022116632412429792,0.006096563091808355,0.01974368772281986,0.0,0.0,0.011276600532519186,0.005944434955059603,0.008985057822148517,0.008475467960184412,0.02182281100913415,0.020692106754198854,0.006063489113438722,0.00479466727856229,0.019370067769257038,0.0023181305379402356,0.03609808965080967,0.0,0.0,0.025463080119285206,0.01415025351889189,0.025209626671792797,0.02432647501322914,0.02182281100913415,0.016704934557177222,0.0002072866176553341,0.02186330587322625,0.03079247256210307,0.0,0.0,0.025209626671792797,0.033048730772101284,0.0346191720162768,0.0,0.0,0.024590184694820674,0.003253159749603579,0.013471459551509555,0.0,0.026792452888997762,0.014197636715798403,0.0,0.0,0.02058971813041767,0.005024979368904274,0.0035131245970539404,0.012999189907098495,0.0,0.03635135702254671,0.006415724178801992,0.02939617033037147,0.002907102386985605,0.008411795031562922,0.022756118061887463,0.02066560791094032,0.0,0.0,0.0018778592345854855,0.025209626671792797,0.034086204032020534,0.0043983113530972374,0.02854968211499786,0.014404766604262875,0.016697149491158383,0.025209626671792797,0.025209626671792797,0.03553587262993246,0.0018778592345854855,0.009110066208330096
ENSG00000186187.12,0.02218696713161682,0.013487141765827155,0.0,0.020991966038381937,0.0,0.0037496664797519903,0.0006927510222001845,0.0,0.0,0.004561768245703566,0.0,0.005723182025964689,0.005749892218647124,0.016762214210955473,0.0,0.006125031561253585,0.0,0.023897537197583,0.017036694636038876,0.0,0.0,0.021229198956006747,0.018767404059979426,0.005723182025964689,0.0024335959799279445,0.0,0.0,0.0,0.0,0.028490122775658322,0.0,0.0024335959799279445,0.0,0.005723182025964689,0.014293779121886941,0.005171153212265404,0.0,0.0,0.0,0.015501064353870588,0.0,0.0,0.005160346763627102,0.012675071427813786,0.015276442365383076,0.0,0.010672342188858517,0.02815401055477448,0.005749892218647124,0.020220950060590846,0.0,0.0,0.022026361209317016,0.02791862108013763,0.01703043837527394,0.019592771330338196,0.0,0.0019791208914834643,0.003684207966111651,0.0,0.005723182025964689,0.0,0.029859097629402663,0.0,0.006232854110538297,0.030793502714007083,0.00037532128211340693,0.0,0.0,0.011334971700201639,0.01989535787330919,0.006988256576679643,0.0,0.001967350211442325,0.0,0.02400324739788709,0.03323362196698089,0.004883147708586895,0.02550133680695305,0.008111321115915286,0.024682928770852125,0.019816780205513872,0.026769633056612452,0.0,0.0027345561522854195,0.02411167614425986,0.006232854110538297,0.015913630096803237,0.0,0.030793502714007083,0.0,0.0,0.004107394237595225,0.006448907309780868,0.006923197142971724,0.010672342188858517,0.0,0.016673266387899382,0.0,0.02047909148722011,0.008744676481778731,0.015259892787005416,0.004047636214251141,0.0,0.0013910686527160362,0.004047636214251141,0.0004980833440394218,0.0,0.0,0.021497627427591256,0.025338749159626903,0.011334971700201639,0.0,0.003985303649669501,0.0006809803421590453,0.026728247050823342,0.0003635506020722677,0.007271286798537495,0.0199664977104875,0.05065903796501923,0.009809117173432459,0.0,0.001659497124300545,0.011945388705952853,0.006447155326158867,0.003138745590270678,0.006905218396738577,0.006554593082520793,0.0,0.016499768101362056,6.89494491573038e-05,0.008107812225699215,0.0,0.0016727490585273577,0.00860533782241496,0.006566363762561929,0.032955047414371434,0.02667292253743715,0.0018613289003605246,0.0,0.0,0.00691802133066028,0.0,0.00034013523932149153,0.0,0.0,0.0,0.011778868485634697,0.0,0.015108631450923046,0.016190643042864612,0.003341758267766122,0.0,0.0,0.00691802133066028,0.011579632852067978,0.02184268377401223,0.004037158991575855,0.0,0.017356467634286825,0.0,0.0,0.029263883953227442,0.01108952878160914,0.003767384200391792,0.013714381121523227,0.006693655423764676,0.0,0.0,0.003465128509730575,0.0019731917735821905,0.010731037683633763,0.0,0.03566032938066835,0.011913860246213485,0.004261453769125172,0.016275402194466448,0.0,0.003465128509730575,0.03685595418709961,0.05023217819100811,0.04251794565606695,0.025083050109540823,0.0,0.013825757527125511,0.01836772023550265,0.0,0.003908902857405805,0.039327657667676374,0.0,0.03529036819346054,0.0032457063985225493,0.02181436351559342,0.0,0.013051751610180098,0.0,0.0,0.011940934699095646,0.039327657667676374,0.0
ENSG00000107341.5,8.852309561947769e-05,0.0,0.0,0.0,0.010690738111125416,0.0,0.0,0.0,0.0,0.0,0.0,0.0,0.0,0.0,0.0,0.0,0.0,0.0,0.0,0.0,0.003735097153126036,0.0,0.005567943431701271,0.0,0.0,0.0,0.0,0.0,0.0,0.0,0.0035516202820626303,0.0,0.0,0.0,0.0,0.004094928652400832,0.0,0.0,0.0,0.0,0.0,0.0,0.0,0.0,0.0,0.0,0.0,0.0038882519075660697,0.0,0.0,0.0,0.0,0.00663078507844915,0.0,0.0,0.0,0.0,0.0,0.0,0.0,0.0,0.0,0.0015686603567702066,0.0,0.01164328018336171,0.0,0.0,0.0,0.0,0.0,0.0032563347847483215,0.0,0.0,0.0,0.0,0.003605751633293918,0.0,0.0,0.0,0.0,0.0,0.0,0.00793428203257477,0.0,0.0,0.0,0.01164328018336171,0.0,0.0,0.0,0.0,0.0,0.0,0.0,0.0,0.0,0.0,0.0,0.0,0.0,0.0,0.0,0.0,0.0,0.0,0.0,0.0,0.0,0.003303612263442987,0.008192406930356017,0.0,0.0,0.00537220710075818,0.0,0.0,0.0,0.0,0.0,0.0,0.0,0.0,0.0,0.0,0.0011250266009045148,0.0,0.0,0.0,0.0,0.0,0.0,0.0,0.0,0.0,0.0,0.0,0.0,0.0,0.0030669096778979527,0.0,0.0,0.0,0.0,0.0,0.0,0.0,0.0,0.0,0.0,0.0,0.0,0.0,0.004510727677718068,0.0,0.0,0.0,0.011791672243180652,0.0,0.0,0.0,0.010526398554298402,0.0,0.0,0.0,0.001003451216658978,0.0,0.0,0.0,0.0,0.0,0.0,0.0,0.0,0.0,0.0,0.0,0.0,0.0,0.0,0.0,0.0,0.0,0.0,0.0,0.0,0.0,0.0,0.0,0.0,0.0,0.0,0.0,0.0,0.0,0.0,0.0,0.0,0.0,0.0,0.0,0.0
ENSG00000107281.10,0.002690637095442344,0.02927812983444031,0.0,0.0,0.003428397063161441,0.010207760043841344,0.016775544202531543,0.03788466909128119,0.0,0.04325265077955366,0.0,0.026245386147827086,0.037205700094020216,0.004746648578213518,0.006906890956022933,0.0,0.0007853228167475218,0.0089672567364401,0.00011644391673572285,0.0,0.03576812498463811,0.0,0.007626038835099151,0.026245386147827086,0.0,0.0,0.0,0.0,0.0,0.0,0.013753523638806843,0.0,0.01832238539286978,0.026245386147827086,0.0,0.0,0.012317261170330086,0.0,0.0,0.0,0.0025741931787066283,0.0,0.0,0.018312454061725533,0.0,0.01397452094511335,0.011861826782526341,0.006504375678498514,0.037205700094020216,0.0,0.010879686060947994,0.0,0.026283292584558835,0.0,0.018733130555369563,0.0,0.0,0.0,0.0,0.005544351181403777,0.026245386147827086,0.0,0.005619039555105787,0.0,0.02784055472505821,0.0,0.0,0.013847498788922748,0.02723069302802505,0.0,0.005223269240004904,0.0,0.030807559963095792,0.0,0.05392229519526693,0.007002727152046369,0.004806477618384781,0.0,0.0034966282488939245,0.014090964861849076,0.031051833525959298,0.017459837130599183,0.0,0.0,0.022975620400113916,0.0,0.02784055472505821,0.0,0.039344991919708854,0.0,0.0,0.0,0.0026176948349226556,0.013251360678201207,0.02013791554738252,0.011861826782526341,0.03788466909128119,0.0,0.0,0.0,0.0,0.0,0.007244332179065165,0.008484835486466405,0.0024757912376647054,0.007244332179065165,0.03640601809676976,0.0,0.034968442987387646,0.010497193933663936,0.0,0.0,0.03051863314184155,0.0,0.006151060113777362,0.0014178763624281068,0.0,0.0,0.0059962039738585896,0.0,0.009639182753546749,0.0,0.019398753465043182,0.017220867293986586,0.0,0.009459544050733109,0.046432984073132934,0.0,0.0,0.0,0.0,0.0,0.0,0.0,0.0263632359954242,0.0,0.0,0.0,0.0,0.0,0.0037488742109965667,0.0,0.010712186460552258,0.0,0.021737431421743083,0.03350048838045982,0.014856680366601913,0.03629339149896538,0.0,0.0,0.009250431949694493,0.014939069909419563,0.012485890152071251,0.024506879751559334,0.0,0.022181747770808717,0.003514464789845826,0.009807811735287914,0.010256752072748516,0.0,0.0,0.012485890152071251,0.026821818925799976,0.04409994833718697,0.0,0.0,0.0031288638104190816,0.002163142032073878,0.0,0.0,0.010616588186423415,0.005700978633571621,0.0,0.0,0.025617725113735338,0.0,0.0,0.004308710366750436,0.0,0.028963287203112607,0.004089280465494102,0.02438687549113508,0.0029322836970218508,0.007717349210670792,0.0,0.0,0.0,0.0,0.0,0.012485890152071251,0.033909614327946105,0.0,0.01041692405064431,0.0,0.01000016758326229,0.012485890152071251,0.012485890152071251,0.03096758533067842,0.0,0.0
ENSG00000187164.20,0.00016012592545480014,0.0,0.0,0.008163422760817572,0.0,0.0,0.0,0.0,0.0,0.009612924911351548,0.0,0.0,0.013298917603160855,0.0,0.0,0.0,0.0,0.0,0.0,0.0,0.0011720635089040171,0.0,0.0,0.0,0.0,0.0,0.0,0.0,0.0,0.0,0.0,0.0,0.00990888669310681,0.0,0.0,0.0,0.0,0.0,0.0,0.0006763540333588128,0.009745734569683768,0.0,0.0,0.0,0.0,0.005425824324841941,0.01680890708169911,0.0,0.013298917603160855,0.0,0.0,0.0,0.0,0.0,0.0,0.0,0.0,0.0,0.0,0.0,0.0,0.0,0.0,0.0,0.0,0.012420533549354053,0.0,0.0,0.0,0.0038332675274160913,0.0,0.008058488936338107,0.0,0.0,0.010002016429031483,0.0,0.0,0.007645000384402828,0.0,0.0,0.00522455137900649,0.0,0.0014422007422776398,0.0,0.0,0.0,0.0,0.0,0.0,0.012420533549354053,0.0,0.0,0.0065739913930903116,0.016586817940206916,0.0,0.01680890708169911,0.0,0.0,0.0,0.0,0.0,0.0004438052153657862,0.0,0.0,0.0,0.0,0.010833533805721458,0.0,0.0,0.0,0.0008023427777173464,0.0038332675274160913,0.0,0.0,0.003409544078636681,0.0,0.0,0.005053876421786001,0.0,0.0,0.0,0.0,0.0,0.0,0.0,0.0,0.01370380892855691,0.0,0.0,0.0,0.0,0.0,0.0,0.0,0.0,0.0,0.0,0.0,0.0,0.0,0.0,0.0,0.0,0.0,0.0,0.0,0.0,0.0005150810698650067,0.0,0.0,0.012194125608477442,0.0,0.0,0.0,0.0,0.0,0.0,0.0,0.013320045666927537,0.0,0.0,0.0,0.0,0.0,0.0,0.0,0.0010545728926098924,0.0,0.0,0.0,0.0,0.0,0.0,0.0,0.0,0.0,0.0,0.0,0.0,0.019036007198432243,0.0,0.0,0.0,0.0,0.008931672134582479,0.0,0.0,0.0,0.0,0.0,0.0,0.0,0.004321600928162264,0.0011980882489842012,0.0,0.0,0.0,0.008964155400740467,0.0,0.0
ENSG00000186431.19,0.0005388496482662056,0.0329606694065305,0.014917797836775461,0.0406211263276051,0.00787395558243361,0.0,0.0,0.0014743071397250833,0.025355188834458843,0.016102515807484362,0.01201127239214141,0.0028411012722561156,0.017268475821690825,0.010968643845262596,0.0,0.01300075652931306,0.012667436083868423,0.0,0.02204284421943005,0.0,0.004247440320671751,0.009412402397398899,0.025234251639981012,0.0028411012722561156,0.019312890690621864,0.01201127239214141,0.0,0.01201127239214141,0.0,0.03448883638394841,0.0,0.019312890690621864,0.006153445887284911,0.0028411012722561156,0.02691919306634117,0.0,0.028324043654322048,0.01201127239214141,0.014230281737477212,0.012411466212132025,0.003174713904845996,0.0,0.008000031411408016,0.020682983190214783,0.0,0.007820554876963691,0.022099099534281207,0.0,0.017268475821690825,0.0,0.015303008153302974,0.008677452532117085,0.017027760132046273,0.00228656722669892,0.015143648420439665,0.009572106519403593,0.009353932890566095,0.0,0.009422279559974604,0.011997867634219846,0.0028411012722561156,0.02467870847600983,0.02471438011077836,0.0,0.019939633905511435,0.01581790009938921,0.0,0.0,0.004423939041261628,0.008348205343295508,0.011902682330048014,0.011650672795748596,0.0054789432900493665,0.0,0.017562728491356292,0.003769945069653873,0.00493738627514213,0.0007853994223974738,0.0,0.005184690620383903,0.009821316372592363,0.0,0.024000905490492074,0.014989693914300294,0.0,0.01598497992431476,0.019939633905511435,0.02850882639479474,0.005302444569459493,0.01581790009938921,0.010437390997683382,0.026268341804463413,0.009754544391711147,0.01672311305350796,0.004018730606177447,0.022099099534281207,0.0014743071397250833,0.031499649731790993,0.010341325726394835,0.0,0.034813466537808604,0.012174793600576462,0.0,0.0,0.007171917807067565,0.0,0.010883299234714124,0.0,0.0,0.0,0.015424633353771252,0.008348205343295508,0.0248144942919878,0.032514209684710194,0.004229718153633735,0.0248474911569374,0.0,0.003128988770525268,0.0,0.0089487862474417,0.023449183267845675,0.026268341804463413,0.0,0.03492550453883119,0.04450367346733846,0.020325633111739877,0.027659591991993793,0.005406052623695562,0.008462709345142028,0.0,0.015786132692819678,0.023970665851623045,0.024252060228873187,0.017360014087277713,0.0,0.0,0.0374883181521045,0.0,0.0031186966089512547,0.03828035777588005,0.002192225182396746,0.0,0.022067332127711677,0.023915988062462118,0.0,0.005443712959557721,0.0,0.008783821418752238,0.0,0.018877286068937724,0.0131132961558703,0.0,0.0,0.022829962553609855,0.0,0.009320339232792102,0.0,0.0,0.015842388007670835,0.0017142958968753355,0.0027650971918005973,0.0,0.00016509482321473007,0.008107341060303228,0.016833947902102853,0.017213412874659967,0.03791975817948723,0.00802406411383641,0.0,0.004692578003409283,0.0015853414389039172,0.0008171821867783875,0.027831931037347428,0.0,0.004140270355511174,0.0031556908707885273,0.03412782178855728,0.022047992154952064,0.004692578003409283,0.04598187584271822,0.03274450614696531,0.014128688773594786,0.008644879406491349,0.006134422853227441,0.00956118857277884,0.008027782341876427,0.0,0.005666388768428225,0.004084674061774693,0.0,0.015535027822010418,0.0,0.018606993402830042,0.005262627328886393,0.030964307065645687,0.0,0.0,0.03315748113630535,0.004084674061774693,0.0
ENSG00000186469.8,0.0,0.0,0.0,0.0,0.0,0.0,0.0,0.0,0.0,0.0,0.0,0.0,0.0,0.0,0.004724859607608982,0.0,0.0,0.0,0.0,0.0,0.0,0.0,0.0,0.0,0.0,0.0,0.0,0.0,0.0,0.0,0.002335520279908375,0.0,0.0,0.0,0.0,0.0,0.0,0.0,0.0,0.0,0.0,0.0,0.0,0.0077210208348585455,0.0,0.0,0.0,0.01427363257204347,0.0,0.0,0.0,0.0,0.006669619598963637,0.0,0.0,0.0,0.0,0.0,0.0,0.0,0.0,0.0,0.013558793062853024,0.0,0.0,0.0,0.0,0.0,0.0,0.0,0.012809671744228701,0.0,0.0,0.0,0.0,0.0,0.0,0.0,0.0,0.0,0.0,0.0,0.001442405658519573,0.0,0.0,0.0,0.0,0.0,0.0,0.0,0.0,0.0,0.0,0.0,0.0,0.0,0.0,0.0,0.0,0.0,0.0,0.0,0.0,0.0,0.0,0.0,0.0,0.0,0.0,0.0,0.0,0.0,0.0,0.0,0.0,0.0,0.0,0.0,0.0,0.0,0.0,0.0,0.0,0.0,0.0,0.0,0.0,0.0,0.0,0.0,0.0,0.0,0.0,0.0,0.0,0.0,0.0,0.0,0.0,0.0,0.0,0.0,0.0,0.0,0.0,0.0,0.0073218642857746305,0.0,0.0,0.0,0.0,0.0,0.0,0.0,0.0,0.0,0.0,0.0,0.0,0.0,0.0,0.0,0.0,0.0,0.0,0.0,0.0,0.0,0.0,0.0,0.0,0.0,0.0,0.0,0.0,0.0,0.0,0.0,0.0,0.007106161621049413,0.0,0.0,0.0,0.0,0.0,0.0,0.0,0.0,0.0,0.0,0.0,0.0,0.0,0.0,0.0,0.0,0.0,0.0,0.0,0.0
ENSG00000186470.14,0.01277634361839047,0.03325765084008922,0.0,0.0,0.00637452332139235,0.0,0.010399677532003479,0.03138898733743409,0.0,0.03930226656019377,0.0,0.02735149259345532,0.03430138415067349,0.0,0.002603226048415737,0.0,0.0,0.003940181293998299,0.0012550615423011224,0.0,0.02840656482074475,0.0,0.026669244067734403,0.02735149259345532,0.0,0.0,0.0,0.0,0.0,0.0,0.0015441088718096026,0.0,0.009235784847383032,0.02735149259345532,0.0019043609942362288,0.0,0.0037397924186873682,0.0,0.0,0.0,0.01186027254715738,0.0,0.0,0.0,0.0,0.006383606191172567,0.002484730876386246,0.0,0.03430138415067349,0.0,0.0,0.0,0.024342115935366667,0.0,0.0038199042677243347,0.0,0.0,0.0,0.0,0.0,0.02735149259345532,0.0003389904710680222,0.0,0.0,0.027362831510160487,0.0,0.0,0.01676729082655081,0.027740363776427385,0.0,0.0,0.0,0.03226375242945521,0.0,0.05926545931772302,0.0027029716090207767,0.0,0.0,0.0,0.007299677262405664,0.03681753568380752,0.010870901022829123,0.0,0.0,0.03293399842308928,0.0,0.027362831510160487,0.0,0.032929953473772575,0.0,0.0,0.0,0.0,0.0011258560806257992,0.012300559671925941,0.002484730876386246,0.03138898733743409,0.0,0.0,0.0,0.0,0.0,0.008358794439011798,0.0038936337581798822,0.0,0.008358794439011798,0.0403613837367999,0.0,0.03446656440687117,0.02997598029322967,0.0,0.0,0.02879249015925731,0.0,0.016383661200185196,0.004205790879442194,0.0,0.0,0.009590363155453696,0.0,0.00231013376959055,0.0,0.028410609770061455,0.015470451098201082,0.0,0.019084738261308746,0.0500280983341994,0.0,0.0,0.0,0.0,0.0,0.0,0.0,0.019905609150620174,0.0,0.0,0.0008705410513298525,0.0,0.0,0.0,0.006896894664358361,0.0007125221208657204,0.0,0.0,0.015230926710294756,0.0,0.03273114820937974,0.0,0.0,0.0,0.031949592404928305,0.00427240696458402,0.026620351337285377,0.006896894664358361,0.03204754561608696,0.0,0.002842748315487198,0.0,0.0,0.0,0.00427240696458402,0.026519473584761914,0.04993078488421894,0.0,0.0,0.0,0.0,0.0,0.0,0.011227531080244574,0.0061927090133364615,0.0,0.0,0.0010794454878591611,0.0,0.0,0.0,0.0,0.012648731174402253,0.0,0.023914465682101704,0.0,0.0,0.0,0.002405870765564394,0.0,0.0,0.0,0.00427240696458402,0.024969537909391132,0.0,0.0007978755265091314,0.0,0.0,0.00427240696458402,0.00427240696458402,0.0177448184844113,0.0,0.0
ENSG00000106443.16,0.02587295321810816,0.024895841487630667,0.0,0.0164029767582002,0.021603748367950378,0.013952404754604058,0.0,0.022119686426876894,0.0,0.02101225184422734,0.006868514892959612,0.024199066514942504,0.023192883200042574,0.008336855798555972,0.01371041249041725,0.009578887688607388,0.015366970877900881,0.01829115561867493,0.022465743361520817,0.01651941810932776,0.013977075002934287,0.027365294336468757,0.031812786266269294,0.024199066514942504,0.003003681487375929,0.006868514892959612,0.01533248887851746,0.006868514892959612,0.005699477267005287,0.015039431408929188,0.018928001525145195,0.003003681487375929,0.0,0.024199066514942504,0.020071720934933875,0.020358410610462594,0.01712080918255002,0.006868514892959612,0.001780565316258937,0.005938252730797899,0.007852639333751493,0.0006357090229343193,0.005932956088570675,0.01266778273490593,0.022094229346671452,0.0005618398337608257,0.011320564706095888,0.012393998369158273,0.023192883200042574,0.002123671490378908,0.007905000985441734,0.012909403462722,0.024731624218507636,0.0018333275700933224,0.01741124746264753,0.007451940927114119,0.004174587742845896,0.0,0.0,0.0,0.024199066514942504,0.004445429477164156,0.015398185527981202,0.017790056293696337,0.015680033290522376,0.016665498885066684,0.0,0.014528231330686293,0.025782501859606136,0.003591932301119708,0.013547185219486332,0.008655700545190673,0.027755618705290253,0.0032419098518264126,0.03236634818721534,0.029055273701986153,0.019253336032834148,0.003991256063216771,0.010833364948017015,0.018582153718117493,0.026357186023198136,0.011524465029264836,0.021656535688704837,0.0,0.020954594325898676,0.0,0.015680033290522376,0.012539290188594007,0.015950191848618404,0.016665498885066684,0.014326305563617532,0.0,0.0,0.00509510031751712,0.016401522362302252,0.011320564706095888,0.022119686426876894,0.004647575166296294,0.014108225871422984,0.00676468493175595,0.01366946347417904,0.0,0.01336456468338954,0.009025813819318669,0.011739002878699039,0.01336456468338954,0.01579466280949939,0.009074138717793827,0.006578854612391098,0.03460776893798427,0.0,0.003591932301119708,0.020557090623559798,0.006193546661580569,0.009825756179435603,0.012529078037872454,0.010699700522484328,0.0,0.013716501836272744,0.009319100306397578,0.0122437518495126,0.0,0.01898147748021456,0.018727194438254255,0.006004502399868737,0.02823770408982903,0.0303431904441826,0.004911324433988989,0.0,0.013829953968767378,0.016204379849575082,0.005889132211934399,0.024204226637667654,0.008746589178917165,0.02286429393828215,0.0,0.00761414062097885,0.017080389970789887,0.01862746526537054,0.01237319422005037,0.005308789792842487,0.02272949262921352,0.010859445670604283,0.00747674908534925,0.0,0.016547176477609046,0.019176664293148484,0.025313411545980345,0.0,0.01372125263255787,0.012503821484797797,0.02616577407022329,0.012320790206171751,0.028689631700985894,0.02272949262921352,0.028548968631511025,0.023424320930916315,0.00744373287313433,0.005059201194150147,0.016354098872411824,0.006988571652466795,0.012320790206171751,0.028140316369588882,0.03404822726585646,0.0023887648430525633,0.012522430223856885,0.014160379872281435,0.018987882450325604,0.012828197841941495,0.011169674594712627,0.027349885652789868,0.01587510940914414,0.009708330059145155,0.027491360623928866,0.005806938687792907,0.02110393082452302,0.005260841211835281,0.0018077732094900142,0.011169674594712627,0.01678337229333731,0.014038610949343985,0.03260534239253228,0.01233909854422776,0.010695228401481252,0.010404135373120946,0.02892445198711298,0.0,0.0,0.013628042561660336,0.012320790206171751,0.02238335088052406,0.00936492794582398,0.008030844144114736,0.0005028405858489224,0.02025106262883307,0.012320790206171751,0.012320790206171751,0.017404507111547236,0.013628042561660336,0.0027327509036094294
ENSG00000186642.16,0.001692691833818323,0.0218049458610033,0.0,0.0,0.021250583658425998,0.00833811807448371,0.0,0.00818664729891078,0.0,0.03181709435899013,0.0,0.0139413669285215,0.014301735273051185,0.0026978236702795144,0.0,0.009517439800801435,0.0,0.0,0.0,0.007256423686550051,0.028119516156859425,0.0,0.007642641838084892,0.0139413669285215,0.0,0.0,0.0,0.0,0.0,0.0,0.023454856385011335,0.0,0.012569051380854429,0.0139413669285215,0.0,0.006277425483469792,0.007948334011696378,0.0,0.0,0.0,0.0,0.0,0.0,0.02905264450810744,0.0025167805995812594,0.0,0.0024578425273363534,0.012485889149786662,0.014301735273051185,0.020357204721281396,0.021766114895504615,0.0,0.020306961986166418,0.00733233411718778,0.004933241855253637,0.0,0.0,0.0,0.0,0.028891080470840692,0.0139413669285215,0.0,0.010598121212162446,0.003907500586361488,0.03562272674481154,0.0,0.0,0.0,0.0058847547962072935,0.0032958580818715603,0.020928263947744823,0.009073932441990656,0.0,0.0,0.013789896152948572,0.0007951973474790257,0.0,0.0,0.0,0.0,0.012591961005102965,0.01120372411618574,0.01682844114929041,0.0,0.0,0.0,0.03562272674481154,0.0,0.02045827139634556,0.0,0.0,0.0,0.017474007310209483,0.0,0.01625070824173499,0.0024578425273363534,0.00818664729891078,0.0,0.0,0.0023489675486266896,0.017700963321337707,0.0,0.0,0.0,0.0,0.0,0.007752361054755234,0.0,0.02157014193856347,0.0004943079347534338,0.005673439507430385,0.0032958580818715603,0.04066971087036079,0.021986482342924364,0.0,0.0073689568288755995,0.0,0.0,0.015035687014800039,0.0,0.0029013498861471324,0.0,0.0,0.030510301217203155,0.023736068032592865,0.019331067668414567,0.01362031269161608,0.0,0.013448727790104559,0.0,0.0,0.0,0.0,0.0,0.018901469944717454,0.0,0.009871658780470846,0.008921695353630046,0.0,0.0,0.0,0.0,0.0,0.0,0.02642374762763168,0.021395936316874337,0.020358347268893077,0.026814060111968734,0.0,0.011160958149681897,0.013859209952105302,0.008167032823323244,0.0,0.016110021315339944,0.0,0.020216664056745225,0.0008607937011229118,0.0,0.0,0.014968830647944745,0.0,0.0,0.0011476623495085686,0.025615676212903837,0.0,0.009981208018667781,0.006667793136215294,0.02460928163038901,0.0,0.0,0.008969136222518471,0.0,0.0020712461414312475,0.0,0.029194088585140915,0.0,0.013703701390208087,0.0,0.0,0.024901699344690234,0.0,0.0,0.019696734307033212,0.0,0.0,0.0,0.0,0.0,0.0,0.0,0.011560567014086726,0.0,0.0,0.0,0.009143192464132581,0.0,0.0,0.019642970855238695,0.0,0.0
ENSG00000105887.11,0.0,0.0,0.0,0.0,0.019409780340290426,0.0,0.0,0.0,0.0,0.002547923496227164,0.0,0.008739077292895837,0.0,0.0,0.0,0.0,0.0,0.0,0.0,0.0,0.012003860737492853,0.0,0.0051163131843772885,0.008739077292895837,0.0,0.0,0.0,0.0,0.0,0.0,0.011861004162368504,0.0,0.0,0.008739077292895837,0.0,0.0027914392943070993,0.0,0.0,0.0,0.0,0.0,0.0,0.0,0.0076971705876840504,0.0,0.0,0.0,0.0030132321345729234,0.0,0.0,0.0013585912259586053,0.0,0.0062338502963942555,0.0,0.0,0.0,0.0,0.0,0.0,0.0020972084598339866,0.008739077292895837,0.0,0.001120495002469312,0.0,0.010765997450716405,0.0,0.0,0.0,0.0,0.0,0.002209967264255208,0.0,0.0,0.0,0.0038317736772172165,0.0028159383847064304,0.0,0.0,0.0,0.0,0.0,0.0,0.007424222892618276,0.0,0.0,0.0,0.010765997450716405,0.0,0.0058232390698944,0.0,0.0,0.0,0.0,0.0,0.0,0.0,0.0,0.0,0.0,0.0,0.0,0.0,0.0,0.0,0.0,0.0,0.0,0.0,0.0017526473532303438,0.007709263684580778,0.0,0.0,0.014248280294933257,0.0,0.0,0.0,0.0,0.0,0.0,0.0,0.0,0.0,0.0,8.479858310915522e-05,0.0,0.008408849572378724,0.0,0.0,0.0,0.0,0.0,0.0,0.0,0.0,0.007782690077146548,0.0,0.0,0.002046504667560352,0.0,0.0,0.0,0.0,0.0,0.0,0.0,0.0,0.002165539653723382,0.0015990370248179855,0.0,0.0,0.0,0.003256230117722962,0.0,0.0,0.0,0.01071522807072496,0.0,0.0,0.0,0.009175316138784254,0.0,0.0,0.0,0.009707429535145674,0.0,0.0,0.0,0.006392753419643023,0.0,0.0,0.0,0.0,0.0,0.0,0.0,0.0,0.0,0.0,0.0,0.0,0.0,0.0,0.0012617735224495878,0.0,0.0,0.0,0.0,0.0,0.0,0.0,0.0,0.0,0.0,0.0,0.0,0.0,0.0,0.0,0.0,0.0
ENSG00000105851.11,0.02383374873510161,0.033084698521175446,0.0,0.020579715188639387,0.009174560800574192,0.010977775888160202,0.00900972506446223,0.02086694142739705,0.0,0.03440607808418624,0.0,0.02547083201405597,0.037674163555368956,0.0,0.0,0.010298884871774112,0.0006139658170461852,0.024538689409094778,0.020718331491247674,0.0,0.030249382194471347,0.011980725075961818,0.028845719775747847,0.02547083201405597,0.0,0.0,0.0,0.0,0.0,0.004183654578130337,0.005085988839282896,0.0,0.003553660689960131,0.02547083201405597,0.019837668912213904,0.0,0.019360749511626092,0.0,0.0,0.0,0.01002046124574231,0.0,0.0,0.0,0.0,0.008226423564899166,0.02030721537604953,0.0016305838405644701,0.037674163555368956,0.0,0.01193596815072847,0.000691593615769738,0.019237873529728996,0.0,0.01944086136066306,0.0,0.0,0.0,0.0,0.0,0.02547083201405597,0.0069050440018883635,0.0,0.0,0.025659917160277834,0.02166479735567111,0.0,0.0,0.016768459032516524,0.0,0.0023847837566149596,0.005109218576160594,0.019725545052182332,0.0,0.03535999755329281,0.010058551391492136,0.018081483762741386,0.0,0.01854880825390042,0.02203971105425847,0.03576366006380783,0.024907757743112713,0.004046051562264612,0.0,0.021962093679178417,0.0,0.025659917160277834,0.003787839013149795,0.033206468214137155,0.02166479735567111,0.003932753996741031,0.0,0.004778550180415373,0.0025872179599523704,0.018771625583075748,0.02030721537604953,0.02086694142739705,0.0,0.0022854729913703888,0.0,0.0,0.0,0.015573886699715106,0.00201297317878053,0.0,0.015573886699715106,0.027940253729642876,0.0,0.020515472368745263,0.031937632569838156,0.004815901135289839,0.0,0.01952378500024087,0.0,0.012977547265408111,0.012467256695839993,0.0003758898998261692,0.0,0.020389941358878297,0.0,0.025496881671663047,0.0,0.01900500765951261,0.01946016390571554,0.0,0.02210743637615363,0.03275386580796959,0.0,0.0,0.0,0.010616611686212106,0.0,0.009973942434816679,0.004626730531017753,0.02433391491840007,0.0,0.0,0.016706950484251356,0.0016544405258704167,0.008183594627932611,0.005306846480636264,0.01840479180500508,0.009259029706590524,0.0,0.0,0.004795015922932057,0.0,0.032127764613315624,0.0,0.0,0.013356139030239873,0.018567827293619867,0.011937991249222901,0.02060593373859672,0.01840479180500508,0.03302859541427315,0.005656961605421777,0.01807412340925987,0.01020549557101396,0.007716570218601865,0.0031918303253145007,0.011937991249222901,0.03929950584309097,0.04023164844805217,0.0,0.0,0.015349940362546527,0.0,0.0,0.0,0.01290015770682628,0.00982089706268369,0.0,0.012567413279476348,0.015956053021481835,0.0018790052709262497,0.0,0.011935132269200434,0.0,0.017140999292698737,0.004281513070788993,0.03555925977428084,0.0,0.0,0.011563077550635546,0.027865199476392565,0.0,0.0,0.0,0.011937991249222901,0.04033780995469621,0.0,0.016910173921367712,0.0,0.014483586347160057,0.011937991249222901,0.011937991249222901,0.025083513936538147,0.0,0.0
ENSG00000186951.16,0.009004538133112496,0.0019546380359304373,0.0,0.0,0.0,0.0,0.0,0.0,0.0,0.0,0.0,0.0,0.0,0.005667090554097937,0.0,0.0,0.0,0.0,0.004952523712615776,0.0,0.0,0.013240676589032885,0.004503870990577606,0.0,0.0,0.0,0.0,0.0,0.0,0.008157757965811786,0.0,0.0,0.0,0.0,0.0028523133679648136,0.0,0.0,0.0,0.0,0.0,0.0,0.0,0.0,0.007319798003600612,0.01261199054927973,0.0,0.0,0.0075104020861230456,0.0,0.0,0.0,0.0,0.015024886036608426,0.0003989825841154218,0.0,0.01394907354590642,0.0,0.0,0.009182415796461715,0.0,0.0,0.0,0.02755811832246117,0.0,0.0,0.007197189445409036,0.0,0.0,0.0,0.0,0.0,0.0,0.0,0.0,0.0,0.005090866830241916,0.01314149757514843,0.004984129252860927,0.0,0.0,0.004934250809525989,0.0,0.015901123175364025,0.004299807371963633,0.0,0.01882432395776871,0.0,0.005561039351861682,0.0,0.007197189445409036,0.0,0.0,0.0,0.0,0.0,0.0,0.0,0.019060480755096764,0.0,0.0,0.007752257905104126,0.0,0.0,0.0,0.005165093981063164,0.0,0.0,0.006508556661111359,0.0,0.007669101097323865,0.0,0.0,0.0,0.0,0.0,0.006305474524800424,0.0,0.0004650695174874993,0.0,0.02879922464646367,0.0,0.0,0.0,0.0,0.0,0.0,0.0,0.009112274436961047,0.0,0.00027993572426697477,0.0,0.0,0.0,0.0,0.0,0.0,0.014663018705897153,0.0016511748997065055,0.0,0.0,0.0,0.0,0.0,0.0,0.0,0.0,0.0,0.0,0.0,0.0,0.0020561089749982324,0.0,0.0,0.0,0.0,0.0,0.001233279856215623,0.0,0.0,0.0027556139990281836,0.0,0.0,0.0,0.0,0.009722119172699772,0.0,0.0,0.0,0.0,0.0,0.0,0.0,0.0,0.0,0.0,0.005094952621562496,0.0,0.0,0.0,0.021309453650463474,0.026897049238560948,0.002941768328602004,0.005996290268996528,0.0,0.0,0.0,0.0,0.00728108118263884,0.018461966979154545,0.0,0.0,0.0,0.0,0.0,0.0,0.0,0.0,0.004647897449663381,0.018461966979154545,0.0
ENSG00000106799.13,0.01019721948002204,0.03635982962340456,0.0,0.024616026241738274,0.0,0.006012441283311871,0.012088840193648042,0.023827280069014047,0.0024157534792254715,0.036748326629349945,0.0,0.019814401013177448,0.04013226751170118,0.0,0.0,0.006031813568869355,0.004585658206249912,0.019640573155751306,0.016227653389666905,0.0,0.032863874597974733,0.0,0.02467215530963409,0.019814401013177448,0.0,0.0,0.0,0.0,0.0,0.008920299370301588,7.748206571532579e-05,0.0,0.0060025011027360145,0.019814401013177448,0.015503379257804296,0.0,0.022917388015751213,0.0,0.0,0.002677320030976118,0.004421985052812306,0.0,0.0,0.0023493654781835127,0.0,0.010840915968402545,0.02324531340559483,0.0,0.04013226751170118,0.0,0.015648995102024756,0.0,0.01424887248232751,0.0,0.022997499864788183,0.0,0.0,0.0,0.0,0.0,0.019814401013177448,0.010452418962457154,0.0,0.0,0.029091436709678106,0.01655557877951052,0.0,0.0,0.011051206352017715,0.0,0.007166878880875836,0.0,0.014113122682790732,0.0,0.03762923979887962,0.0,0.013938854551083409,0.0,0.013807080447728111,0.016616150395612296,0.03005859200326564,0.019591948471974038,0.0007435841098115265,0.0,0.016244840998679604,0.0,0.029091436709678106,0.0,0.03592579092874775,0.01655557877951052,4.9580668481846724e-05,0.0,0.007940255008636696,0.00534408658451134,0.013232209513261062,0.02324531340559483,0.023827280069014047,0.0,0.0,0.0,0.001880660203687698,0.0024958653282624414,0.009984674050341435,0.0,0.0,0.009984674050341435,0.030116850284079087,0.0,0.02284845737035264,0.01823388496325373,0.00876089132815671,0.0,0.02273169775096513,0.0,0.007483901383585317,0.018375485266329837,0.0,0.0,0.015532358141537472,0.0,0.02927712697446419,0.0,0.013182924667906586,0.024133498031068165,0.0,0.0181883527977174,0.036026381114489664,0.0,0.0,0.0,0.006599415992792561,0.0,0.0062269075189925124,0.0007659232847693626,0.019842062721712964,0.0,0.0,0.004391388480534372,0.0,0.014076143308504603,0.00944063891289789,0.005407396948814234,0.013289150618876866,0.0,0.002716928671836153,0.009470253568142344,0.0,0.027061830951662154,0.0,0.0,0.008720402862240507,0.00522170668402815,0.006987912998737952,0.025688273313867208,0.005407396948814234,0.019329263563641223,0.002761970991418679,0.01334765195745093,0.013617076008720481,0.0,0.0,0.006987912998737952,0.034924668577467705,0.03509849643489384,0.0,0.0,0.019860055348045955,0.0,0.0,0.0,0.0,0.006035894848018423,0.0,0.0011267790248762483,0.02060762620192598,0.0,0.0,0.016188859980162777,0.0,0.021709980275878837,0.010515172809173141,0.03159186066042027,0.0,0.0,0.006927341382636176,0.014876931141169149,0.0,0.0,0.0,0.006987912998737952,0.04464133424521755,0.0,0.021163901632330073,0.0,0.019612241807239306,0.006987912998737952,0.006987912998737952,0.0291204261035758,0.0,0.0
ENSG00000112977.15,0.005599969223802792,0.019301079569177898,0.0,0.0,0.026490369940566756,0.0,0.0,0.0001575001496184683,0.0,0.027273982977122344,0.0,0.014912667460103095,0.0013949654741047327,0.0,0.0031518516619187947,0.0,0.0,0.0,0.0,0.0,0.018377346777921355,0.0,0.010869776362909124,0.014912667460103095,0.0,0.0,0.0,0.0,0.0,0.0,0.019525991444276695,0.0,0.0012300767490835557,0.014912667460103095,0.0,0.0015386400752030877,0.0,0.0,0.0,0.0,0.0,0.0,0.0,0.01489186456686922,0.0,0.0,0.0,0.009951773230154046,0.0013949654741047327,0.0,0.0,0.0,0.03148128437761833,0.0,0.0,0.0,0.0,0.0,0.0,0.001022149431849105,0.014912667460103095,0.0,0.007456685493516406,0.0,0.036283460872994514,0.0,0.0,0.0017764899643065678,0.006180621667598448,0.0,0.009414048895562417,0.0,0.0,0.0,0.018499338925445228,0.00967397952945628,0.0,0.0,0.0,0.0,0.020301169978639143,0.005266510371012174,0.014050394684621052,0.0,0.0,0.0,0.036283460872994514,0.0,0.012196725110322909,0.0,0.0,0.0,0.0,0.0,0.008774644051677119,0.0,0.0001575001496184683,0.0,0.0,0.0,0.005757554221276193,0.0,0.0,0.0,0.0,0.0,0.010899843194764447,0.0,0.027882224498581066,0.01355227683101149,0.0,0.0,0.039791594553659465,0.0,0.0,0.0,0.0,0.0,0.011242797252267824,0.0,0.0,0.0,0.0,0.024680386204304468,0.0,0.013979046832945319,0.010878534623337516,0.0,0.0,0.0,0.0,0.0,0.0,0.0,0.013821645088462654,0.0,0.0,0.008179990532226199,0.0,0.0,0.0,0.0,0.0,0.0,0.011858566365355757,0.0034223550506959077,0.0097029232801316,0.02602546045586343,0.0,0.0,0.0,0.028781445028895493,0.0,0.0018388995296487777,0.0,0.03586671519527238,0.0,0.0,0.0,0.016008079057310706,0.0,0.0,0.0,0.03397776806307212,0.0,0.0,0.0,0.013584915576036902,0.0,0.0,0.004406498107305153,0.0,0.0,0.0,0.005265166166904277,0.0,0.0,0.0,0.0,0.016675127790550907,0.0,0.0,0.007794363652997981,0.0,0.0,0.0,0.0,0.0,0.0,0.0,0.0,0.0,0.0,0.0,0.0,0.0,0.0,0.0014798990458904857,0.0,0.0
ENSG00000000938.13,0.01960146961011264,0.03796048707098547,0.002315404946656746,0.030799130940066862,0.014936823686280545,0.001630344416909183,0.008639621717412768,0.021812633946788815,0.021806244582179564,0.03457643390800979,0.021344661117237276,0.015410219579816678,0.03675795850060147,0.0,0.0,0.023497162279183095,0.008104952232688159,0.012423490031366495,0.02317915535933413,0.0,0.022330122083826984,0.013651469526223727,0.024197891993318586,0.015410219579816678,0.0065187317704442395,0.021344661117237276,0.0070521720111989435,0.021344661117237276,0.0018568992852619863,0.006737318183931841,0.0,0.0065187317704442395,0.014037308802662105,0.015410219579816678,0.02960404635249607,0.0,0.03373374866566162,0.021344661117237276,0.013938646469303168,0.0,0.01696285630424303,0.0,0.0,0.0066117182311191056,0.0,0.01715648889048883,0.02569602764743793,0.0,0.03675795850060147,0.0,0.019305912248887124,0.006248052947426176,0.014952660429966659,0.0,0.01880007849066146,0.0,0.007513755476141221,0.0,0.0,0.0,0.015410219579816678,0.020540542053464513,0.0077129673528641175,0.008909071296460926,0.023532650654210986,0.015141434341110448,0.0,0.01644439373016878,0.016655727725710674,0.005613991255368184,0.0009001937863611642,0.019094132063276596,0.018629652805453277,0.0,0.0355925091096963,0.00493522699803,0.005030661326868132,0.0,0.005368240216620038,0.01979510219635844,0.024021840601682293,0.01397888680144958,0.016779069721032238,0.0,0.01124618786210864,0.0,0.023532650654210986,0.02247818522625228,0.024304047163569594,0.015141434341110448,0.02839991093198374,0.013414680927220712,0.012533893759378495,0.018963500798334282,0.01761357760376675,0.02569602764743793,0.021812633946788815,0.008320427901587074,0.007967103077079422,0.0,0.008376971849016517,0.006872574407179404,0.013657145398907798,0.0028639997844504897,0.004587965227192164,0.013657145398907798,0.028438477110559145,0.0,0.014010640693784663,0.018335767081397596,0.0024481621050253186,0.005613991255368184,0.02716734145652816,0.002188027956076862,0.018936781383985638,0.01639170408377516,0.007055249814746457,0.0,0.016666856431936754,0.0,0.030099057863344443,0.013414680927220712,0.009272262782366033,0.027872930445991366,0.004820255091440094,0.023020599573067187,0.03438377345030493,0.004231242143363258,0.0,0.0,0.019548475262505076,0.011846307722464096,0.02865099033550296,0.012493225447758612,0.010545884115446314,0.0,0.002351228857689812,0.007681884330995828,0.02035259432627785,0.033837886564995895,0.000146558308841159,0.019089969601110313,0.030103068568832565,0.02056655525907647,0.0,0.011246409969784422,0.0,0.026529117302303888,0.0,0.0063284220918422285,0.014529530953905315,0.012523562391976856,0.01616442209952939,0.03310758306091232,0.019089969601110313,0.023129253157478148,0.0,0.012529731297212222,0.022065347550608877,0.0,0.0051206388457305935,0.01616442209952939,0.022276685225138662,0.025263414773588837,0.0,0.004609371962188982,0.03158735751103521,0.011051621589099954,0.012091101939254514,0.013297344511531386,0.024291909951863262,0.012698597445355796,0.027235990980834554,0.0,0.012276315938908343,0.010020789429394675,0.01051029741326847,0.021827404276136723,0.013297344511531386,0.031858651652674624,0.0028720696685104463,0.01809868037810614,0.0,0.007095241927813752,0.011510754244281399,0.025703864053847475,0.0,0.0,0.0,0.01616442209952939,0.025018582882116454,0.002190914350376102,0.01890729419354326,0.0045118865824256005,0.02469140835425874,0.01616442209952939,0.01616442209952939,0.033933950829218275,0.0,0.006322714347180267
ENSG00000180354.16,0.0,0.0,0.0,0.0,0.00992372587472351,0.0,0.0,0.0,0.0,0.008786641071680139,0.0,0.005103181287839122,0.0,0.0,0.006318543883527088,0.0,0.0,0.0,0.0,0.0,0.012799432251068728,0.0,0.0,0.005103181287839122,0.0,0.0,0.0,0.0,0.0,0.0,0.02324532062987384,0.0,0.0,0.005103181287839122,0.0,0.0,0.0,0.0,0.0,0.0,0.0,0.0,0.0,0.01352079785081646,0.0,0.0,0.0,0.0037726677569129875,0.0,0.011486953902874256,0.0,0.0,0.010836110905913347,0.0,0.0,0.0,0.0,0.0,0.0,0.00338357832911727,0.005103181287839122,0.0,0.0,0.0,0.01975903472079343,0.0,0.0,0.0,0.0,0.0,0.009685109928709433,0.0,0.0,0.0,0.0,0.0,0.0,0.0,0.0,0.0,0.0,0.0,0.0,0.0,0.0,0.0,0.01975903472079343,0.0,0.0,0.0,0.0,0.0,0.0,0.0,0.0,0.0,0.0,0.0,0.0,0.0,0.0,0.0,0.0,0.0,0.0,0.0,0.0,0.0,0.020442630082498164,0.0,0.0,0.0,0.02252118652822596,0.0,0.0,0.0,0.0,0.0,0.0,0.0,0.0,0.0,0.0,0.0,0.0,0.0,0.0,0.0,0.0,0.0,0.0,0.0,0.0,0.0,0.007897347931118716,0.0,0.0,0.0,0.0,0.0,0.0,0.0,0.0,0.0,0.013149018332339137,0.004719359375888951,0.017104532308097085,0.006184765718055096,0.0,0.0,0.0,0.007875261520056721,0.0,0.0,0.0,0.0010150490494460485,0.0,0.0,0.0,0.0065930106342890205,0.0,0.0,0.0,0.0136242215182222,0.0,0.0,0.0,0.008396118494875163,0.0,0.0,0.0,0.0,0.0,0.0,0.0,0.0,0.0,0.0,0.0,0.0,0.0,0.0,0.004773180570711653,0.0,0.0,0.0,0.0,0.0,0.0,0.0,0.0,0.0,0.0,0.0,0.0,0.0,0.0,0.0,0.0,0.0
ENSG00000120129.6,0.01193728902479177,0.026497470679278753,0.0,0.0036446493705196634,0.0,0.0,0.0,0.0,0.0,0.02234453486880999,0.007179943156170293,0.0,0.0057168530603066425,0.0,0.0,0.0,0.0,0.0,0.0,0.0,0.0,0.0,0.006323367955717259,0.0,0.0,0.007179943156170293,0.0,0.007179943156170293,0.0,0.0009217797450543977,0.0,0.0,0.003979522997659551,0.0,0.004675796366190706,0.0,0.0,0.007179943156170293,0.0,0.0,0.017809156740873612,0.0,0.0,0.0,0.0,0.0,0.0,0.0,0.0057168530603066425,0.0,0.0,0.0,0.01519229740584293,0.0,0.0,0.0,0.0,0.0,0.0,0.0,0.0,0.0,0.0013354908459339981,0.0,0.01452478889868379,0.0,0.0,0.0,0.0,0.0,0.0,0.0040247003479794985,0.0,0.0,0.013070404209447332,0.0,0.0,0.005514337878787905,0.0,0.0,0.022090916872552418,0.0,0.011026675773243226,0.0,0.0,0.0,0.01452478889868379,0.008177636158448263,0.0,0.0,0.003712803661322997,0.0,0.0,0.018178170915459688,0.0,0.0,0.0,0.0,0.0,0.0,0.0028356563500641432,0.0,0.0,0.0,0.0,0.0,0.024495645093786968,0.0,0.012522963313192009,0.010223882109920146,0.0,0.0,0.017428483981935763,0.0,0.010951115596123766,0.010128354761695685,0.0,0.0,0.010327268898330515,0.0,0.0,0.0,0.0,0.01854762307047441,0.0,0.0,0.02058783933681377,0.0,0.0,0.0,0.0,0.0,0.0,0.0,0.0,0.0,0.0,0.00028153526320584543,0.0,0.0,0.0,0.0,0.0,0.003970193765700909,0.0,0.0,0.0,0.01379129708201398,0.0,0.0,0.004132594560615474,0.02070305435286203,0.0,0.0,0.0,0.005220189530221162,0.0,0.0,0.0,0.0,0.0,0.0,0.0,0.012077890167142353,0.0,0.0,0.0,0.0,0.0,0.0,0.00591997833116948,0.012522524744715102,0.0030332591761006167,0.0,0.0,0.0,0.0,0.0,0.0,0.02980887683481813,0.0,0.00694329536653112,0.0033507921079643163,0.0,0.0,0.0,0.0,0.0,0.00045909400208204304,0.0,0.004293218279536722,0.0,0.0,0.0,0.0,0.0,0.0,0.003054739995248995,0.00045909400208204304,0.0
ENSG00000176974.20,0.022200993912925578,0.028395822881602535,0.0,0.0,0.018542637879337256,0.0,0.0,0.013953813587380941,0.0,0.02238976545801666,0.0,0.025515224792353002,0.016419120197823038,0.0,0.0014555150011592924,0.0,0.0,0.0,0.009520235470984458,0.0,0.012850686774207039,0.0211144510750393,0.036476211258559814,0.025515224792353002,0.0,0.0,0.012203816979593794,0.0,0.0,0.0,0.0,0.0,0.0,0.025515224792353002,0.007893902633175541,0.0,0.0,0.0,0.0,0.0,0.007874280823556332,0.0,0.0,0.0,0.0,0.0,0.0,0.003693222908879544,0.016419120197823038,0.0,0.0,0.010058589025612082,0.0358474092739994,0.0,0.0,0.0,0.0,0.0,0.0,0.0,0.025515224792353002,0.0,0.013598344703752908,0.0,0.024827389457986543,0.0008901216745227647,0.0,0.016721518836001717,0.026156910192038522,0.0,0.0,0.0,0.029802821131155892,0.0,0.042707763281580345,0.01203989923769843,0.0,0.005667236912665054,0.0,0.003514178047398578,0.03269519042837102,0.007125710259800591,0.021911642115119548,0.0,0.03090880966192238,0.0,0.024827389457986543,0.0,0.016496597713324394,0.0008901216745227647,0.0031077123850638336,0.0,0.0,0.00014485211482451882,0.009484823307592198,0.0,0.013953813587380941,0.0,0.01169573122654538,0.0,0.01434288619198821,0.0,0.005261851977850587,0.004052531602026198,0.008414070823478975,0.005261851977850587,0.024137439388468664,0.0038905195682271583,0.02056900596485266,0.039963278974365336,0.0,0.0,0.027186502505778157,0.0,0.011520191762673694,0.012454735042177416,0.0007383007225987663,0.0,0.0023149078963626835,0.0,0.0,0.0,0.02726289872280501,0.023451363949619216,0.0,0.02641538123286111,0.03507254730137241,0.0,0.0,0.0,0.004524866217425389,0.0,0.005056019887592203,0.0,0.01322859903492134,0.0,0.0,0.004145406106027018,0.006670094171407112,0.001125315830423551,0.0,0.012966862975851833,0.0,0.0,0.0,0.011510594449361176,0.0,0.025952147244359937,0.0,0.0,0.0,0.04093855498099988,0.0,0.018171756869576675,0.012966862975851833,0.038028643284109695,0.0,0.0,0.0,0.00592630360013599,0.0009564327938093933,0.0,0.016169802987424688,0.0437144323057997,0.0,0.0,0.0,0.005859665463549522,0.0,0.0009011321219402138,0.017831519705278968,0.005117905218292522,0.0,0.0,0.0,0.016119081821480228,0.0,0.0,0.0009011321219402138,0.016932485573202725,0.0,0.011871218750797038,0.0,0.0016710276394678904,0.0,0.00486371301514861,0.0,0.0,0.0,0.0,0.0,0.0,0.0,0.0,0.0,0.0,0.0,0.008268654185797843,0.0,0.0
ENSG00000119541.10,0.010663289600165986,0.004104776243846156,0.0,0.0004652986497220568,0.011441050790356327,0.0008799174593430506,0.0014774821240989347,0.00407422149272732,0.0032344478054441815,0.011804310073083656,0.009003786646336796,0.00970661654687489,0.015051230669473538,0.0,0.0,0.003387308865653891,0.0,3.6271319362433246e-05,0.0,0.0,0.012760186036183558,0.0,0.006218938744567689,0.00970661654687489,0.0,0.009003786646336796,0.0002752316413869166,0.009003786646336796,0.0038482170948398314,0.0,0.00493856376724177,0.0,0.014407644169245566,0.00970661654687489,0.007425101974545177,0.0,0.0047216804456527706,0.009003786646336796,0.0033975745919659767,0.0,0.013727124815786751,0.0,0.0,0.0,0.0,0.009296789227931774,0.006742125110594587,0.0,0.015051230669473538,0.0,0.0024306358123627886,0.0,0.0,0.0,0.0029575861880307523,0.0,0.0,0.0,0.0,0.0,0.00970661654687489,0.001597255398694264,0.0,0.0,0.001813731610556174,0.0005538648480153258,0.0,0.00556285744963788,0.010816123275294688,0.0030347033947458572,0.0,0.008542444303866307,0.004082643923096638,0.004908848158624222,0.012900920580259156,0.0,0.0,0.0,0.003420212201713662,0.006232954012311016,0.005616049810504394,0.0,0.0,0.0,0.0,0.0,0.001813731610556174,0.0008429104746287969,0.006026706683985507,0.0005538648480153258,0.0056198457639855676,0.0,0.006088272884054533,0.0,0.0029860334159211334,0.006742125110594587,0.00407422149272732,0.0,0.0,0.0,0.0,0.0014703535478221702,0.0,0.0005682342229818907,0.0,0.0,0.00529594414377392,0.0,0.0030048995104839486,0.009026097193416068,0.0,0.0030347033947458572,0.0049484223838267664,0.0,0.006993645463588695,0.0,0.0015249072762729896,0.0,0.005681032514444233,0.0,0.0015869896723821747,0.0,0.0031982506175651515,0.0,0.0,0.007366214826402713,0.002800480618660159,0.0,0.0,0.0,0.0,0.0,0.005002059020258638,0.0,0.007446358594326664,0.0,0.0,0.011786972529968995,0.0033680102418066557,0.003440358364227923,0.0,0.0029804934699428076,0.002149739256743388,0.0,0.0,0.006284440615515023,0.003787812543113344,0.00955247455090475,0.0,0.0,0.009601144529729475,0.003207235408116807,0.0036610128234016333,0.004522968430820472,0.0029804934699428076,0.0,0.0,0.0005263220501310409,0.004170183921685208,0.0003425938325100353,0.0,0.0036610128234016333,0.0,0.007915282144154837,0.0,0.0,0.002979016021757437,0.007549026067169805,0.007730846851649032,0.006751951124157891,0.0073514455312824675,0.0,0.005240677557499643,0.0,0.0,0.0,0.0,0.004463570472554794,0.006751951124157891,0.0,0.0,0.0,0.000981162582850574,0.0,0.0,0.004648999124878671,0.0,0.0,0.0,0.0036610128234016333,0.0,0.0,0.0029259397414919883,0.0027322770408121644,0.0,0.0036610128234016333,0.0036610128234016333,0.01321169263403691,0.0,0.013981102807860791
ENSG00000177105.10,0.02206552741826657,0.03030162739993917,0.0,0.0,0.009426373460492101,0.0,0.0012141905487906939,0.013625986647878036,0.0,0.02433050688662257,0.0,0.016101425570643983,0.017966018872676084,0.0,0.010332257553153933,0.0,0.0022883300619054026,0.005899259047038682,0.009279872120845734,0.0,0.003735097153126036,0.010532500361848218,0.026827090032126518,0.016101425570643983,0.0,0.0,0.0017769710045816081,0.0,0.0,0.0,0.007996335464082023,0.0,0.0,0.016101425570643983,0.008122340879979366,0.0007039715276448109,6.670870907284077e-05,0.0,0.0,0.0,0.009289027048526913,0.0,0.0,0.0,0.0024274102552862623,0.0,0.0,0.0022987953722298157,0.017966018872676084,0.0,0.0,0.0005380374961126561,0.026812527834769343,0.0,0.001847424680141492,0.0,0.0,0.0,0.0,0.0,0.016101425570643983,0.0,0.004054902182899146,0.003527263570374358,0.01607070568038913,0.000519737830227178,0.0,0.008257746431258005,0.016959095341441938,0.0,0.0041331805119548745,0.0,0.02024864262014138,0.0,0.03490590988528833,0.020383664649644466,0.007798366575488897,0.0,0.0,0.0033087516075291368,0.03354367029839546,0.0065200746157305645,0.012031996820688222,0.0,0.021726894938415335,0.0,0.01607070568038913,0.0,0.007024644431825478,0.000519737830227178,0.0036415643066137066,0.0,0.0,0.001921357772900728,0.009673239621475621,0.0,0.013625986647878036,0.0,0.0021321028231100145,0.0,0.004154858536905684,0.0,0.005644673696601047,0.0,0.0,0.005644673696601047,0.026666428975694476,0.0,0.012435507256144434,0.030056316788589183,0.0,0.0,0.019223870686134185,0.0,0.012578574327226352,0.011410306016708824,0.0005310188304186517,0.0,0.011106215820118798,0.0,0.0,0.0,0.018437347659715893,0.012224732203771231,0.0,0.014653932760413858,0.024666820878596535,0.0,0.0,0.0,0.0026031155593735575,0.0,0.0027189285680969677,0.0,0.009679254359609438,0.0,0.0,0.009744097160193348,0.0038420490678425095,0.0,0.0,0.010586886264002157,0.0,0.0,0.0,0.0,0.0024318340238454403,0.024530991647851372,0.0,0.0,0.0,0.029744048241063498,0.0,0.015338972458816477,0.010586886264002157,0.025983111180976484,0.0011188939104341197,0.0,0.0,0.0017501447721627247,0.0,0.0,0.02231961449456868,0.03252178101817399,0.0,0.0,0.0,0.002194042507762329,0.0,0.0,0.0154731219596747,0.012227825834135522,0.0,0.007515551385020049,0.0,0.003855743800376045,0.0,0.0,0.0,0.016440591885422566,0.0,0.027480943539444386,0.0,0.0,0.0,0.010874139697467679,0.0,0.0,0.0,0.0,0.015114615121926439,0.0,0.00034916578543562476,0.0,0.0,0.0,0.0,0.007400695425272198,0.0,0.0
ENSG00000116288.13,0.01193082897893906,0.023769272472461654,0.0,0.0,0.014935472308156034,0.0057983355173693366,0.0,0.017751001433033257,0.0,0.02331260513921403,0.0,0.02233000651587736,0.017178298980200797,0.0,0.002571287627002778,0.0,0.0,0.002681129547665216,0.0004566673332476283,0.0,0.0265091529131219,0.009598742896900738,0.026964678696157512,0.02233000651587736,0.0,0.0,0.0,0.0,0.0,0.0,0.009094537100932682,0.0,0.0,0.02233000651587736,0.0,0.0013119570116622813,0.0,0.0,0.0,0.0,0.0,0.0,0.0,0.0036610723417868918,0.0,0.0,0.0,0.00781743916447425,0.017178298980200797,0.0,0.007753019700196286,0.0,0.02748778737746859,0.0,0.0,0.0,0.0,0.0,0.0,0.0,0.02233000651587736,0.0,0.00415978431938703,0.0,0.03310012640538276,0.0,0.0,0.0012646508442039558,0.013606549017344514,0.0,0.007775394520121742,0.0,0.0171043734513405,0.0,0.03428267243154129,0.01702753067859698,0.0,0.0,0.0,0.0,0.025347106705186473,0.01234795412223022,0.01116957125694943,0.0,0.019304581475943446,0.0,0.03310012640538276,0.0,0.030006977347117887,0.0,0.0,0.0,0.0,0.0,0.006134306159013229,0.0,0.017751001433033257,0.0,0.0,0.0,0.0029626890105837952,0.0,0.0,0.0,0.0,0.0,0.016789355665284125,0.0,0.026120209598205227,0.029788068740495985,0.0,0.0,0.026886478442165775,0.0,0.0008810212178383403,0.001069761968220291,0.0,0.0,0.008249115210130269,0.0,0.004635813730492173,0.0,0.015806757041947457,0.030205429976922372,0.0,0.02077593282720086,0.02523020222679813,0.0,0.0,0.0,0.0,0.0,0.0,0.0,0.021596803716512295,0.0,0.0,0.005207745024379637,0.0,0.0,0.0,0.0,0.0,0.0,0.0025752031861584826,0.0017691670786093815,0.0,0.02193277435815619,0.0,0.0,0.0,0.02598479307854902,0.0,0.01897134126628313,0.0,0.042106952309204755,0.002912042249825171,0.0,0.0,0.014220609876944165,0.0,0.0,0.020141137151500975,0.03979001411971311,0.0,0.0,0.0,0.0027679846064067905,0.0,0.0,0.0014545785380687126,0.0,0.0,0.008924191876114453,0.0033849421618289063,0.0,0.0,0.0,0.0,0.010478203232351858,0.0,0.016542134084992534,0.0,0.0,0.0,0.008015888109872561,0.0,0.0,0.0,0.0,0.02072128048223708,0.0,0.0,0.0,0.0,0.0,0.0,0.006797560180554156,0.0,0.0
ENSG00000116473.14,0.0009815696373192198,0.0,0.0,0.0,0.009339383588889479,0.0,0.0,0.0,0.0,0.0012015995078286656,0.0,0.003850238255122658,0.0,0.0,0.0021375514801440457,0.0,0.0,0.0,0.0,0.0,0.0037691137876691774,0.0,0.005555967471078199,0.003850238255122658,0.0,0.0,0.0,0.0,0.0,0.0,0.0011872861871497463,0.0,0.0,0.003850238255122658,0.0,0.0,0.0,0.0,0.0,0.0,0.0,0.0,0.0,0.0,0.0,0.0,0.0,0.0,0.0,0.0,0.0,0.0,0.004184755798023694,0.0,0.0,0.0,0.0,0.0,0.0,0.0,0.003850238255122658,0.0,0.0,0.0,0.005670640063670723,0.0,0.0,0.0,0.004199142792586701,0.0,0.0,0.0,0.0,0.0,0.001671761698982005,0.0,0.0,0.0,0.0,0.0,0.0,0.0,0.0021241018700003493,0.0,0.0,0.0,0.005670640063670723,0.0,0.0,0.0,0.0,0.0,0.0,0.0,0.0,0.0,0.0,0.0,0.0,0.0,0.0,0.0,0.0,0.0,0.0,0.0,0.002151864800822967,0.0,0.00929515361605747,0.008353706807836182,0.0,0.0,0.006953364038952865,0.0,0.0,0.0,0.0,0.0,0.0,0.0,0.0,0.0,0.004800503548116959,0.0,0.0,0.0,0.0,0.0,0.0,0.0,0.0,0.0,0.0,0.0,0.0,0.0,0.0,0.0,0.0,0.0,0.0,0.0,0.0,0.0,0.0,0.0,0.0,0.0,0.0,0.0,0.0,0.010213341939514106,0.0,0.0,0.0,0.0,0.0,0.0,0.0,0.0,0.0,0.0,0.0,0.0037057324738065944,0.0,0.0,0.0,0.0002781227008259203,0.0,0.0,0.0,0.0,0.0,0.0,0.0,0.0,0.0,0.0,0.0,0.0,0.0,0.0,0.0,0.0,0.0,0.0,0.0,0.0,0.0,0.0,0.0,0.0,0.0,0.0,0.0,0.0,0.0,0.0,0.0,0.0
ENSG00000116489.13,0.017782185798299023,0.020406972035512283,0.0,0.0,0.011601361229515494,0.0,0.0,0.0,0.0,0.011499142476342455,0.0,0.009924627274260606,0.005393405909979582,0.0,0.009404481664943565,0.0,0.0,0.0,0.0,0.0,0.005611931161395779,0.005014332697257359,0.02295507277886091,0.009924627274260606,0.0,0.0,0.0006781660420358895,0.0,0.0,0.0,0.006620647960972219,0.0,0.0,0.009924627274260606,0.0,0.00748870489320274,0.0,0.0,0.0,0.0,0.0037624732307602222,0.0,0.0,0.0008800332216269934,0.001710353383968976,0.0,0.0,0.014054682603076914,0.005393405909979582,0.0,0.0,0.0,0.02354562002469135,0.0,0.0,0.0,0.0,0.0,0.0,0.0,0.009924627274260606,0.0,0.009493426677867164,0.0008561297802989198,0.020625497286928484,0.0,0.0,0.0,0.010946754692805358,0.0,0.014349118706006567,0.0,0.0,0.0,0.012474849661197628,0.0033035439533456064,0.0,0.00014865735734945207,0.0,0.0,0.02205405614507462,0.0,0.016410283038957942,0.0,0.0,0.0,0.020625497286928484,0.0,0.0,0.0,0.0,0.0,0.0,0.0,0.0,0.0,0.0,0.0,0.0,0.0,0.008264433957745683,0.0,0.0,0.0,0.0,0.0,0.014282976180313801,0.0,0.014501501431729992,0.02579535021413145,0.0,0.0,0.014383279731061134,0.0,0.0,0.0,0.0,0.0,0.004901471221770974,0.0,0.0,0.0,0.012708460978231952,0.0,0.0,0.00946583047786255,0.0,0.0,0.0,0.0,0.0,0.0,0.0,0.0,0.011260285179613937,0.0,0.0,0.012869211100874387,0.0,0.0,0.0,0.0,0.0,0.0,0.0,0.0,0.008978433284870323,0.01131320194115034,0.0,0.0,0.0,0.02394406628054138,0.0,0.0,0.0,0.011032052804287491,0.0012121450697350558,0.0,0.0,0.012324968443888196,0.0,0.0,0.009130297069769575,0.019326366356982774,0.0,0.0,0.0,0.011276001382475417,0.0,0.0,0.0,0.0,0.0,0.006866654570857084,0.0,0.0,0.0,0.0,0.0,0.008115311793530346,0.0,0.0050857051128062256,0.0,0.0,0.0,0.006075522307017994,0.0,0.0,0.0,0.0,0.0007730089999413957,0.0,0.0,0.0,0.0,0.0,0.0,0.0,0.0,0.0
ENSG00000116729.14,0.0,0.009608486286063367,0.0,0.01739952600584,0.0,0.0,0.0,0.0,0.007202221886667779,0.00425137508030728,0.0,0.0,0.007616888871514623,0.0,0.0,0.0,0.0,0.0,0.0,0.0,0.0,0.0,0.004242661300429849,0.0,0.0,0.0,0.0,0.0,0.0,0.0,0.0,0.0,0.005080399905286345,0.0,0.0010340323521539144,0.0,0.0005630168991142895,0.0,0.0,0.0,0.002007390407431805,0.0,0.0,0.0,0.0,0.00013911148322363204,0.009799120144136718,0.0,0.007616888871514623,0.0,0.0,0.0,0.0,0.0,0.0,0.0,0.0,0.0,0.0,0.0,0.0,0.0054962226889797225,0.0,0.0,0.0,0.0034236431938290887,0.0,0.0,0.0,0.0,0.0,0.0,0.0,0.0,0.004736065443842998,0.0,0.0,0.0005784185010813056,0.0,0.0,0.0,0.0,0.0,0.0,0.0,0.0,0.0,0.004613527095944564,0.0,0.0034236431938290887,0.0,0.009075717432770358,0.0004542273972418451,0.009788693145153272,0.0,0.009799120144136718,0.0,0.0,0.0,0.0,0.0,0.0,0.0,0.0,0.0,0.0,0.005640555919278537,0.0,0.0,0.0,0.0,0.0,0.0004327923322816028,0.0,0.0,0.0,0.0,0.0,0.0,0.0,0.0,0.009075717432770358,0.0,0.006062474677781607,0.0,0.0,0.005662606927222147,0.0,0.0,0.0,0.0,0.0,0.0,0.0,0.0,0.0,0.0,0.0,0.0,0.004692341608449287,0.0,0.0,0.0,0.0028861318367336963,0.0,0.0,0.0,0.0,0.0,0.0,0.0030050608617624847,0.0,0.0,0.0,0.0,0.0,0.0,0.0,0.005828430228978658,0.0,0.0,0.0,0.0,0.0,0.0,0.0,0.009796360595763484,0.0,0.0,0.0,0.0,0.0,0.0,0.0,0.0,0.0,0.0,0.0,0.0,0.016397305323462966,0.0,0.0,0.0,0.0,0.0,0.0,0.0,0.0,0.0,0.0,0.0,0.0,0.0,0.0,0.0,0.0,0.0,0.00891483199960073,0.0,0.0
ENSG00000116809.11,0.025637268542673536,0.03446109003469234,0.0,0.01871046903818919,0.011245789415742263,0.014488872537487138,0.011942834964719495,0.024700371670256332,0.01816887571835698,0.03812966987549883,0.0,0.028893614392980327,0.04054114863044174,0.0,0.003565187138023014,0.010844471345647717,0.002969804051981037,0.026511182387847804,0.03007212695196512,0.0,0.024944614487330374,0.021437337384514393,0.02081351233247495,0.028893614392980327,0.0015940579432729522,0.0,0.0,0.0,0.0,0.003443686224733969,0.009747938627501514,0.0015940579432729522,0.01699036315937219,0.028893614392980327,0.018297041293273655,0.0,0.029697351339065873,0.0,0.0014910999855620131,0.0009295145760619614,0.012334897276937885,0.0016674353744563913,0.0,0.010972703198304415,0.002291661619035587,0.02043833552703595,0.0304319280039824,0.01352889660894668,0.04054114863044174,0.0,0.0141008171959545,0.01186706561212595,0.03085654196257517,0.0,0.022068579091791087,0.0032014717841793265,0.013266185644253466,0.002960396916778251,0.01456432764623981,0.0016466935700881792,0.028893614392980327,0.01676975568622946,0.025132827338408242,0.0,0.018864555891580974,0.030806703616881648,0.009705241080136155,0.010468488885034176,0.03012267547780827,0.020183513798648505,0.0,0.015153272303314945,0.03230467168807938,0.005534455439267748,0.03910511352574951,0.011061875958697502,0.019322648296500298,0.009153669909378714,0.0197663382244899,0.03374070679277161,0.038504445488398084,0.027755003745077993,0.014408998907450114,0.0,0.024892859113772932,0.008272984773074726,0.018864555891580974,0.01148469246250846,0.027126610697601486,0.030806703616881648,0.005555101883306029,0.00995740685546426,0.016234513892998556,0.023623687827188024,0.0313292280378287,0.0304319280039824,0.024700371670256332,0.017078499294911825,0.003814186487139229,0.0,0.0,0.010540103471082198,0.0275579553032931,0.015535645452932446,0.019910051777470197,0.0275579553032931,0.03194691838602033,0.004631396076802748,0.016350384242908966,0.024238148510546016,0.0063605939200211264,0.020183513798648505,0.022438780184331677,0.0,0.01451689348720899,0.012859122884705112,0.012279299602625651,0.014000762309170002,0.012324617974213439,0.0,0.026123127046315166,0.00995740685546426,0.02271086290350182,0.015710307732255582,0.0,0.019852263305006758,0.03988771184040004,0.01258896964162514,0.0,0.0036620553923640137,0.026569483340306253,0.010381410836209696,0.02592841678962598,0.01982463917694835,0.02434419786587616,0.01001491111913565,0.0,0.014343007852211466,0.008609985374024926,0.013100441457628731,0.003994804287800011,0.025582597298678435,0.02619470772740701,0.0,0.0005579225820779472,0.034518241026324885,0.006427583185225291,0.04118455336621772,0.017457508929669047,0.0027788137984836175,0.03003883912703752,0.018324026143944246,0.030238063181112742,0.01930037748757059,0.025582597298678435,0.020745380274372536,0.01302090079259887,0.026663838888362046,0.02692928439232354,0.0,0.010972949197194888,0.030238063181112742,0.037403001328957686,0.0397854333340902,0.005977101060147538,0.010831692923470342,0.029443456040995547,0.006869967071965591,0.017456653926996423,0.0018651412106670158,0.030582931118041976,0.00837828443456497,0.0,0.0012161624447911967,0.015642277513727074,0.01793469377285553,0.007522914134681133,0.018247625899677742,0.0018651412106670158,0.04092733635362163,0.009571220651193368,0.033335173645800215,0.006719177188595583,0.02259015965528984,0.027304060005222786,0.014113775981675805,0.017457508929669047,0.01129168264231142,0.003790097297762522,0.030238063181112742,0.029386173740150262,0.007729883075521488,0.02384340116713498,0.019178116633540764,0.02108010712880424,0.030238063181112742,0.030238063181112742,0.040850818669441236,0.003790097297762522,0.012189679977086792
ENSG00000177125.5,0.004759467893553138,0.018922446723615545,0.0,0.0,0.024282551898214502,0.0,0.0,0.0073039040599205685,0.0,0.025436896609006623,0.0,0.012739381215903539,0.0,0.0,0.010065459032764073,0.0,0.0,0.0,0.0,0.0,0.01539344279526262,0.0,0.010091360843509194,0.012739381215903539,0.0,0.0,0.002685210314843308,0.0,0.0,0.0,0.016612099310799742,0.0,0.007622713560172672,0.012739381215903539,0.0,0.0,0.0,0.0,0.0,0.0,0.007602878854773742,0.0,0.0,0.01236563798046383,0.0,0.0,0.0,0.00844361700032771,0.0,0.0,0.0,0.0,0.03079714022126047,0.0,0.0,0.0,0.0,0.0,0.0,0.0,0.012739381215903539,0.0,0.006684241953447384,0.0013231110517263889,0.03477140427793922,0.0,0.0,0.01778461113622725,0.013834834927721125,0.0,0.007610563141953068,0.0,0.007642093989853252,0.0,0.02649116070673564,0.008312682553066785,0.0,0.0035352287346328976,0.0,0.0,0.019699809223108884,0.0035048040855855805,0.013171272985606285,0.0,0.0,0.0,0.03477140427793922,0.0,0.009200701857394751,0.0,0.0,0.0,0.0,0.0,0.006587829892124239,0.0,0.0073039040599205685,0.0,0.0,0.0,0.004826208821182312,0.0,0.0,0.0,0.0,0.0,0.018890256330970953,0.0,0.034739213885294634,0.012719546510504609,0.0,0.0,0.03785443008447788,0.0,0.001410137916905866,0.0,0.0,0.0,0.009882769110151152,0.0,0.0,0.0,0.006192740937867876,0.02288748230213143,0.0,0.011604908538016545,0.018754369556443842,0.0,0.0,0.0,0.0,0.0,0.0,0.0,0.010748202403754986,0.0,0.0,0.006421252934763123,0.0,0.0,0.0,0.0,0.0,0.0,0.016463250055454296,0.009393838238763608,0.01571637421046878,0.02378390772679076,0.0,0.0,0.0,0.0361494161042185,0.0,0.008739982191208084,0.0,0.03401139028164666,0.0,0.0,0.0,0.013679396409378784,0.0,0.0,0.0,0.03174398634374223,0.0,0.0,0.0,0.020167540487089082,0.0,0.0,0.011747547402224764,0.0,0.0,0.0,0.0017217617891862533,0.0,0.0,0.0,0.0,0.016146914959680014,0.0,0.0,0.0049178845138128785,0.0,0.0,0.0,0.0,0.0,0.0,0.0,0.0,0.0,0.0,0.0,0.0,0.0,0.0,0.0,0.0,0.0
ENSG00000178951.9,0.04064398769483742,0.04122138483809392,0.0,0.027041937851332257,0.011246960922169216,0.0038646178874546,0.0038668420850047347,0.007528513405356131,0.022633570293641096,0.0315116179305761,0.008762692060137078,0.028278238396094293,0.03416223726023841,0.0,0.0005781791430804449,0.011730258378665238,0.0,0.027478431441487518,0.04331577225209192,0.0,0.007940788777957411,0.03826403876452059,0.03471172125006316,0.028278238396094293,0.0,0.008762692060137078,0.00930073134831709,0.008762692060137078,0.0,0.00026074539477258935,0.0,0.0,0.0075960364376434775,0.028278238396094293,0.029991801292592254,0.0,0.025585957562203124,0.008762692060137078,0.00984763862232145,0.0,0.01842391832035674,0.0,0.0,0.0,0.008632196043774493,0.011385935970093422,0.025043786571690076,0.015352870640868571,0.03416223726023841,0.0,0.0,0.021633742165791257,0.04307158415769813,0.0,0.00499719612428292,0.0028599482056419767,0.02317160958182111,0.0009122306188925795,0.02448376961324531,0.0,0.028278238396094293,0.021095702877611235,0.0389244096352213,0.0,0.014999936355812916,0.04277360126157888,0.00733426877121671,0.004339806520885173,0.028987522447883662,0.02069765512357581,0.0,0.013795722316400284,0.031385901998331515,0.017867686404692426,0.03194213391399582,0.011657829268220107,0.018668169815264212,0.01730167164282826,0.021056393289163387,0.0336060053445741,0.0492414326204649,0.028347751086663705,0.0301052648892886,0.0,0.032608401414274395,0.0,0.014999936355812916,0.023505489223918104,0.010339168328405264,0.04277360126157888,0.015184730212461209,0.014609390808937084,0.0003602055054389361,0.026317927551425667,0.03095538601491179,0.025043786571690076,0.007528513405356131,0.032261753053030875,0.013922126537915615,0.0,0.0,0.002044808855720899,0.03553778881230635,0.01192397525827344,0.02936794034953958,0.03553778881230635,0.03344340139830835,0.01811987609424979,0.007221952916027346,0.03910612027880756,0.0,0.02069765512357581,0.017607571284061003,0.0,0.02082229787080459,0.009394711353009618,0.024289724557016557,0.02262943859130806,0.011503841152325535,0.0,0.022978322633955037,0.014609390808937084,0.03021002186382654,0.014351314102098965,0.0,0.022822997416398816,0.03479561777445055,0.0278582592366209,0.0,0.005957337767276506,0.0377941634604865,0.02328475398047173,0.02886004841666799,0.03137212530816237,0.014697272233670042,0.010902803450821064,0.0,0.020640983380089035,0.025461152643012346,0.022267130963607017,0.0,0.03891227843568195,0.020064348770597706,0.010272264804437041,0.0,0.014009083739464166,0.0,0.04178804036112724,0.01114225130531301,0.0,0.03153030946979126,0.030933892157539833,0.02808439655296869,0.006508603999987317,0.03891227843568195,0.02300964009337205,0.00629929413664003,0.0254767616247206,0.019522177780084658,0.0,0.011572714978205504,0.02808439655296869,0.03945036599049059,0.040250172945097376,0.016476853046974688,0.0029074393243488095,0.02730016121987023,0.0,0.01818740309954343,0.019039114490688208,0.03503915969007676,0.0035940088868209458,0.011019066708317225,0.0,0.0,0.032742429972915175,0.0,0.012858430511581101,0.019039114490688208,0.050358304896044356,0.0,0.03469894536317479,0.0,0.02191454809020192,0.03725199246997346,0.01735809221835219,0.01114225130531301,0.019500947410966283,0.009134309217641523,0.02808439655296869,0.014361495745037908,0.010708758394592302,0.016667362734386286,0.016527117133834937,0.0072535707724630735,0.02808439655296869,0.02808439655296869,0.03773077193984277,0.009134309217641523,0.0035280925811891697
ENSG00000119048.8,0.0,0.0,0.0,0.0,0.0,0.0,0.0,0.0,0.0,0.0,0.0,0.0,0.0,0.0,0.004724859607608982,0.0,0.0,0.0,0.0,0.0,0.0,0.0,0.0,0.0,0.0,0.0,0.0,0.0,0.0,0.0,0.002335520279908375,0.0,0.0,0.0,0.0,0.0,0.0,0.0,0.0,0.0,0.0,0.0,0.0,0.0077210208348585455,0.0,0.0,0.0,0.01427363257204347,0.0,0.0,0.0,0.0,0.006669619598963637,0.0,0.0,0.0,0.0,0.0,0.0,0.0,0.0,0.0,0.013558793062853024,0.0,0.0,0.0,0.0,0.0,0.0,0.0,0.012809671744228701,0.0,0.0,0.0,0.0,0.0,0.0,0.0,0.0,0.0,0.0,0.0,0.001442405658519573,0.0,0.0,0.0,0.0,0.0,0.0,0.0,0.0,0.0,0.0,0.0,0.0,0.0,0.0,0.0,0.0,0.0,0.0,0.0,0.0,0.0,0.0,0.0,0.0,0.0,0.0,0.0,0.0,0.0,0.0,0.0,0.0,0.0,0.0,0.0,0.0,0.0,0.0,0.0,0.0,0.0,0.0,0.0,0.0,0.0,0.0,0.0,0.0,0.0,0.0,0.0,0.0,0.0,0.0,0.0,0.0,0.0,0.0,0.0,0.0,0.0,0.0,0.0,0.0073218642857746305,0.0,0.0,0.0,0.0,0.0,0.0,0.0,0.0,0.0,0.0,0.0,0.0,0.0,0.0,0.0,0.0,0.0,0.0,0.0,0.0,0.0,0.0,0.0,0.0,0.0,0.0,0.0,0.0,0.0,0.0,0.0,0.0,0.007106161621049413,0.0,0.0,0.0,0.0,0.0,0.0,0.0,0.0,0.0,0.0,0.0,0.0,0.0,0.0,0.0,0.0,0.0,0.0,0.0,0.0
ENSG00000180644.8,0.0020194467387924173,0.044885305579761954,0.0,0.027346962779541684,0.0,0.0,0.019320278979958264,0.03125236121665996,0.01677048880836199,0.045273802585707346,0.0,0.018040524141955002,0.049313068878560594,0.0,0.0,0.0,0.0064830087772767865,0.012784855865240197,0.015770986056419273,0.0,0.02914538860829704,0.0,0.015102441622991451,0.018040524141955002,0.0,0.0,0.0,0.0,0.0,0.010029709302131373,0.0,0.0,0.01904002689389771,0.018040524141955002,0.01499842614468578,0.0,0.028311948379468526,0.0,0.0,0.011482093767007436,0.010675400589943651,0.0,0.0,0.005174314529464374,0.0,0.0248154369135159,0.03514115682266432,0.0,0.049313068878560594,0.0,0.008144268109204968,0.0,0.020973487527357948,0.0,0.022709077284382716,0.0,0.0,0.0,0.0,0.0,0.018040524141955002,0.024426939907570507,0.002986374943609628,0.0,0.024717625309498396,0.02260019449961507,0.0,0.0009382160559961716,0.01843114680755016,0.0,0.0,0.000388497005945395,0.022086026090735178,0.0,0.055239611906931115,0.0,0.007932797127497525,0.0,0.00783595993441151,0.016159483062364668,0.032732840262658096,0.010684118912804203,0.0,0.0,0.022759290884070686,0.0,0.024717625309498396,0.0,0.032800267891482056,0.02260019449961507,0.0,0.009428513762884727,0.0073170254531922385,0.02484718160376456,0.01212021676951142,0.03514115682266432,0.03125236121665996,0.0,0.0,0.0,0.0,0.011167617713276179,0.017223370521295335,0.0,0.00546401778599518,0.017223370521295335,0.046337690044638016,0.0,0.026170009774374458,0.009675897838000942,0.002286434075747315,0.0,0.026153723166205612,0.0,0.014330279873128675,0.011479747499539977,0.0,0.0,0.007973029660653455,0.0,0.02687585052276131,0.009428513762884727,0.01910441160088567,0.01651141541814502,0.0,0.006141537463605545,0.05931167443571962,0.0,0.0,0.0,0.012730080880123118,0.0,0.004651119049610367,0.007781184949294431,0.010561104309603709,0.0,0.0,0.0,0.0,0.019694474911045694,0.008298612174130984,0.004753951582114446,0.02527104320317237,0.0,0.0,0.01591040719289362,0.0,0.028628047627431274,0.0,0.0,0.01271999184477006,0.0025957263688515322,0.01311857788606851,0.024209486062469587,0.004753951582114446,0.008041333574986695,0.0,0.011682480029361297,0.032100251646368164,0.0,0.0,0.01311857788606851,0.031028830449924993,0.03628449872663979,0.0,0.0,0.03064786718149211,0.0,0.0,0.0,4.142049592569669e-05,0.005028961677443312,0.0,0.0,0.010893602665759491,0.0,0.0,0.019890442462386727,0.0,0.04755399833407133,0.013574427801880631,0.02841208954601826,0.0,0.0013592251507683617,0.019559289323318914,0.0,0.0,0.0,0.0,0.01311857788606851,0.0395169540123603,0.0,0.03345085859081422,0.0,0.0182157876432105,0.01311857788606851,0.01311857788606851,0.047231609990761286,0.0,0.0
ENSG00000117020.18,0.0022243485537692606,0.01327556939663229,0.0,0.0,0.0034666612861845233,0.0,0.0,0.0,0.0,0.010150046359366595,0.0,0.002438493014081229,0.0,0.0,0.015103589692342968,0.0,0.0,0.0,0.0,0.004376680246455364,0.006373486040428505,0.0,0.008482180607328409,0.002438493014081229,0.0,0.0,0.0,0.0,0.0,0.0,0.020369298523390436,0.0,0.0,0.002438493014081229,0.0,0.017637801023418786,0.0,0.0,0.0,0.0,0.0,0.0,0.0,0.00935356615911025,0.005648369002850026,0.0,0.0,0.022699884750502233,0.0,0.01682166104980894,0.0,0.0,0.030593909914635897,0.0,0.0,0.0,0.0,0.0,0.0,0.00042933640865684686,0.002438493014081229,0.0,0.005164126982143073,0.0,0.035591174676696494,0.0,0.0,0.0,0.0,0.0,0.03001484696473511,0.0,0.0,0.0,0.0018681329971592803,0.013113869865038166,0.0,0.0,0.0,0.0,0.020731198983556666,0.010601333902421753,0.010060174865071093,0.0,0.0,0.0,0.035591174676696494,0.0,0.0,0.0,0.0,0.0,0.0,0.0,0.0,0.0,0.0,0.0,0.0,0.012399320734975034,0.011337588835851113,0.0,0.0,0.0,0.0,0.0,0.004884337528319127,0.0,0.02719994280838333,0.010300322923660697,0.0,0.0,0.02107502902615915,0.0,0.0,0.00024539897190443277,0.0,0.0,0.01634819845256621,0.008742702010961521,0.0,0.0,0.0,0.012261392133070537,0.0,0.0,0.0,0.0,0.0,0.0,0.0,0.0,0.0,0.0,0.013771205813456346,0.0,0.0,0.01694038519852525,0.0,0.0,0.0,0.0,0.0,0.0,0.009997125014205951,0.0,0.023440279238789934,0.012464902713020247,0.0,0.0,0.0,0.022860483421079103,0.0,0.0,0.0,0.02971170496512381,0.009395766633010269,0.0,0.0,0.023226890299978938,0.0,0.0,0.007694415791624103,0.020540877082911687,0.0,0.0,0.0,0.011276646582363312,0.0,0.0,0.0,0.0,0.0,0.012696514199394854,0.005264264641488749,0.0,0.0,0.0,0.0,0.00826922264263747,0.0,0.003804895929743868,0.006682195084556846,0.0,0.0,0.0,0.0,0.0,0.0,0.0,0.007739888956091144,0.0,0.0,0.0,0.0,0.0,0.0,0.0,0.0,0.0
ENSG00000177189.14,0.01277634361839047,0.03325765084008922,0.0,0.0,0.00637452332139235,0.0,0.010399677532003479,0.03138898733743409,0.0,0.03930226656019377,0.0,0.02735149259345532,0.03430138415067349,0.0,0.002603226048415737,0.0,0.0,0.003940181293998299,0.0012550615423011224,0.0,0.02840656482074475,0.0,0.026669244067734403,0.02735149259345532,0.0,0.0,0.0,0.0,0.0,0.0,0.0015441088718096026,0.0,0.009235784847383032,0.02735149259345532,0.0019043609942362288,0.0,0.0037397924186873682,0.0,0.0,0.0,0.01186027254715738,0.0,0.0,0.0,0.0,0.006383606191172567,0.002484730876386246,0.0,0.03430138415067349,0.0,0.0,0.0,0.024342115935366667,0.0,0.0038199042677243347,0.0,0.0,0.0,0.0,0.0,0.02735149259345532,0.0003389904710680222,0.0,0.0,0.027362831510160487,0.0,0.0,0.01676729082655081,0.027740363776427385,0.0,0.0,0.0,0.03226375242945521,0.0,0.05926545931772302,0.0027029716090207767,0.0,0.0,0.0,0.007299677262405664,0.03681753568380752,0.010870901022829123,0.0,0.0,0.03293399842308928,0.0,0.027362831510160487,0.0,0.032929953473772575,0.0,0.0,0.0,0.0,0.0011258560806257992,0.012300559671925941,0.002484730876386246,0.03138898733743409,0.0,0.0,0.0,0.0,0.0,0.008358794439011798,0.0038936337581798822,0.0,0.008358794439011798,0.0403613837367999,0.0,0.03446656440687117,0.02997598029322967,0.0,0.0,0.02879249015925731,0.0,0.016383661200185196,0.004205790879442194,0.0,0.0,0.009590363155453696,0.0,0.00231013376959055,0.0,0.028410609770061455,0.015470451098201082,0.0,0.019084738261308746,0.0500280983341994,0.0,0.0,0.0,0.0,0.0,0.0,0.0,0.019905609150620174,0.0,0.0,0.0008705410513298525,0.0,0.0,0.0,0.006896894664358361,0.0007125221208657204,0.0,0.0,0.015230926710294756,0.0,0.03273114820937974,0.0,0.0,0.0,0.031949592404928305,0.00427240696458402,0.026620351337285377,0.006896894664358361,0.03204754561608696,0.0,0.002842748315487198,0.0,0.0,0.0,0.00427240696458402,0.026519473584761914,0.04993078488421894,0.0,0.0,0.0,0.0,0.0,0.0,0.011227531080244574,0.0061927090133364615,0.0,0.0,0.0010794454878591611,0.0,0.0,0.0,0.0,0.012648731174402253,0.0,0.023914465682101704,0.0,0.0,0.0,0.002405870765564394,0.0,0.0,0.0,0.00427240696458402,0.024969537909391132,0.0,0.0007978755265091314,0.0,0.0,0.00427240696458402,0.00427240696458402,0.0177448184844113,0.0,0.0
ENSG00000117226.12,0.0,0.03793008148427869,0.0010887090812832963,0.03246653126183717,0.005116825790149385,0.0005182333519306442,0.006328357667255046,0.02916595159643349,0.011526100078966678,0.03226450148212452,0.0,0.014496605389055284,0.03490620971912261,0.0,0.0,0.004900609840332859,0.016391413789151366,0.0031938376750098654,0.015472040969150315,0.0,0.028918907988290457,0.0,0.02608112044644191,0.014496605389055284,0.005483801935129696,0.0,0.0,0.0,0.0,0.017732032936264415,0.0,0.005483801935129696,0.010550664498871643,0.014496605389055284,0.01251981231578593,0.0,0.03320604097613842,0.0,0.0,0.0056892167448065745,0.0,0.0,0.0,0.01478542084623885,0.0,0.014327822803057003,0.024944153059570796,0.0,0.03490620971912261,0.0,0.027218739245306278,0.006419200456767419,0.015754715453957707,0.0,0.017338365171602914,0.0,0.0,0.0,0.0,0.0053557713395706134,0.014496605389055284,0.01999340280521118,0.009460937406548346,0.0,0.031942779753446546,0.007210153052582685,0.0,0.004407604971063454,0.015654258421061978,0.0,0.009938559254506228,0.0,0.01804457488143166,0.0,0.04314432363355813,0.0,0.0,0.0,0.0,0.009806460966996139,0.01453050147513641,0.003853055322245124,0.009391628048019893,0.0,0.010509685660121289,0.0,0.031942779753446546,0.005615999333672329,0.03130922444866014,0.007210153052582685,0.0,0.013089589823097571,0.010489548602494153,0.017497047126073043,0.0071647527299980515,0.024944153059570796,0.02916595159643349,0.0013935502401035416,0.00827599865687962,0.0,0.019870058911946722,0.0,0.0034292247776924675,0.0007536204546132463,0.004653438756513761,0.0034292247776924675,0.025887265292820844,0.0,0.0198999635619887,0.0006457787103263633,0.0015352494463358665,0.0,0.03525447716119947,0.011660138893724858,0.0,0.00874312845272357,0.0,0.0,0.0,0.0,0.029894343568385502,0.013089589823097571,0.008119369199751605,0.03968406158951522,0.0175419914896024,0.025449470991716988,0.04511395318672728,0.0,0.009088647808539609,0.0,0.012525292180241968,0.0054466040959467305,0.021916979601664548,0.005689890198618396,0.011314469497464327,0.0,0.0,0.0,0.0,0.02725439914897857,0.009336465062027045,0.0,0.030259292187230072,0.004526048744876186,0.005762606414864337,0.02081188130998656,0.0,0.01796098887553174,0.0,0.0,0.006863482148792656,0.0,0.0068597121780877915,0.04418095405421545,0.0,0.016127131055487097,8.675237962232213e-05,0.0035480147703348744,0.02199740427066245,0.0,0.006537990449409822,0.0068597121780877915,0.015125523887730821,0.02642829160177624,0.0,0.0,0.03404022046212029,0.01291373053753394,0.0,0.0,0.0,0.0,0.002260665420925935,0.0,0.01210336937756859,0.0,0.012695217610415241,0.0223005706445296,0.0,0.034966825967713056,0.006315603910767541,0.011536051377335769,0.0,0.008083926156909088,0.004263404263674338,0.010244250725935225,0.0,0.0,0.0,0.0068597121780877915,0.02595835397657095,0.0,0.010231818724150223,0.0,0.026434432574152407,0.0068597121780877915,0.0068597121780877915,0.035401113439794886,0.0,0.0
ENSG00000178502.6,0.008671730786351393,0.0339590347812493,0.0,0.013881294927903104,0.0005335987970432679,0.017785478840946882,0.02326049266640485,0.04442550035696852,0.007644679960467825,0.04882700584542657,0.0,0.0327987221210073,0.05247976315394063,0.012338688727726662,0.00492149256787029,0.0,0.007817256882371611,0.02492555755083098,0.015272823696735924,0.0,0.042622655140361135,0.0,0.01354634620754274,0.0327987221210073,0.0,0.0,0.0,0.0,0.0,0.00697732378368968,0.011739269723918016,0.0,0.025170578384739198,0.0327987221210073,0.006096866613306537,0.0,0.027813786019785177,0.0,0.0,0.015027517691819214,0.008924287465806743,0.0,0.0,0.015589583182482263,0.0,0.030393351440368532,0.03670652734583253,0.0033955450636197204,0.05247976315394063,0.0,0.01795667800620567,0.0013149678308041028,0.02213779646460796,0.0,0.034960603295880945,0.0,0.0,0.0,0.0,0.003924500206487481,0.0327987221210073,0.015525380376191271,0.001602613925816676,0.0,0.02410192676766979,0.024165565022783282,0.00308700126917571,0.011555890366463005,0.033794623752253616,0.009144785897175742,0.0025145432561080455,0.005439457301292538,0.03709977524400149,0.0,0.05943874363702893,0.0035008873597888214,0.020633177379057847,0.004984936101222123,0.019454929063284804,0.030140794760913185,0.03628604352237732,0.023771008148703705,0.0,0.0,0.029286096456707423,0.0,0.02410192676766979,0.0,0.045927806632109,0.024165565022783282,0.0,0.0,0.018968718916529584,0.018582855827487407,0.02648803745239911,0.03670652734583253,0.04442550035696852,0.0,0.0,0.0,0.0,0.0147914972365636,0.02332301760486546,0.016182938894981368,0.009174770547096103,0.02332301760486546,0.042009228689378834,0.0,0.03215212067579933,0.016552431202074832,0.012097517526126927,0.009144785897175742,0.026818956071365207,0.0,0.0122294389575546,0.007144999220014506,0.0,0.0023270087411280185,0.012096843158887524,0.0,0.02509675671608976,0.0,0.025980944964959573,0.01182148256971672,0.0,0.015103714515195564,0.060163754458131984,0.0,0.0,0.0,0.013585271352805895,0.0,0.013441688786347779,0.008114642865259716,0.032713709723042786,0.0,0.0,0.00311608990084071,0.0,0.0029691054818366813,0.019993001360688007,0.012206951498050699,0.02612623367585515,0.0,0.019763185629857342,0.039996049777900014,0.012650158957199828,0.041416268334495014,0.0,0.0,0.024073016779271646,0.011212121549630735,0.02845324241698316,0.030303349255621666,0.012206951498050699,0.017619967614306883,0.009868862033697592,0.025736213113287748,0.0350189750019025,0.0,0.003728163339226386,0.02845324241698316,0.04142380418004214,0.04929696875021846,0.0,0.0,0.026968781093772973,0.0,0.0,0.0,0.016367872976830677,0.011587539130730542,0.0,0.0,0.031934577902015315,0.0,0.004226848180083932,0.019711048571310424,0.0,0.032311273100415004,0.019014994198774143,0.038917887602042865,0.009211784281306055,0.014304995359213809,0.022478012678853257,0.004854176810840029,0.0,0.0,0.0,0.02845324241698316,0.0487418206213967,0.0,0.034942501174288834,0.00951034914824575,0.025222857043821385,0.02845324241698316,0.02845324241698316,0.0451311911306269,0.0,0.0
ENSG00000118971.8,0.019970476143701687,0.026839508702702262,0.0,0.012883067968670933,0.0,0.02004701139145411,0.014502039457209855,0.025975023120587384,0.0,0.02621627914725781,0.0,0.021735734860929938,0.02926344551271307,0.003908659897325188,0.009053786891147348,0.004340869639858875,0.0044054001316827275,0.037203227427240734,0.018483794212458382,0.0015082207663316173,0.026514285041345315,0.006436144966226465,0.026006493772843142,0.021735734860929938,0.0,0.0,0.0,0.0,0.0,0.0097026010755299,0.014238679798702514,0.0,0.0,0.021735734860929938,0.00903399862841469,0.01235100982129907,0.00885528882845488,0.0,0.0,0.0038944786125302763,0.0,0.0,0.0,0.001238317768840258,0.0,0.0,0.010981219744378191,0.013503675587919511,0.02926344551271307,0.014327165904775799,0.006106128357087119,0.0,0.017953564284691668,0.001465808280057563,0.023486427084504317,0.0,0.0,0.00034196845506614254,0.0,0.0,0.021735734860929938,0.0,0.0,0.0,0.0240903482313345,0.020609725128381683,0.006630059210888509,0.0,0.013503675587919508,0.0,0.02193921430529453,0.0,0.016260865734364065,0.0,0.027663746590063217,0.012708628478486535,0.030746021780887353,0.0,0.030915136671418368,0.017860564657013925,0.03584478453126131,0.02922045385597754,0.0,0.0,0.01930803209981933,0.0,0.0240903482313345,0.0,0.029271475187789872,0.020609725128381683,0.0,0.0,0.0,0.0,0.014813398291558666,0.010981219744378191,0.025975023120587384,0.0,0.0,0.015299116800594446,0.0010154881985877454,0.003781384148116348,0.012675671749458758,0.0,0.0,0.012675671749458758,0.021031386239702646,0.0,0.01828222576833488,0.028202535416712114,0.01653298648034218,0.0,0.009683292666915633,0.0,0.0016261772427652171,0.01750048563032483,0.0,0.0,0.02470626547774179,0.0024265617841123,0.023262344392873755,0.0,0.01655084195337477,0.006000941816686249,0.0,0.01505947506732936,0.023144521747176815,0.0,0.0,0.00043045679004445267,0.004720793287009899,0.0,0.0029522455904029236,0.0,0.032500289613263435,0.0,0.0010113985932226552,0.02444694014021281,0.0,0.0,0.004241313785535092,0.010564364287347618,0.0,0.0,0.003927099322232817,0.005986477666027147,0.016771175278025584,0.02726667651336799,0.0,0.0010503973661101854,0.007674728041393953,0.01139236812580837,0.004097563731565446,0.02166767401460728,0.010564364287347618,0.02579714101166888,0.02862511940934743,0.01850461929598432,0.0,0.013584299045755949,0.0019716328156421346,0.004097563731565446,0.05096622835268923,0.03549873578637842,0.0,0.0,0.003026341281929329,0.003150713943369146,0.0,0.0,0.004470031556437104,0.010774149661762288,0.0,0.03319007174083685,0.02389929757795415,0.0,0.0,0.0,0.0,0.008428629428318929,0.021927791494633975,0.046877933393956295,0.005772879817101208,0.0,0.0068467242029331965,0.0284261729014198,0.0,0.0,0.005995599481346911,0.004097563731565446,0.05165648357437167,0.004518751748777371,0.02059155143902009,0.0,0.015531548622055451,0.004097563731565446,0.004097563731565446,0.013662242528214373,0.005995599481346911,0.0
ENSG00000117399.14,0.007999564348049087,0.019098870991076995,0.0,0.0,0.006110579561872494,0.009492200867272836,0.0,0.02005326627648477,0.0,0.03860196601033021,0.0,0.02885119130911619,0.03321479948743537,0.0037986521513652324,0.015037824196891312,0.0,0.0,0.0033573067278416455,0.0,0.0022158938140952045,0.03686655167251986,0.0,0.013399945311445775,0.02885119130911619,0.0,0.0,0.0,0.0,0.0,0.0,0.02202886936292351,0.0,0.019483727941334242,0.02885119130911619,0.0,0.0,0.0,0.0,0.0,0.0017711142067114993,0.006228356999024898,0.0,0.0,0.010034112802442773,0.0,0.006251734341052015,0.009372646237124575,0.0,0.03321479948743537,0.0043356277157011805,0.0026701011736578392,0.0,0.013129519890725857,0.0,0.011776063004014518,0.0,0.0,0.0,0.0,0.0,0.02885119130911619,0.0,0.0,0.0,0.022750623176161472,0.0,0.0,0.0030111232510512155,0.029783474921976874,0.0,0.006974220762240153,0.0,0.014220398920968942,0.0,0.039412256718328126,0.0,0.0,0.011249986493055409,0.0,0.008022941690076207,0.02810346369257983,0.01092696625862432,0.0,0.0,0.006297070142076068,0.0,0.022750623176161472,0.0,0.02130347567151193,0.0,0.0,0.0,0.005428142403451297,0.0,0.013410108212971035,0.009372646237124575,0.02005326627648477,0.0,0.0,0.0,0.0,0.0,0.0010318965240440035,0.007166790663475194,0.0,0.0010318965240440035,0.03161092084429801,0.0,0.03526267302938249,0.015595820366806845,0.0,0.0,0.025233765130508186,0.0,0.0,0.0,0.0,0.0,0.0007089401254351396,0.0,0.0,0.0,0.02186014614308399,0.0,0.0,0.01661542552835596,0.028217375937221525,0.0,0.0,0.0,0.0,0.0,0.0,0.0,0.029984300413864427,0.0,0.0,0.0038540089520549548,0.0,0.0,0.007255069557701908,0.0,0.0,0.0,0.01962268061294442,0.036395436416440205,0.02409426208053244,0.03390220775956263,0.0,0.0,0.017904881586639228,0.01979068579065228,0.00683064059102681,0.010400764345797155,0.0,0.0007116340757220702,0.0,0.004347498636680096,0.008180345138075175,0.0012583878696078611,0.0,0.00683064059102681,0.01600457919704585,0.04149846377832039,0.0,0.0,0.0,0.01400397614972813,0.0,0.0,0.006885764950505177,0.001293144684461952,0.0,0.0,0.019056418838456782,0.0,0.0,0.0,0.0,0.0,0.0,0.013924833155468337,0.01729439472225834,0.0,0.0,0.0,0.0,0.0,0.0,0.00683064059102681,0.021940193518872008,0.0,0.0,0.0,0.0,0.00683064059102681,0.00683064059102681,0.01262604111239065,0.0,0.0
ENSG00000118680.13,0.015989366433794394,0.019599334649191856,0.0,0.0,0.01779877675300378,0.0,0.0,0.0,0.0,0.01848734190544222,0.0,0.016195700356864136,0.012353035746428986,0.0,0.004767567874727305,0.00028825429926864973,0.0,0.0,0.0,0.0,0.02015392764838122,0.0030040841033492187,0.02129468466692706,0.016195700356864136,0.0,0.0,0.0,0.0,0.0,0.0,0.011311982223450055,0.0,0.0,0.016195700356864136,0.0,0.002696514274803913,0.0,0.0,0.0,0.0,0.000873764301675465,0.0,0.0,0.006398271945439495,0.0,0.0,0.0,0.010837731485667256,0.012353035746428986,0.0,0.000494588222338381,0.0,0.022086316097989972,0.0,0.0,0.0,0.0,0.0,0.0,0.0,0.016195700356864136,0.0,0.007845777011196334,0.0,0.027400226551144092,0.0,0.0,0.0,0.007464471848588505,0.0,0.010502219163660051,0.0,0.0,0.0,0.009712697853765093,0.0003998488700936338,0.0,0.0,0.0,0.0,0.020771332169792475,0.006242217555867348,0.01453508504815677,0.0,0.0,0.0,0.027400226551144092,0.0,0.003914811748115591,0.0,0.0,0.0,0.0,0.0,0.0,0.0,0.0,0.0,0.0,0.0,0.006277840946840335,0.0,0.0,0.0,0.0,0.0,0.011942927556719468,0.0,0.0197438194586717,0.024019106691029087,0.0,0.0,0.021158008995276745,0.0,0.0,0.0,0.0,0.0,0.002000482607352295,0.0,0.0,0.0,0.009651286008141385,0.005787420113856495,0.0,0.015308478960780032,0.0,0.0,0.0,0.0,0.0,0.0,0.0,0.0,0.015611292416340551,0.0,0.0,0.009117760974224894,0.0,0.0,0.0,0.0,0.0,0.0,0.0,0.0,0.001996345774650861,0.017438660172685375,0.0,0.0,0.0,0.020276326504212457,0.0,0.0,0.0,0.017074578481661433,0.0,0.0,0.0,0.017357805163185053,0.0,0.0,0.005886657970626236,0.02546840042992006,0.0,0.0,0.0,0.005507982306978052,0.0,0.0,0.0,0.0,0.0,0.0018646847626758445,0.0,0.0,0.0,0.0,0.0,0.006988614954771197,0.0,0.0023397120960055168,0.0,0.0,0.0,0.002688886065026,0.0,0.0,0.0,0.0,0.00629793938752261,0.0,0.0,0.0,0.0,0.0,0.0,0.002489475812388571,0.0,0.0
ENSG00000177485.7,0.007120251662485925,0.02620482363529561,0.0,0.0,0.0,0.013012022677519223,0.011696500712230037,0.03193161070164729,0.0,0.0381006670523651,0.0,0.029887468522932815,0.032850295944467,0.0,0.00839993466460729,0.0,0.0,0.013490119222667157,0.0,0.0,0.03921346415460415,0.0,0.022169629952895856,0.029887468522932815,0.0,0.0,0.0,0.0,0.0,0.0,0.015388134093707057,0.0,0.0032429183745825083,0.029887468522932815,0.0,0.0,0.0,0.0,0.0,0.0,0.0,0.0,0.0,0.002710907716501513,0.0,3.401663454314502e-05,0.0,0.0008863701797928863,0.032850295944467,0.0002692586295937136,0.006286234497832027,0.0,0.02159850276362796,0.0,0.013519439388813045,0.0,0.0,0.0,0.0,0.0,0.029887468522932815,0.0,0.0,0.0,0.03256799184543276,0.0,0.0,0.0,0.020993297487613517,0.0,0.008510341560924027,0.0,0.025290939430971996,0.0,0.048807056547060884,0.0024493536127631957,0.009415303295831595,0.0,0.008693425581545709,0.009334178828378115,0.03561593617597886,0.021425814691561303,0.0,0.0,0.027196911037191532,0.0,0.03256799184543276,0.0,0.04351110609796263,0.0,0.0,0.0,0.0,0.0,0.014584549936276212,0.0,0.03193161070164729,0.0,0.0,0.0,0.0,0.0,0.0023459793992783515,0.00186788285413041,0.0,0.0023459793992783515,0.03111246762326534,0.0,0.037475635833402486,0.024464639617001266,0.0,0.0,0.02572672709014768,0.0,0.002117731412009438,0.0072515930956074184,0.0,0.0,0.011005698659898502,0.0,0.006764331042979958,0.0,0.022899269093833052,0.01828698429509381,0.0,0.017879425435401965,0.037409198375143546,0.0,0.0,0.0,0.0,0.0,0.0,0.0,0.032422991082210154,0.0,0.0,0.004859080580641814,0.0,0.0,0.0020649788139143962,0.0,0.0,0.0,0.016524361442736814,0.020257552532180614,0.00902948561766509,0.03399551834096714,0.0,0.0,0.0,0.021106393460787885,0.000725561564266633,0.022593354296598603,0.0,0.030858616890856637,0.0011754180457420708,0.007566826319551724,0.0,0.0035692438073902585,0.0,0.000725561564266633,0.034942556995216825,0.05133990629548248,0.0,0.0,0.0,0.0,0.0,0.0,0.0,0.0031189591100729067,0.0,0.007669305620624633,0.02237125220038931,0.0,0.0,0.0,0.0,0.0028096644712632887,0.0,0.03248714628497646,0.00032618616754214597,0.0,0.0,0.0,0.0,0.0,0.0,0.000725561564266633,0.0418131419166478,0.0,0.0005922250287280495,0.0,3.1781367318406417e-06,0.000725561564266633,0.000725561564266633,0.012893847601130895,0.0,0.0
ENSG00000117400.18,0.004156749641972254,0.014146086189957004,0.0,0.0,0.01574013343263755,0.0015292759908082203,0.0,0.0,0.0,0.02157116733760292,0.0,0.014632572919348812,0.0,0.0,0.018675254958372106,0.0,0.0,0.0,0.0,0.019659330828665493,0.00952449122615847,0.0,0.010271839876892827,0.014632572919348812,0.0,0.0,0.0,0.0,0.0,0.0,0.03426610937608445,0.0,0.0,0.014632572919348812,0.0,0.0128030923791538,0.0,0.0,0.0,0.0,0.0,0.0,0.002282855987818626,0.02235909308629594,0.00951785843545156,0.0,0.0,0.016167294776885978,0.0,0.022780083054096116,0.0,0.0,0.0321668293909691,0.002458919794932072,0.0,0.0,0.0,0.0,0.0,0.0053570938753299685,0.014632572919348812,0.0,0.006940056042197475,0.0,0.028160781770989678,0.0,0.0,0.0,0.00618812241193856,0.0,0.024161250673338533,0.0,0.0,0.0,0.013103296928540594,0.016243634999093495,0.0,0.0,0.0,0.0,0.022113790701816127,0.003744911930466721,0.01208136824894639,0.0,0.0,0.0,0.028160781770989678,0.0,0.0031788686646014447,0.0,0.0,0.0,0.0,0.0,0.008310370259443853,0.0,0.0,0.0,0.0,0.007524826543143043,0.01347885000922687,0.0,0.0,0.0,0.0,0.0,0.005980312919890575,0.0,0.019995008500923245,0.01221485764194502,0.0,0.0,0.0327262400999668,0.0,0.0,0.0023875587618092664,0.0,0.0,0.009475046402982076,0.012935135338146098,0.0,0.0,0.0,0.014862102974983027,0.0,0.010964400855761232,0.0039033601199076756,0.0,0.0,0.0,0.0,0.0,0.0,0.0,0.01803484018888058,0.0,0.0,0.01098390818282757,0.0,0.0,0.0,0.0,0.0,0.0,0.015167944656231197,0.009928646650613299,0.029223926138205972,0.024815934457516217,0.0,0.0,0.0,0.025387518672409883,0.0,0.0,0.0,0.023070522080243565,0.004815795072350089,0.0,0.0,0.017674006705012825,0.0,0.0,0.0011905916189385857,0.03287404245748898,0.0,0.0,0.0,0.01575170254905138,0.0,0.0,0.00015034823032990252,0.0,0.0,0.008087917311084648,0.009701620167605923,0.0,0.0,0.0,0.0,0.009483639577438183,0.0,0.006764680947087043,0.02049298952266525,0.0,0.0,0.0,0.0,0.0,0.0,0.0,0.001656599253896697,0.0,0.0,0.0,0.0,0.0,0.0,0.0,0.0,0.0
ENSG00000117410.14,0.014348630072997408,0.037372834677142155,0.0,0.026669188172059266,0.0,0.0,0.016832038271060626,0.019756260620175416,0.019800694054322453,0.04223134529075018,0.0,0.01476647967081805,0.04545685093862501,0.0,0.0,0.0,0.0,0.016987341552471693,0.016391262297613503,0.0,0.018792835701000057,0.006343860400337506,0.007839397289884448,0.01476647967081805,0.0,0.0,0.0,0.0,0.0,0.0014439732341494718,0.0,0.0,0.018175911427527,0.01476647967081805,0.014296243795047542,0.0,0.022231527889088155,0.0,0.0,0.007646261101431864,0.015886650125816408,0.0,0.0,0.0022939156844199657,0.0,0.022787792964040526,0.03872017959667906,0.006921320288642924,0.04545685093862501,0.0,0.0,0.0,0.023774428490102098,0.0,0.019522448430106924,0.0,0.0,0.0,0.006202287867282389,0.0,0.01476647967081805,0.017929282350432504,0.023417206114551635,0.0,0.010708819439517212,0.0328799140052044,0.0,9.451395844667365e-05,0.015259868185167138,0.009901220032762045,0.0,0.013452224322526105,0.0181784263874506,0.0,0.042385504414854086,0.01459266792511879,0.010858792794293807,0.00476170404603294,0.011341318760141671,0.021249772911221525,0.036391079699275526,0.016210357702054052,0.006624340925071623,0.0,0.01902881512677588,0.0,0.010708819439517212,0.008593713708918087,0.02171139390328352,0.0328799140052044,0.0,0.012226752264303045,0.013927576062944057,0.039329017650531116,0.018024267263346692,0.03872017959667906,0.019756260620175416,0.0,0.0,0.0,0.0,0.01709161459534122,0.022593550164895893,0.0,0.009976898955722464,0.022593550164895893,0.04357512254442455,0.0,0.0169111073067996,0.012477218369107458,0.007573525915256923,0.009901220032762045,0.012522729000809852,0.0,0.018805208328099877,0.0031621939809129834,0.0,0.011244997286436416,0.011666817402030901,0.0,0.020417618327795515,0.012226752264303045,0.016110256924492417,0.016036918917955632,0.0,0.0,0.05021733111095604,0.0,0.0,0.0,0.012550349264768251,0.0017751404303311888,0.004507479714431203,0.00690432647243823,0.005319358025548594,0.0,0.0,0.0,0.0,0.00818518134159174,0.0036252623425046607,0.015119598576665682,0.018390614856242906,0.0,0.0,0.0020759669856774826,0.0,0.031206389412755903,0.0,0.0,0.023083342182171264,0.005410799688387372,0.017408859878376273,0.007644487952722184,0.015119598576665682,0.008348773654604104,0.0,0.015594950317083633,0.034879266563833805,0.0,0.0,0.017408859878376273,0.031555839590519594,0.029334977708865954,0.0,0.0,0.028676978696551413,0.0,0.0,0.0,0.011043704189465566,0.0073433784033377705,0.0,0.0,0.006474952890081362,0.0025029473674922503,0.0,0.012199313426541722,0.0,0.06303005262807647,0.012016430712901371,0.028250680876680177,0.0,0.004792208669202845,0.029039000972359154,0.005498011732129993,0.0,0.0,0.0,0.017408859878376273,0.032277036906862185,0.0,0.03488561828126396,0.007000131903678111,0.009479247529979279,0.017408859878376273,0.017408859878376273,0.04685959232693424,0.0,0.0
ENSG00000177556.12,0.003765719406728929,0.0324041977821981,0.0030429944332787742,0.007446824296546816,0.02668444722992289,0.0006609209433771426,0.008258688123713755,0.021132017760023478,0.005108321502793986,0.02537453683276901,0.0,0.015874753809093478,0.018245726118012923,0.0,0.0,0.007192617436272426,0.00840822429067524,0.0,0.008575445795301093,0.0,0.020738922862499,0.008968324522498714,0.008581686079005592,0.015874753809093478,0.0,0.0,0.0,0.0,0.0,0.010970945896062803,0.005375183658738587,0.0,0.01240762951658637,0.015874753809093478,0.016202676996069244,0.0,0.01680845509415091,0.0,0.0072955671711994845,0.0,0.008732838195061505,0.0,0.0,0.016330356583569804,0.0,0.006512903634204575,0.008519742398388732,0.010081669272838222,0.018245726118012923,0.0,0.019301651838636982,0.008102579051271009,0.028238858532070782,0.0,0.0,0.000639946510281035,0.0,0.0,0.0009429822526666604,0.0057806106540564395,0.015874753809093478,0.013542564583633662,0.022063864173484667,0.0,0.03489739452668418,0.0002867330995389196,0.0,0.015297017506054077,0.01704794985404628,0.0,0.011377822632352451,0.0022727449859545543,0.0196459093535989,0.0,0.03634585062573982,0.01785140416768012,0.0,0.005708592237890636,0.0,0.0015457848458720058,0.0171415275339192,0.005305755315183798,0.01135567851005664,0.0,0.012137809574685642,0.0,0.03489739452668418,0.009302405935383645,0.02333688236205161,0.0002867330995389196,0.0,0.00664229352294806,0.002578696062035122,0.010867719184267828,0.008674595560628093,0.008519742398388732,0.021132017760023478,0.014307546936056202,0.0,0.0,0.012707754884757567,0.0,0.0,0.0010729181018419194,0.006308212110063136,0.0,0.01903963309880856,6.121469762895154e-05,0.021532829843294632,0.012199962487568605,0.0,0.0,0.03826623477212847,0.0,0.011330797694614116,0.0010830561150290546,0.0,0.0,0.009554925868971019,0.0,0.013439614848706614,0.00664229352294806,0.009539850075133027,0.03406407936437434,0.01059297796424729,0.018068991968187273,0.039588039972716746,0.0005353471920775121,0.000922006830117908,0.0,0.00550769832227636,0.0,0.0049132190499186,0.008576711545719568,0.012395009177603972,0.0,0.0,0.003354987998682623,0.0,0.011336829189362567,0.0011269576801269596,0.0,0.013740707621126176,0.0,0.0058925596892538505,0.012105271629094978,0.003068635072201873,0.020408683794854915,0.0,0.0,0.009448615242856437,0.016261025729299963,0.0,0.01710610629087131,0.0,0.03888173955063232,0.001236007153088494,0.0,0.0054519949253639954,0.01334124717299693,0.008000895066762433,0.0,0.007767057020047888,0.028842926875694598,0.0,0.0,0.018816559608753544,0.00370293140155957,0.0,0.0,0.009440156544991737,0.0,0.005089831776928386,0.0,0.0035644048025519418,0.005900577049473981,0.005803859076158838,0.015669223597605166,0.0,0.04047202277244844,0.0,0.004073463470787735,0.0048701577911014066,0.00957536837099885,0.0,0.003345360674850209,0.0,0.0,0.0,0.0,0.008937632524193245,0.0,0.0,0.0,0.009635116913401236,0.0,0.0,0.029817189610613064,0.0,0.0
ENSG00000117713.20,0.03640699477335996,0.03001312026899998,0.009185160888158524,0.03107322354001301,0.00928870498665815,0.0,0.0,0.0,0.01779290793496505,0.013742876277855323,0.02349279261545361,0.010999257427025011,0.015602348035164724,0.012496911674607737,0.006993157749429053,0.0064047851891121145,0.0055962864222465596,0.013562577221587303,0.03100705515112567,0.007416327309975566,0.0,0.028937079570084515,0.031900528598109205,0.010999257427025011,0.01182316250729103,0.02349279261545361,0.016379677678270983,0.02349279261545361,0.017243804106479767,0.026116744348984457,0.0034703605170875312,0.01182316250729103,0.0,0.010999257427025011,0.03752014777522037,0.004741035826811374,0.01068123623671156,0.02349279261545361,0.017192885621877124,0.01336929759018132,0.022113997420330288,0.013240735811427973,0.002662286862366227,0.0030928582740402735,0.021408182660147032,0.00044381380695134726,0.0133062214564709,0.0,0.015602348035164724,0.0,0.0,0.009600942860913377,0.023940076392907038,0.0048927773816869954,0.015880180669489628,0.03026309104012747,0.01067979299778242,0.0,0.011719864058872105,0.0,0.010999257427025011,0.016714057798096,0.015291919257840039,0.012375021239604163,0.0003289318750655905,0.033632040370885005,0.0,0.0,0.012292706685870146,0.00978198098520023,0.0033885776035998023,0.013785049280252024,0.013975226309664773,0.02124846054514658,0.01484076318484849,0.024364573588363792,0.03167016499636793,0.009567224484585756,0.016072601550630228,0.01473681115998101,0.03406869519226943,0.008122060531291043,0.023061779519369753,0.007590806403881635,0.01620457428316116,0.016599628916286736,0.0003289318750655905,0.030055293271396673,0.0,0.033632040370885005,0.020982768286410686,0.009249203294272302,0.0,0.006478918849621849,0.012877339402671613,0.0133062214564709,0.0,0.02446731081767524,0.011097700953310828,0.0,0.015587433193083314,0.02299185236774311,0.018259608392322532,0.0,0.008130989592960138,0.018259608392322532,0.017265673510196845,0.008609817416741258,0.0,0.035328144636490914,0.008544756523046274,0.00978198098520023,0.0050842107464461606,0.007676670930323308,0.023796517044124915,0.03324179157850904,0.018738436216103656,0.013304778217541752,0.01821619808837261,0.01994280230093127,0.00592595736533099,0.009249203294272302,0.014522054659366533,0.0020667904288173347,0.006441692881173876,0.015174265344899206,0.020943230068862114,0.02245675710267008,0.0,0.026615630474358457,0.02093785821779927,0.011926987417820327,0.02020526833670034,0.023447882546842186,0.0,0.0,0.03451535441451604,0.024150790998341245,0.027716593035156882,0.025692214617149225,0.0,0.028996501436120512,0.0006120393033851625,0.02148285443046774,0.0,0.0,0.0,0.020476701026601506,0.0,0.01653094811609315,0.01738134260913013,0.02339947594585511,0.004667614226654612,0.0,0.028996501436120512,0.014614539201779658,0.006163126732304278,0.0,0.0032370245231445015,0.007874785785996576,0.0,0.004667614226654612,0.021961170684294755,0.01939785088973247,0.004121826957438249,0.01503419002369569,0.01598447128194763,0.0,0.007610252597014824,0.0302266173641998,0.02490768170531472,0.023744564600783922,0.026171042440930346,0.02083974916675418,0.0,0.018867882636758114,0.013603600320185583,0.0016925811275459376,0.0302266173641998,0.03080362765773012,0.0387718426880138,0.044604593046611185,0.013921621510499041,0.0,0.023562843437558607,0.02360684809363475,0.0,0.012129442905904037,0.03745222786538513,0.004667614226654612,0.01952349526081651,0.003972208112042023,0.03324991758775997,0.0021765945984529196,0.018558430494966364,0.004667614226654612,0.004667614226654612,0.019320668921731142,0.03745222786538513,0.0
ENSG00000118503.15,0.0,0.0185861358247482,0.0010588453400676504,0.006451645663310336,0.004379036041232975,0.0,0.0,0.0,0.016002252965929525,0.0031926386669177687,0.0,0.000373827962064012,0.0065077906031743155,0.0,0.0,0.0,0.0,0.0,0.012430808147246647,0.0,0.0,0.007912453024112642,0.0,0.000373827962064012,0.0,0.0,0.0,0.0,0.0,0.006399800746600064,0.0,0.0,0.00394527278074689,0.000373827962064012,0.010002003984458496,0.0,0.009377725443040823,0.0,0.003963442604608104,0.0,0.00109350776474159,0.0,0.0,0.004436410416828143,0.0,0.0,0.008481370491725627,0.00880225732879416,0.0065077906031743155,0.0,0.0,0.004715467101488159,0.019972628421825324,0.0,0.0,0.0013443107181428243,0.006392246767396255,0.0,0.017388745563006635,0.0,0.000373827962064012,0.014325473300021423,0.036384422808556874,0.0,0.007412497468526739,0.011534453195931445,0.0,0.0,0.0009141868615277667,0.004024187516523427,0.0,0.0,0.0,0.0,0.003712925392481914,0.0,0.0,0.00883240878872886,0.0,0.0,0.006245721371123586,0.0,0.008506509611237605,0.003640955712748091,0.0,0.007112345757320462,0.007412497468526739,0.013512836954142744,0.0,0.011534453195931445,0.0,0.017836306269705667,0.0,0.00856023838911649,0.0,0.008481370491725627,0.0,0.031310538421279434,0.0,0.0,0.0,0.0,0.0,0.0,0.012235922339675583,0.0,0.004664342966475402,0.0018738916442622502,0.0,0.0,0.0,0.004024187516523427,0.009399090479432083,0.0,0.0,0.0,0.0,0.00549589181608106,0.0,0.0,0.007391132432135475,0.017836306269705667,0.0018455322616216484,0.0,0.0,0.0,0.004203348339306273,0.008858709862122893,0.0,0.0,0.008224241761925842,0.0038976622261551255,0.0,0.011700285319348809,0.0,0.007042261794383338,0.0,0.0,0.0,0.0036832418138415673,0.0,0.0,0.005171159057720018,0.0,0.0,0.0,0.0,0.0005674506862451412,0.0,0.0,0.01086947914960891,0.0,0.0,0.0,0.0,0.0,0.0,0.0,0.0042748041064048226,0.0,0.0,0.0,0.0,0.0,0.0,0.0,0.018196596964677632,0.0,0.0,0.0,0.0,0.0,0.0,0.0,0.0,0.0037058866387918374,0.0023983097276297216,0.008050013674132286,0.0,0.04451127206536319,0.0,0.0,0.0,0.006557651654797138,0.00732788681061064,0.0,0.0,0.009133113984070788,0.0,0.0,0.0,0.0,0.0,0.0008469169820699077,0.0,0.0,0.0,0.027219515871736696,0.0,0.0
ENSG00000178685.14,0.026239926284069563,0.03125877303533827,0.0,0.0082608993531392,0.010044305757788398,0.01818434526224615,0.0007649784049708896,0.032243483101627904,0.0,0.03993052542035201,0.0,0.03680144406041384,0.043174940529444816,0.022347534422371362,0.006099677434636849,0.0016451739943696038,0.0008961509289767515,0.02572853445008782,0.02465099309048311,0.0,0.03190133192848629,0.01327568718143083,0.031957348321884446,0.03680144406041384,0.0,0.0,0.0,0.0,0.0,0.0,0.01216745755118722,0.0,0.0054235212400315196,0.03680144406041384,0.005014566976469535,0.0,0.02348030037167241,0.0,0.0,5.3049676416956626e-05,0.0029796206467685715,0.0,0.0,0.007965153802604232,0.0,0.010062439838195849,0.015609841635923508,0.0020209522721865887,0.043174940529444816,0.005937859614035295,0.012206691770713887,0.01103902378609107,0.023498060438359638,0.0,0.030207230101571635,0.0,0.002921406603009734,0.0,0.0,0.0,0.03680144406041384,0.0013906874531821184,0.0,0.0,0.019985164434379747,0.016780534354734204,0.003998947962614449,0.0156642070463006,0.038072718655499216,0.001118727983811199,0.001758158905142873,0.0,0.041008386845847615,0.0,0.05086058189979559,0.0011550718029516883,0.038416986913458656,0.0,0.009706701648147895,0.03332274547549684,0.041101218139162704,0.026348910953287178,0.005978173347214608,0.0,0.033669332134211874,0.0,0.019985164434379747,0.0,0.03483700011883469,0.016780534354734204,0.0043415757255688275,0.0,0.0,0.008089902681517807,0.030078330366404032,0.015609841635923508,0.032243483101627904,0.0,0.012361833888320496,0.0,0.007679265749540788,0.0,0.027254965358946476,0.019710776171104807,0.00965180765814341,0.027254965358946476,0.033862745303801636,0.0,0.022589136702843113,0.03435754346715089,0.0,0.001118727983811199,0.023714583847496605,0.0,0.005915288837116964,0.01452099504320797,0.009149258394760527,0.0,0.002847693226981446,0.0031782889663597817,0.01975088095855556,0.0,0.030733663943863468,0.01297172444136599,0.0,0.0316890160771099,0.03794938856758485,0.0,0.0,0.009440950039126376,0.020819727273413108,0.0,0.029481592087278283,0.004797894471473184,0.031443747334485184,0.0,0.0,0.004860396756200987,0.007748782743859893,0.0,0.0,0.0270475790651639,0.01964903455460241,0.0,0.0118579405744503,0.04156605473497983,0.00808103542034394,0.04333773243864307,0.0028130113048109653,0.010603688466155371,0.014378130056050237,0.027281862540988088,0.02949147965842684,0.02963590166257888,0.0270475790651639,0.0239044600963305,0.0013897109104615002,0.02576206024530999,0.011778575818853505,0.013645642082113725,0.009546118672454584,0.02949147965842684,0.04038244001139839,0.051455349621724406,0.0,0.009280878363925951,0.009174603550390147,0.012209119820118165,0.01396342901467702,0.0,0.031142218667706834,0.027726712675222212,0.0,0.016032136313349057,0.03250897397191867,0.009444421364360831,0.0,0.0023783109444047226,0.0,0.004561764013035825,0.012893779182788036,0.04603182838169289,0.004889118213094047,0.011888321957623772,0.012949268537664205,0.01819252692009518,0.0028130113048109653,0.0,0.0060055831279904395,0.02949147965842684,0.041131716249765346,0.003791561668831867,0.017898320670403367,0.0,0.023771992016038267,0.02949147965842684,0.02949147965842684,0.01933065351402387,0.0060055831279904395,0.0
ENSG00000115145.10,0.010602675727323013,0.023170959980971725,0.0,0.0,0.02144669649496879,0.01102820423743121,0.001826594176290764,0.0333418558507456,0.0,0.030409656451925622,0.0,0.02889579756457364,0.02425418541811955,0.0,0.007966779373831697,0.0,0.0022378692988583547,0.00037377705124367125,0.0,0.0,0.03179401251482998,0.008109514110433785,0.0257346329294336,0.02889579756457364,0.0,0.0,0.0012123873687616207,0.0,0.0,0.0,0.014490028847761603,0.0,0.004497392935641633,0.02889579756457364,0.0,0.0,0.005297368042709454,0.0,0.0,0.0,0.004073790545281848,0.0,0.0,0.009669149980335537,0.0,0.0,0.0,0.005434263161654764,0.02425418541811955,0.0,0.012837195139419885,0.0034157307152336367,0.026406708439055834,0.0,0.0031562543097189873,0.0,0.0,0.0,0.0,0.0,0.02889579756457364,0.0,0.002939175425017121,3.452595238634046e-05,0.030710787077682156,0.0,0.0,0.02532938414843885,0.02999983957036302,0.0,0.00492554124601928,0.0,0.033478513233698395,0.0,0.05120944917788804,0.01487642045362,0.0,0.00027541191699872666,0.0,0.006523249473929904,0.02439684141219218,0.009564120418258874,0.009780390417978166,0.0,0.025851221753979105,0.0,0.030710787077682156,0.0,0.03527268617816535,0.0,0.0,0.0,0.0,0.0,0.012678720507735976,0.0,0.0333418558507456,0.0,0.004789118888088445,0.0,0.0014909847110261623,0.0,0.0,0.010654427186187539,0.002009867026863659,1.734723475976807e-18,0.023886406977995725,0.0,0.031426234074706155,0.028472195174213857,0.0,0.0,0.033825387167159264,0.0,0.0075524642086172225,0.0,0.0,0.0,0.006100009986578697,0.0,0.0021827679532323493,0.0,0.022372548090643735,0.027372298056953976,0.0,0.02702433912626144,0.04197369751478642,0.0,0.0,0.0,0.0,0.0,0.005755833041407095,0.0,0.0267401750016743,0.0,0.0,0.0024286024165789608,0.0,0.0,0.0,0.0035702474694271173,0.002767968428566449,0.0,0.014322152826092484,0.025503421486940223,0.013438448290651644,0.02839069127197907,0.0,0.0,0.00013808406452799765,0.03209826659387692,0.003993849859786899,0.03417454107539246,0.0035702474694271173,0.03917518322312334,0.0,0.0008792497703097937,0.0,0.010540844813498096,0.004294980485543422,0.003993849859786899,0.017738190205539947,0.04626021071886992,0.0,0.0,0.0,0.01746796011162034,0.0,0.0,0.017353009982952475,0.003953432091186149,0.0,0.0052186415029139566,0.007785683865998726,0.0055801144962907764,0.0,0.0,0.0,0.009643525685014594,0.0,0.01450785242428182,0.0014127010467711587,0.006003716886650554,0.0,0.005507006274983836,0.0,0.0,0.0,0.003993849859786899,0.017406067374538155,0.0,0.0,0.0,0.0,0.003993849859786899,0.003993849859786899,0.013585024370737851,0.0,0.0
ENSG00000177628.16,0.013768166640478613,0.015861333595888004,0.0,0.0,0.025661355462052476,0.01380842347788284,0.0021982622033562133,0.014761701940735804,0.0,0.01799657952572499,0.001525466270895396,0.018911253150437745,0.010282576868299682,0.0,0.005011337374778539,0.013275655715725608,0.0,0.0031539962916953025,0.0012707975743887975,0.003068889907373338,0.02540477061554615,0.014517161419381992,0.020076614860826215,0.018911253150437745,0.0,0.001525466270895396,0.007875055827524818,0.001525466270895396,0.0,0.002063878394532946,0.019071808065191858,0.0,0.00038185348279435455,0.018911253150437745,0.009206315300775968,0.019900747952847395,0.0032965484784382715,0.001525466270895396,0.0,0.0,0.0040125335796234105,0.0,0.0,0.015056255258338983,0.014677716334136105,0.0,0.0,0.016340322007933023,0.010282576868299682,0.007112042009347265,0.018418742225684737,0.0,0.02345126644000267,0.012090699482951498,0.0008443744005880577,0.003503761995483766,0.0,0.0,0.0,0.016100234503579863,0.018911253150437745,0.0,0.013418379852603128,0.008180701066929051,0.030983527343134473,0.0,0.0,0.006464619139081376,0.010919542316124473,0.0,0.0158429514838319,0.003643457822097993,0.012987998249216823,0.0,0.019864531613290715,0.02394540715096298,0.0,0.0,0.005433083017203945,0.0034060435042257853,0.015970828621675523,0.01558781272271003,0.01895608437175993,0.0,0.006919238393116771,0.0,0.030983527343134473,0.0015082118922610105,0.027473226548638492,0.0,0.0,0.0,0.004480544286327871,0.0,0.011120046161651099,0.0,0.014761701940735804,0.002256555511436411,0.0,0.006669301130231283,0.01067803005634228,0.0,0.0,0.0,0.0,0.0,0.003936108835311668,0.0023373513083680166,0.019058302582558136,0.0225419332472668,0.0013201194228470471,0.0,0.026515760782075543,0.007530406298063751,0.006080989512715754,0.00994302471173105,0.0,0.0,0.01880351667550778,0.0011387938084546911,0.007764315039497205,0.0,0.0048507824600244245,0.03408486731262057,0.0073633414155559115,0.022330055592061367,0.018039134512352117,0.0,0.0,0.0,0.0,0.0,0.0,0.0,0.023150926481372798,0.0,0.0007928409245556364,0.0202869266969223,0.0017123491848028208,0.0,0.0036964077852186285,0.0,0.0,0.0,0.014111820658312048,0.006988213267885169,0.01531977056181364,0.02046254916514105,0.0,0.004118086517561553,0.007329529824709427,0.02068718575774432,0.0,0.020418784194589812,0.0,0.04252264057769524,0.013406048988842751,0.0,0.0,0.027162267460324963,0.006824241174687488,0.0,0.013479058913186803,0.029236315771929238,0.0,0.003055758689566493,0.0004885917594981415,0.01820523793684735,0.0,0.003991435910311456,0.01125073596763241,0.0,0.003881940884523944,0.017343404110490235,0.01464670906397305,0.0049484112724342035,0.0,0.004043550540230815,0.003991435910311456,0.017393852917465202,0.0,0.00914368611803009,0.013396537003209766,0.001317731175605151,0.0,0.01357748639537128,0.0,0.0,0.0,0.0,0.01563720358313849,0.0,0.0,0.0,0.003200849014216616,0.0,0.0,0.013879394769413474,0.0,0.008137656037867563
ENSG00000114573.10,0.007384509293801935,0.016477851061220086,0.0,0.002189252535149025,0.010512521180358385,0.0030020148196017726,0.01066403755505893,0.02328881716159263,0.0,0.027766914317811968,0.0,0.01841477423100183,0.020785746539921275,0.0,0.0011552774821472107,0.0,0.0,0.0,0.0,0.0,0.02267842289374898,0.0037107527611009265,0.012383837726035588,0.01841477423100183,0.0,0.0,0.0,0.0,0.0,0.0,0.007547713310658656,0.0,0.014496895578491846,0.01841477423100183,0.0012349615234362177,0.0,0.0006483342486993948,0.0,0.0,0.000346376772003925,0.011815212511081325,0.0,0.0,0.00951439028443839,0.0,0.008813272018927175,0.01167145401307254,0.013629876954486364,0.020785746539921275,0.0,0.002541010602527101,0.0,0.022221952641032144,0.0,0.0018208996980100603,0.0,0.0,0.0,0.0,0.0,0.01841477423100183,0.0,0.017020297963396044,0.0,0.0183705274150478,0.004116625309429054,0.0,0.017614383167375403,0.019566846481382065,0.00095189983436373,0.0,0.005825045470596701,0.0222983988347192,0.0,0.038701576572992696,0.021775039920329482,0.0,0.008591669435206326,0.0010864687670250686,0.004382568801647783,0.020212085614168478,0.008072556538642146,0.015842295440438674,0.0,0.014753890755827523,0.0,0.0183705274150478,0.0,0.025409975247086117,0.004116625309429054,0.0,0.0,0.005215548497110881,0.013942047277809965,0.011363736579538482,0.01167145401307254,0.02328881716159263,0.0,0.0,0.0,0.0,0.0,0.0,0.003173989367860383,0.0,0.0,0.021374478489300523,0.0,0.02326715484312823,0.015733091163591305,0.0,0.00095189983436373,0.021661707455944135,0.0,0.01454676486441846,0.004999356804782522,0.0,0.0,0.012940782181148733,0.0,0.0,0.0,0.01202233840249038,0.0288946074059995,0.0,0.012421704859315808,0.04322230940533748,0.0,0.0,0.0,0.0,0.0,0.0,0.0,0.015339495960469265,0.0,0.0,0.007577541365416721,0.0,0.0,0.004039107128917713,0.0,0.0,0.0,0.007791440107454511,0.01476048289068222,0.005624507290506325,0.023701217720405978,0.0,0.0,0.013289380975231226,0.019810955219208056,0.0014792650793738343,0.020747012762863892,0.0,0.02358791885199272,0.0,0.0,0.008768150290798592,0.0,0.0,0.0014792650793738343,0.011453183784071244,0.03204979959019535,0.0,0.0,0.003871522862718156,0.007295906230817939,0.0,0.0,0.013323257868745692,0.0005369388683707441,0.0,0.0,0.006319877723396372,0.0008074490388269816,0.0,0.0,0.0,0.036294605973656344,0.0,0.007901096353560087,0.008356739562674055,0.003489132106237497,0.001213321587155109,0.0,0.0,0.0,0.0,0.0014792650793738343,0.012164745016307245,0.0,0.0,0.00039919134601393985,0.0,0.0014792650793738343,0.0014792650793738343,0.024369199620445738,0.0,0.003623742375683782
ENSG00000121807.5,0.010602675727323013,0.023170959980971725,0.0,0.0,0.02144669649496879,0.01102820423743121,0.001826594176290764,0.0333418558507456,0.0,0.030409656451925622,0.0,0.02889579756457364,0.02425418541811955,0.0,0.007966779373831697,0.0,0.0022378692988583547,0.00037377705124367125,0.0,0.0,0.03179401251482998,0.008109514110433785,0.0257346329294336,0.02889579756457364,0.0,0.0,0.0012123873687616207,0.0,0.0,0.0,0.014490028847761603,0.0,0.004497392935641633,0.02889579756457364,0.0,0.0,0.005297368042709454,0.0,0.0,0.0,0.004073790545281848,0.0,0.0,0.009669149980335537,0.0,0.0,0.0,0.005434263161654764,0.02425418541811955,0.0,0.012837195139419885,0.0034157307152336367,0.026406708439055834,0.0,0.0031562543097189873,0.0,0.0,0.0,0.0,0.0,0.02889579756457364,0.0,0.002939175425017121,3.452595238634046e-05,0.030710787077682156,0.0,0.0,0.02532938414843885,0.02999983957036302,0.0,0.00492554124601928,0.0,0.033478513233698395,0.0,0.05120944917788804,0.01487642045362,0.0,0.00027541191699872666,0.0,0.006523249473929904,0.02439684141219218,0.009564120418258874,0.009780390417978166,0.0,0.025851221753979105,0.0,0.030710787077682156,0.0,0.03527268617816535,0.0,0.0,0.0,0.0,0.0,0.012678720507735976,0.0,0.0333418558507456,0.0,0.004789118888088445,0.0,0.0014909847110261623,0.0,1.734723475976807e-18,0.010654427186187539,0.002009867026863659,0.0,0.023886406977995725,0.0,0.031426234074706155,0.028472195174213857,0.0,0.0,0.033825387167159264,0.0,0.0075524642086172225,0.0,0.0,0.0,0.006100009986578697,0.0,0.0021827679532323493,0.0,0.022372548090643735,0.027372298056953976,0.0,0.02702433912626144,0.04197369751478642,0.0,0.0,0.0,0.0,0.0,0.005755833041407095,0.0,0.0267401750016743,0.0,0.0,0.0024286024165789608,0.0,0.0,0.0,0.0035702474694271173,0.002767968428566449,0.0,0.014322152826092484,0.025503421486940223,0.013438448290651644,0.02839069127197907,0.0,0.0,0.00013808406452799765,0.03209826659387692,0.003993849859786899,0.03417454107539246,0.0035702474694271173,0.03917518322312334,0.0,0.0008792497703097937,0.0,0.010540844813498096,0.004294980485543422,0.003993849859786899,0.017738190205539947,0.04626021071886992,0.0,0.0,0.0,0.01746796011162034,0.0,0.0,0.017353009982952475,0.003953432091186149,0.0,0.0052186415029139566,0.007785683865998726,0.0055801144962907764,0.0,0.0,0.0,0.009643525685014594,0.0,0.01450785242428182,0.0014127010467711587,0.006003716886650554,0.0,0.005507006274983836,0.0,0.0,0.0,0.003993849859786899,0.017406067374538155,0.0,0.0,0.0,0.0,0.003993849859786899,0.003993849859786899,0.013585024370737851,0.0,0.0
ENSG00000114125.14,0.0,0.0,0.0,0.0,0.0077433568739732825,0.0,0.0,0.0,0.0,0.007097051312711593,0.0,0.012952005233296433,0.0022506232041469357,0.0,0.013329751843164529,0.0,0.0,0.0,0.0,0.005978448558926788,0.019860872723236663,0.0,0.0,0.012952005233296433,0.0,0.0,0.0,0.0,0.0,0.0,0.02042680315587612,0.0,0.0020270144268427007,0.012952005233296433,0.0,0.0,0.0,0.0,0.0,0.0,0.0,0.0,0.0,0.011035282867935373,0.0,0.0,0.0,0.002275450009606706,0.0022506232041469357,0.007607653905695993,0.0,0.0,0.0003600636878722252,0.0,0.0,0.0,0.0,0.0,0.0,0.0,0.012952005233296433,0.0,0.0,0.0,0.008486461071242398,0.0,0.0,0.0,0.013845367056791347,0.0,0.007923426922704611,0.0,0.0,0.0,0.008140135674666621,0.0,0.0,0.0,0.0,0.0,0.0,0.0,0.0,0.0,0.0,0.0,0.008486461071242398,0.0,0.0,0.0,0.0,0.0,0.0,0.0,0.0,0.0,0.0,0.0,0.0,0.0,0.0,0.0,0.0,0.0,0.0,0.0,0.0,0.0,0.017610249519089717,0.0015264925653256586,0.0,0.0,0.010826509694836721,0.0,0.0,0.0,0.0,0.0,0.0,0.0,0.0,0.0,0.00585495392058483,0.0,0.0,0.004056228119322422,0.0,0.0,0.0,0.0,0.0,0.0,0.0,0.0,0.014830366544158619,0.0,0.0,0.0,0.0,0.0,0.0,0.0,0.0,0.0,0.007878535080652307,0.020708495994849176,0.023198526290233227,0.004055882348699913,0.0,0.0,0.0,0.005483616510701589,0.0,0.0,0.0,0.0,0.0,0.0,0.0,0.004262971676717294,0.0,0.0,0.0,0.011585050484226943,0.0,0.0,0.0,0.015019160731029855,0.0,0.0,0.0,0.0,0.0,0.0,0.0,0.0,0.0,0.0,0.0,0.0,0.0,0.0,0.001860455486396767,0.0,0.0,0.0,0.0,0.0,0.0,0.0,0.0,0.0,0.0,0.0,0.0,0.0,0.0,0.0,0.0,0.0
ENSG00000113749.7,0.010461477111338054,0.026632857049329037,0.003733809068739255,0.03719290402940644,0.0068687616131338156,0.0,0.011056377036476933,0.015184486528959392,0.02079759510881308,0.02641457389479682,0.02257180624678447,0.008341706721246463,0.02806771810715546,0.0,0.0,0.014023541596811438,0.0005431571919993668,0.003968612357961875,0.01188282352341418,0.0,0.016328833337119555,0.013042751075755702,0.01488636308277383,0.008341706721246463,0.0,0.02257180624678447,0.0006142835856298746,0.02257180624678447,0.004676155702804354,0.015043458992393816,0.0,0.0,0.01725647830664535,0.008341706721246463,0.02703479704059865,0.0,0.023642655976755737,0.02257180624678447,0.013992045964842943,0.008789463093179063,0.018417108095242666,0.0,0.0,0.009152848046120397,0.0,0.01962017135278658,0.03491676741866737,0.009891028246993089,0.02806771810715546,0.0,0.011903771206719833,0.0,0.014872322359731686,0.0,0.011298960173985201,0.0,0.0,0.0,0.009037060419215728,0.0022930169594628375,0.008341706721246463,0.01983845450731879,0.025770716108757048,0.003276508931465052,0.014893972279293136,0.02315693496532582,0.0,0.0109982932527211,0.00962475534578626,0.01614989663425266,0.0,0.02907035887619153,0.011120582086537933,0.002013930356969177,0.027523759824811422,0.015300985959586781,0.0,0.006791350241934609,0.006200123633207474,0.011664540368881971,0.014654741441455267,0.006238690319054878,0.02638499969438692,0.0,0.0038018207173155898,0.0,0.014893972279293136,0.02928864203072374,0.017824660077871236,0.02315693496532582,0.020340294971538882,0.022092299497443887,0.02413702325012576,0.028658780099445884,0.010011396156523331,0.03491676741866737,0.015184486528959392,0.015291056318430488,0.0,0.0,0.0,0.00845389930604254,0.005628827624199428,0.0,0.005846408542475846,0.005628827624199428,0.02037886115011428,0.0,0.008639976380078377,0.009502336509843768,0.013567830637630278,0.01614989663425266,0.018666678116761586,0.013752273451053856,0.019912934835994347,0.016123248975504934,0.0,0.010114183889570118,0.0174674416627877,0.0,0.019869950139287284,0.022092299497443887,0.0023059939765639158,0.03474112114197385,0.012425346161705458,0.012730632221631247,0.0418394921446836,0.012310479097458773,0.010600834899808925,0.0,0.007959899668377367,0.019263002661250944,0.017336514493806562,0.010191410943622962,0.002758567599972093,0.0034539212979413647,0.00018973634576094356,0.00710984926530929,0.010693251407843055,0.030749286833438264,0.011414767227901204,0.008902246302442466,0.019719732121718923,0.02742357163189378,0.0,0.003973183926643961,0.0,0.016767530331100997,0.0,0.0,0.02290603080883033,0.003926268442448318,0.007741616513845157,0.023841931780132494,0.008902246302442466,0.012058565524777298,0.0,0.003968910676376704,0.030993843563630562,0.0,0.0,0.007741616513845157,0.01143529536632213,0.015808389729606714,0.0,0.0,0.037247839462845315,0.0035792342549660974,0.004495291903671282,0.012924762683088651,0.014567863459306177,0.0034538746063162568,0.024902878290962417,0.0,0.0045562517249330345,0.009119827220718888,0.018115388483533834,0.02068934027376517,0.012924762683088651,0.0551949217782719,0.010045177801804181,0.0070058107290039,0.0028144392280245525,0.007959197432121576,0.019234011110289006,0.013673347926774979,0.0,0.0,0.00386825537538657,0.007741616513845157,0.014992937344877003,0.0,0.017573726526761427,0.014827056711517822,0.013630032218163148,0.007741616513845157,0.007741616513845157,0.04059577812289065,0.00386825537538657,0.007577688945363252
ENSG00000114520.11,0.0,0.0,0.0,0.0,0.005760600317568691,0.0,0.0,0.0,0.0,0.0,0.0,0.0,0.0,0.00033133662989453735,0.015011223634327631,0.0,0.0,0.0,0.0,0.01995254321776743,0.0,0.0,0.0,0.0,0.0,0.0,0.0,0.0,0.0,0.0,0.020317248110828547,0.0,0.0,0.0,0.0,0.016725015378574584,0.0,0.0,0.0,0.0,0.0,0.0,0.004941175178945101,0.010904149422126322,0.006335816432568182,0.0,0.0,0.016398459973294623,0.0,0.022044590636019067,0.0,0.0,0.0,0.0,0.0,0.0,0.0,0.0,0.0,0.006756204311249431,0.0,0.0,0.0012933202885353767,0.002137736266304955,0.001984472072479107,0.0,0.0,0.0,0.0,0.0,0.02268773670286375,0.0,0.0,0.0,0.0,0.0,0.0,0.0,0.0,0.0,0.0,0.0,0.005410336025304397,0.0,0.0,0.0,0.001984472072479107,0.0,0.0,0.0,0.0,0.0,0.0,0.0,0.0,0.0,0.0,0.0,0.0,0.012418514883737544,0.006509295389746062,0.0,0.0,0.0,0.0,0.0,0.0,0.0,0.0,0.0,0.0,0.0,0.0,0.0,0.0,0.0,0.0,0.0,0.0,0.009012067412783797,0.0,0.0,0.0,0.0,0.0,0.0,0.0,0.0,0.0,0.0,0.0,0.0,0.0,0.0,0.0068901107871305114,0.0,0.0,0.011937772675903988,0.0,0.0,0.0,0.0,0.0,0.0,0.0,0.0,0.03206193607161468,0.0,0.0,0.0,0.0,0.0,0.0,0.0,0.0,0.0,0.0019023610200918258,0.0,0.0,0.015851557604247307,0.0,0.0,0.0,0.0,0.0,0.0,0.0,0.02152445763175424,0.0,0.0,0.0,0.0,0.0,0.004592124703985064,0.0,0.0,0.0,0.0,0.0,0.0,0.0,0.0,0.009073153926946145,0.0,0.0,0.0,0.0,0.0,0.0,0.0,0.0,0.0,0.0,0.0,0.0,0.0,0.0,0.0,0.0,0.0
ENSG00000122862.5,0.0,0.005715620993645018,0.0,0.0,0.004246941064719002,0.0,0.0,0.0,0.0,0.0,0.0032598947287423644,0.0,0.0,0.0,0.0,0.0,0.0,0.0,0.0,0.0,0.0,0.0,0.005893993080426069,0.0,0.0,0.0032598947287423644,0.0,0.0032598947287423644,0.0,0.0,0.0,0.0,0.0,0.0,0.0,0.0,0.0,0.0032598947287423644,0.0,0.0,0.002840973478023711,0.0,0.0,0.0,0.0,0.0,0.0,0.0,0.0,0.0,0.0,0.0,0.00438539720278637,0.0,0.0,0.0,0.0,0.0,0.0,0.0,0.0,0.0,0.001731812480193249,0.00013763071018280115,0.0098696393974897,0.0,0.0,0.0,0.0,0.0,0.0,0.0,0.0,0.0,0.007624463728409813,0.0,0.0,0.0,0.0,0.0,0.0,0.0,0.01100729153042931,0.0,0.0,0.0,0.0098696393974897,0.0,0.0,0.0,0.0,0.0,0.0,0.0,0.0,0.0,0.0,0.0,0.0,0.0,0.0024779370539412884,0.0,0.0,0.0,0.0,0.0,0.0,0.0,0.0026275258385190306,0.0,0.0,0.0,0.011645882920592071,0.0,0.0,0.0,0.0,0.0,0.0,0.0,0.0,0.0,0.0,0.0029818275293644197,0.0,0.0,0.0,0.0,0.0,0.0,0.0,0.0,0.0,0.0,0.0,0.0,0.0,0.0,0.0,0.0005100975967653604,0.0,0.0,0.0,0.0,0.0,0.0,0.0,0.0,0.0,0.0,0.0,0.002007806012266765,0.0,0.0,0.0,0.0,0.0,0.0,0.0,0.0,0.0,0.0,0.0,0.0,0.0,0.0,0.0,0.0,0.0,0.0,0.0,0.0,0.006740852250512901,0.0,0.0,0.0,0.0,0.0,0.0,0.007872149391136445,0.0,0.0,0.0,0.0,0.0,0.0,0.0,0.0,0.0,0.0,0.0,0.0,0.0,0.0,0.0,0.0,0.0,0.0,0.0,0.0
ENSG00000181847.12,0.02625064820458931,0.029668629053206358,0.0,0.016369709994547253,0.0,0.0054525409933784685,0.006150896634550554,0.018333930718223833,0.0,0.023194171800796956,0.0,0.021225691437114454,0.02634141626731809,0.01899268908224249,0.0025501808467743164,0.0,0.0,0.02771220757028202,0.024026136303012466,0.0,0.009508606092062125,0.013477962622178027,0.03182276463495433,0.021225691437114454,0.004566736332123955,0.0,0.0,0.0,0.0,0.01741894419239754,0.0,0.004566736332123955,0.0,0.021225691437114454,0.013928146660492469,0.0,0.006882194556312553,0.0,0.0,0.014332355043441582,0.006341575111689701,0.0,0.0,0.003365421957417982,0.0,0.0,0.008473818481271989,0.00437118714731613,0.02634141626731809,0.005649643073902498,0.0,0.005154337829562351,0.023065445565238794,0.0,0.02513807233952286,0.004746862730706458,0.0,0.0,0.0,0.0,0.021225691437114454,0.004117063210112855,0.0,0.0,0.012835818877950381,0.025617760227971895,0.0006664143104737098,0.0,0.022469599388229847,0.0,0.01501340913486086,0.0,0.025317343945244795,0.0,0.03410708116195982,0.0027800688616013945,0.039009897185485094,0.0022459793546749825,0.021559208120628892,0.017551679050603064,0.040338113547496876,0.019831290985729506,0.006114513583373421,0.0,0.027461304097582837,0.00877423176448832,0.012835818877950381,0.0,0.012356350649077068,0.025617760227971895,0.0,0.0,0.0,0.0006237612786289051,0.01440443458408193,0.008473818481271989,0.018333930718223833,0.0,0.006575772090428221,0.0,0.007974441325965226,0.014198946206964984,0.0209395471540565,0.0,0.0036668791717984206,0.0209395471540565,0.026582039904250385,0.0,0.009749229728994419,0.034424642990947496,0.0,0.0,0.007408962476302808,0.0,0.009189319668704649,0.02446235920028217,0.003704837344627808,0.0,0.014466973461240887,0.016051684854707933,0.012309050957960126,0.0,0.02461355954056789,0.0,0.0,0.016050185291324195,0.030454502613588785,0.0,0.0,0.015363774721181975,0.014342606747400365,0.0,0.013620080855928196,0.008189607297747238,0.01831482229772787,0.0,0.013814330308815868,0.017186779615549597,0.00253729464129851,0.0029495205067835706,0.0,0.021067101048824005,0.0,0.0,0.0,0.010776953770427283,0.0,0.02726671588843134,0.0,0.006672846577170773,0.008046380169059557,0.021593868968814267,0.007868149494990966,0.015859606256998168,0.021067101048824005,0.017107490530080816,0.005738424598426564,0.01329500589663854,0.0,0.008431547211207285,0.0,0.007868149494990966,0.04192722680795709,0.03544071067478952,0.0,0.005251412316304903,0.0018768780746158467,0.0,0.0,0.0,0.015775896429964832,0.022234132970484988,0.0,0.030310429923765682,0.011074169714846087,0.003794433066565926,0.0,0.0,0.0,0.012375401840508234,0.03394504398031564,0.05649703332389784,0.010517048627775721,0.0,0.015934230672359793,0.019888084431972854,0.0,0.0,0.016769870894359697,0.007868149494990966,0.04477994797884551,0.000793968205241212,0.03156120991116119,0.0,0.018541131932866724,0.007868149494990966,0.007868149494990966,0.012104017753244906,0.016769870894359697,0.0
ENSG00000121774.18,0.02383374873510161,0.033084698521175446,0.0,0.020579715188639387,0.009174560800574192,0.010977775888160202,0.00900972506446223,0.02086694142739705,0.0,0.03440607808418624,0.0,0.02547083201405597,0.037674163555368956,0.0,0.0,0.010298884871774112,0.0006139658170461852,0.024538689409094778,0.020718331491247674,0.0,0.030249382194471347,0.011980725075961818,0.028845719775747847,0.02547083201405597,0.0,0.0,0.0,0.0,0.0,0.004183654578130337,0.005085988839282896,0.0,0.003553660689960131,0.02547083201405597,0.019837668912213904,0.0,0.019360749511626092,0.0,0.0,0.0,0.01002046124574231,0.0,0.0,0.0,0.0,0.008226423564899166,0.02030721537604953,0.0016305838405644701,0.037674163555368956,0.0,0.01193596815072847,0.000691593615769738,0.019237873529728996,0.0,0.01944086136066306,0.0,0.0,0.0,0.0,0.0,0.02547083201405597,0.0069050440018883635,0.0,0.0,0.025659917160277834,0.02166479735567111,0.0,0.0,0.016768459032516524,0.0,0.0023847837566149596,0.005109218576160594,0.019725545052182332,0.0,0.03535999755329281,0.010058551391492136,0.018081483762741386,0.0,0.01854880825390042,0.02203971105425847,0.03576366006380783,0.024907757743112713,0.004046051562264612,0.0,0.021962093679178417,0.0,0.025659917160277834,0.003787839013149795,0.033206468214137155,0.02166479735567111,0.003932753996741031,0.0,0.004778550180415373,0.0025872179599523704,0.018771625583075748,0.02030721537604953,0.02086694142739705,0.0,0.0022854729913703888,0.0,0.0,0.0,0.015573886699715106,0.00201297317878053,0.0,0.015573886699715106,0.027940253729642876,0.0,0.020515472368745263,0.031937632569838156,0.004815901135289839,0.0,0.01952378500024087,0.0,0.012977547265408111,0.012467256695839993,0.0003758898998261692,0.0,0.020389941358878297,0.0,0.025496881671663047,0.0,0.01900500765951261,0.01946016390571554,0.0,0.02210743637615363,0.03275386580796959,0.0,0.0,0.0,0.010616611686212106,0.0,0.009973942434816679,0.004626730531017753,0.02433391491840007,0.0,0.0,0.016706950484251356,0.0016544405258704167,0.008183594627932611,0.005306846480636264,0.01840479180500508,0.009259029706590524,0.0,0.0,0.004795015922932057,0.0,0.032127764613315624,0.0,0.0,0.013356139030239873,0.018567827293619867,0.011937991249222901,0.02060593373859672,0.01840479180500508,0.03302859541427315,0.005656961605421777,0.01807412340925987,0.01020549557101396,0.007716570218601865,0.0031918303253145007,0.011937991249222901,0.03929950584309097,0.04023164844805217,0.0,0.0,0.015349940362546527,0.0,0.0,0.0,0.01290015770682628,0.00982089706268369,0.0,0.012567413279476348,0.015956053021481835,0.0018790052709262497,0.0,0.011935132269200434,0.0,0.017140999292698737,0.004281513070788993,0.03555925977428084,0.0,0.0,0.011563077550635546,0.027865199476392565,0.0,0.0,0.0,0.011937991249222901,0.04033780995469621,0.0,0.016910173921367712,0.0,0.014483586347160057,0.011937991249222901,0.011937991249222901,0.025083513936538147,0.0,0.0
ENSG00000113448.19,0.0,0.0,0.0,0.0,0.0,0.0,0.0,0.0,0.0,0.0,0.0,0.0,0.0,0.0,8.794581739272195e-05,0.0,0.0,0.0,0.0,0.0,0.004468285232567062,0.0,0.0,0.0,0.0,0.0,0.0,0.0,0.0,0.0,0.007026854542386206,0.0,0.0,0.0,0.0,0.0,0.0,0.0,0.0,0.0,0.0,0.0,0.0,0.01323925955867104,0.0,0.0,0.0,0.011056681454633809,0.0,0.0,0.0,0.0,0.00521031567226226,0.0,0.0,0.0,0.0,0.0,0.0,0.0066607289520038485,0.0,0.0,0.011911143396182194,0.0,0.006774729264215611,0.0,0.0,0.0,0.0,0.0,0.008962772201882185,0.0,0.0,0.0,0.0,0.0,0.0,0.0,0.0,0.0,0.0,0.0,0.0,0.0,0.0,0.0,0.006774729264215611,0.0,0.0,0.0,0.0,0.0,0.0,0.0,0.0,0.0,0.0,0.0,0.0,0.0,0.0,0.0,0.0,0.0,0.0,0.0,0.0,0.0,0.0032578459544626015,0.0,0.0,0.0,0.0,0.0,0.0,0.0,0.0,0.0,0.0,0.0,0.0,0.0,0.0,0.0,0.0,0.0,0.0,0.0,0.0,0.0,0.0,0.0,0.0,0.0,0.0,0.0,0.0,0.0,0.0,0.0,0.0,0.0,0.0,0.0,0.0,0.0,0.00033977677555516866,0.0,0.0,0.0,0.0,0.0,0.0,0.0,0.0,0.0,0.0,0.0,0.0,0.0030659656089937135,0.0,0.0,0.0,0.0,0.0,0.0,0.0,0.0,0.0,0.0,0.0,0.0,0.0,0.0,0.0,0.0,0.0,0.0,0.0,0.005979464782290271,0.0,0.0,0.001602835489099473,0.0,0.0,0.0,0.0,0.0,0.0,0.0,0.0,0.0,0.0,0.0,0.0,0.0,0.0,0.0,0.0,0.0
ENSG00000176083.17,0.015747376973388013,0.036300288153135005,0.0008005753669866056,0.0388216050341616,0.004165939238615388,0.0,0.007268090312586167,0.0005405812690939191,0.021654646157971934,0.02408558839550628,0.0,0.013215237025717664,0.026167464202475302,0.012238986548107393,0.0,0.01180329709819758,0.0,0.017528797261624884,0.02961452451010321,0.0,0.012083446152911095,0.0099700704721516,0.01101666783432884,0.013215237025717664,0.014283899936390745,0.0,0.0,0.0,0.0,0.03244695933130056,0.0,0.014283899936390745,0.00525535867358639,0.013215237025717664,0.027489666414745543,0.0,0.023355175200091435,0.0,0.00376732249154009,0.014513605009903022,0.006579611493923963,0.0,0.0,0.014060836401882965,0.0,0.008232059273010434,0.024792767400936486,0.004080380742747157,0.026167464202475302,0.0015844206561001148,0.009271157150527221,0.004684293459564982,0.021590930604857596,0.01685071629325862,0.025791544101967465,0.02067001429744649,0.005892180586897756,0.0,0.006945288609694532,0.0,0.013215237025717664,0.020446759030639153,0.014408977619705717,0.0,0.022216270103570794,0.031052116710948267,0.0,0.0,0.00478719894010592,0.013048427351511621,0.015946939282553134,0.00811333086183742,0.0066709580699553,0.0,0.015438597519956118,0.0009323648739358731,0.028570753619855747,0.0031451850609859923,0.02033903565594142,0.01739982475247448,0.030344937705518053,0.020445507382710674,0.0035488850002770717,0.011952318608960257,0.009380341591798236,0.0255484726238012,0.022216270103570794,0.020328030619466145,0.013967205282760475,0.031052116710948267,0.0,0.013285123235359755,0.011916636478705053,0.008694109517600579,0.015317948945505458,0.024792767400936486,0.0005405812690939191,0.024878642931092064,0.00649843133516137,0.0,0.024704984684880825,0.024091015059847974,0.011681170188705674,0.0,0.0029271630880452204,0.011681170188705674,0.018366933831737466,0.0,0.004282915782173255,0.014539489846055239,0.018420995409464742,0.013048427351511621,0.017088711666365587,0.0,0.00846337062377335,0.021964498071642642,0.0,0.007329772787742814,0.013322063359298197,0.01645465802427723,0.028482733637296642,0.013285123235359755,0.007496582461948856,0.026366125419071768,0.021953410004153195,0.02072537705800694,0.023467016669949083,0.0017508438290962658,0.0,0.0031341047081755308,0.01737717234539856,0.009927481428874042,0.01648192669915201,0.020187410739715098,0.006825511933932219,0.0005555635179090926,0.025400820997978316,0.012167890275919111,0.0,0.013525538196383635,0.0,0.006486725408107408,0.011117823035386783,0.00990481633035789,0.0,0.0,0.0,0.02382624010458221,0.0,0.021557344084831884,0.02155671851058838,0.00022026187438156652,0.005162472587769831,0.0,0.006486725408107408,0.020580372757201766,0.0006135982558126765,0.010290031024975044,0.012555415236231837,0.013945728942266034,0.0032931542958343496,0.005162472587769831,0.026931913213156657,0.022618352977249435,0.0,0.019743206209235496,0.030488769557629372,0.0,0.0,0.0,0.0016954660792954449,0.009316429158507868,0.0,0.007773844653761963,0.018838389339144317,0.0,0.0271361488576975,0.02229085819871497,0.0,0.03957455914231167,0.04541982417264545,0.04145400936351102,0.01699621068332373,0.0,0.018814764546243617,0.021778629108619798,0.0,0.010061220831350595,0.019024911438294635,0.005162472587769831,0.04032221849070447,0.0,0.03557600681834878,0.0,0.03148754625866036,0.005162472587769831,0.005162472587769831,0.032916574381964964,0.019024911438294635,0.0
ENSG00000175591.11,0.004936678907282617,0.03396877299391939,0.0,0.0,0.005450769220713622,0.0,0.003092878000757483,0.014897459430186784,0.0,0.04081515148346275,0.0,0.011774323574759958,0.024568778667034254,0.0,0.0018979559497353665,0.0,0.0,0.0,0.0,0.0,0.02312569359740286,0.0,0.00971302386116301,0.011774323574759958,0.0,0.0,0.0,0.0,0.0,0.0,0.008569398940514249,0.0,0.015285302407239906,0.011774323574759958,0.0,0.0,0.00653853008079406,0.0,0.0,0.0,0.006513018500886949,0.0,0.0,0.012435345494251508,0.0,0.0006953183757659916,0.0,0.0,0.024568778667034254,0.0,0.005095445011162672,0.0,0.01955492103948575,0.0,0.00483966211857885,0.0,0.0,0.0,0.0,0.0,0.011774323574759958,0.0,0.0,0.0,0.03252568792428801,0.0,0.0,0.008539252373427501,0.01282395404849345,0.0,0.008375336450815389,0.0,0.006310935547606509,0.0,0.03176073543247909,0.0,0.0,0.0,0.0,0.0,0.026549221695286996,0.012450791833057306,0.004618781384570975,0.0,0.0,0.0,0.03252568792428801,0.0,0.016612675096515914,0.0,0.0009098457194875904,0.0,0.0,0.009334719001983023,0.015365351598590156,0.0,0.014897459430186784,0.0,0.0,0.0,0.00557823331806237,0.0,0.0,0.0,0.0,0.0,0.03414370849268387,0.0,0.03270062342305248,0.0030020396684070014,0.0,0.0,0.03544024768982086,0.0,0.0,0.0032343297004280673,0.0,0.0,0.009161444371024945,0.0,0.00362397031526121,0.0,0.005102880583981076,0.019492078632394945,0.0,0.011090139693115592,0.022480108535340805,0.0,0.0,0.0,0.0,0.0,0.0,0.0,0.010660541969418479,0.0,0.0,0.0,0.0,0.0,0.0,0.0,0.004432711390269177,0.0,0.017537131174851065,0.01867866076254872,0.008505247808906252,0.031114845995540985,0.0,0.0,0.002771947131542711,0.017142593794310615,0.0,0.01740178401684383,0.0,0.013429074136199239,0.0,0.0,0.0,0.0,0.0,0.0,0.010845456058471599,0.02918020675666537,0.0,0.0,0.0,0.013054986664332104,0.0,0.0,0.012208322466224684,0.008114008245052713,0.0,0.0,0.020643175376651696,0.0,0.0,0.0,0.0,0.020772646991750472,0.0,0.007979615512308504,0.0,0.0,0.0,0.0,0.0,0.0,0.0,0.0,0.019330985534951398,0.0,0.0,0.0,0.002558907929289478,0.0,0.0,0.014650480411792989,0.0,0.0
ENSG00000176170.13,0.010289420183721004,0.04125198241754404,0.0,0.0016083755010945916,0.005821836717840378,0.0,0.0,0.0,0.0006662424898857162,0.03435624465075418,0.0,0.0110677276857318,0.018367510138278198,0.0,0.0,0.0,0.0,0.0,0.005825975798569583,0.0,0.00603449875124696,0.0,0.023971594043633103,0.0110677276857318,0.0,0.0,0.0,0.0,0.0,0.0,0.0,0.0,0.005907994377047955,0.0110677276857318,0.0,0.0,0.002780173582404351,0.0,0.0,0.0,0.003045568022723325,0.0,0.0,0.0,0.0,0.0,0.0,0.0011203117367861865,0.018367510138278198,0.0,0.0,0.0,0.03200013010515632,0.0,0.0,0.0,0.0,0.0,0.0,0.0,0.0110677276857318,0.0,0.010734151822189952,0.0,0.028918971030512802,0.0,0.0,0.0,0.011608313355962577,0.0,0.0,0.0,0.005328415632811192,0.0,0.024765687739309677,0.0,0.0,0.001142554883312951,0.0,0.0,0.037402046866919406,0.012931545825936076,0.010814489892424919,0.0,0.006260151887781264,0.0,0.028918971030512802,0.0,0.0,0.0,0.0,0.0,0.0,0.01230998130953325,0.014918972544255699,0.0,0.0,0.0,0.0,0.0,0.01233638531078144,0.0,0.00040255995698056796,0.0,0.0,0.00040255995698056796,0.035828566575955026,0.0,0.02349555518892379,0.008205301331407185,0.0,0.0,0.030906397748832422,0.0,0.0,0.0,0.0,0.0,0.0,0.0,0.0007927468640847313,0.0,0.01254004961093265,0.018616853854352147,0.0,0.01424704261506008,0.017716131166924103,0.0,0.0,0.0,0.0016176440563967012,0.0,0.002650138631338776,0.0,0.0007169018399028337,0.0,0.0,0.0,0.0,0.0,0.0,0.0,0.0,0.0,0.0,0.007818590929319968,0.0,0.03172139319954568,0.0,0.0,0.004335163959449988,0.019985704101710286,0.0,0.004835653928718313,0.0,0.016124058937869407,0.0,0.0,0.0,0.0,0.0,0.0,0.01282961251482452,0.02963727434723185,0.0,0.0,0.0,0.005899888051637138,0.0,0.0,0.0069164781927881225,0.0,0.0,0.0,0.0,0.0,0.0,0.0,0.0,0.030933109066203092,0.0,0.009208284926975924,0.0,0.0,0.0,0.0,0.0,0.0,0.0,0.0,0.004175055992491086,0.0,0.0,0.0,0.0,0.0,0.0,0.011960152507819698,0.0,0.0
ENSG00000114450.10,0.013679643544859135,0.03332596596908067,0.0,0.026792363796879982,0.017802936927744217,0.004028622843223861,0.0022189336577087687,0.025237525218112365,0.0065081165903111485,0.029057316028910478,0.014509259135613704,0.01882273005481827,0.03153615698535373,0.0,0.0,0.017056869233653484,0.011043607121223584,0.006524230984327816,0.01807387098133428,0.0,0.025444422958200562,0.01744151242508856,0.028237158286171838,0.01882273005481827,0.0,0.014509259135613704,0.008851082019824704,0.014509259135613704,0.0,0.011283650760481247,0.0,0.0,0.007256975663795136,0.01882273005481827,0.02465515042166739,0.0,0.028291689770765797,0.014509259135613704,0.0074312189148552435,0.0008484744302100569,0.010675686129443184,0.0,0.0,0.00930760774201754,0.0,0.01080126362574814,0.020899334006316484,0.001695414454161482,0.03153615698535373,0.0,0.022199955743612623,0.009411736450129327,0.01905707815775538,0.0,0.012634314785694128,0.0,0.0008499394745221413,0.0,0.0,0.0,0.01882273005481827,0.01506991356591833,0.011689593570378128,0.010482952690918958,0.0272342319419275,0.01068151521688497,0.0,0.018713294233784553,0.02005774843476722,0.0,0.0035820785659710815,0.0132606393552534,0.022300696485517132,0.0,0.040031632429706775,0.0084023664928773,0.0,0.0,0.0,0.01380522104116409,0.018839497239478965,0.007730254198671606,0.020323094671926407,0.0,0.014899151715467171,0.0,0.0272342319419275,0.017529289295423592,0.027687371008950468,0.01068151521688497,0.021564508950360172,0.007944052439674536,0.006245803003556122,0.01368483629759191,0.01132638008472083,0.020899334006316484,0.025237525218112365,0.002674405109257056,0.011036116300522626,0.0,0.01185301540643948,0.0,0.007638694651063087,0.0051430865099591355,0.007856275569339509,0.007638694651063087,0.022890789638809476,0.00021758091827641865,0.016799055611656302,0.022241440520466317,0.0,0.0,0.03083035782797672,0.004998266350393396,0.012918634180193097,0.01072133221374185,0.0,0.0,0.010626669468217664,0.0,0.024695563884716575,0.007944052439674536,0.012656203664717265,0.03321881179292833,0.008736782077528739,0.02733326648857689,0.04059088025413253,0.0,0.002409340735322736,0.0,0.014524851234428406,0.006302905541001193,0.023550775854871663,0.007469601419681948,0.014159246641177126,0.0,0.0,0.001960910316471526,0.01396419680412379,0.029034110370042117,0.0038652136070421034,0.013674911759906264,0.024742670023859922,0.015604649398911017,0.0005147200551918231,0.014716122522901956,0.0,0.021457003882674096,0.0,0.0,0.009754733898127095,0.01621357981711719,0.010256201294258215,0.037269460092661064,0.013674911759906264,0.027645829895907918,0.0007733704274620959,0.006660075408208992,0.01735031425941061,0.002280795921127267,0.008433117207275232,0.010256201294258215,0.017720301787790823,0.030018800858281285,0.0,0.0,0.027785490589681806,0.013751288135768498,0.00512610076840303,0.006908946989377329,0.018597615573512964,0.006870367829131665,0.02139541571897903,0.0,0.006022057867535395,0.013892492678182686,0.005339360428069189,0.016478598715423974,0.006908946989377329,0.028543841489630135,0.0,0.013612566799725622,0.0,0.01047378221253463,0.007132495469979093,0.020803729467553343,0.0,0.0,0.0,0.010256201294258215,0.02023425970310792,0.0,0.0045256533651457445,0.0,0.019520471369059447,0.010256201294258215,0.010256201294258215,0.02981160287318277,0.0,0.0
ENSG00000114737.15,0.022505595483485564,0.03248638602968552,0.0,0.01984234766128628,0.015685784987386944,0.01620764460822207,0.014732230699868065,0.03645779584510939,0.0056355131646018235,0.04150312939689784,0.004291539438199991,0.03203662306275225,0.044750049993287716,0.00160440409422416,0.00401565623156845,0.007489116010685387,0.006331148475947023,0.02223133691267323,0.01954621716097605,0.0,0.03553424179617942,0.010491496289494862,0.027615674009023934,0.03203662306275225,0.0,0.004291539438199991,0.0,0.004291539438199991,0.0,0.0025517747344108374,0.010481480586111817,0.0,0.01812591906637802,0.03203662306275225,0.018802636980019417,0.0,0.026235951787060362,0.004291539438199991,0.0,0.005102693747079799,0.0167110550071818,0.0,0.0,0.0042503895901938316,0.0,0.022768420051884605,0.02729541480514929,0.0,0.044750049993287716,0.0,0.017020143589952068,0.007056700501981532,0.01815679459131624,0.0,0.02554949075519771,0.0,0.0,0.0,0.0,0.0,0.03203662306275225,0.013751676684672282,0.0,0.0,0.023270577832577227,0.02060568017906498,0.001625656733608245,0.02076887522236334,0.033161749585535034,0.006465824354543362,0.0,0.011740694921431458,0.03609968483454023,0.0005239655420824565,0.05228677429963957,0.007907441166515157,0.01633380983228938,0.0034736625345638764,0.016212886164828515,0.028562960528188373,0.03481339477081353,0.022123924039141367,0.0026568707232933544,0.0,0.02850873395721408,0.0,0.023270577832577227,0.002723951554219131,0.03847217704518462,0.02060568017906498,0.010309990186044705,0.0,0.009963443087970543,0.009578263125984574,0.02531603993179849,0.02729541480514929,0.03645779584510939,0.0,0.008620376725330836,0.0,0.0,0.004949052132739169,0.022097136173645008,0.016073443869193852,0.005440535994147719,0.022097136173645008,0.03503730504235447,0.0,0.02582149684524619,0.030621759003556025,0.0014280330318364037,0.006465824354543362,0.02646269372523436,0.0,0.019648990256186993,0.01099493477063914,0.006542416289927173,0.0,0.018240836135326732,0.0,0.023043835894403227,0.0,0.025570798708208886,0.016627031985747144,0.0,0.02835584267521421,0.04949736109595787,0.0,0.0,0.0006114986471771715,0.016852679562757662,0.0,0.026007306663433122,0.010834228814912947,0.029477286203562075,0.0,0.0,0.01392780787645068,0.007392542316285368,0.014601802711030475,0.009015025359549105,0.024454558870773767,0.023542414188841974,0.001594090179350055,0.010393224363481158,0.028529270331262888,0.009047270249704434,0.0385856815271385,0.0,0.0010391199170537435,0.01973546594988337,0.024681300808947766,0.02586942292996999,0.035809133547706054,0.024454558870773767,0.030096826328191734,0.0019317368373820976,0.022677307037312855,0.024601877206930904,0.004036805155155795,0.007636871365649375,0.02586942292996999,0.03689655889712995,0.046701845047208965,0.0,0.0,0.022050958194261942,0.01204160784809493,0.012613971049992477,0.0013740915684406566,0.02879858915171004,0.015668222204569204,0.0,0.008861862906275855,0.020356794725651654,0.007797958691276478,0.0,0.016436591231981136,0.0013740915684406566,0.016306321745361466,0.0017400615293971106,0.033524978113570116,0.004008569246357244,0.009212822750472693,0.017912142580846592,0.025356317641503832,0.0,0.0,0.0,0.02586942292996999,0.0370225968469973,0.003983079430737006,0.02286119471358576,0.006071554760065309,0.020305034144310355,0.02586942292996999,0.02586942292996999,0.03187097812672184,0.0,0.009280434849456613
ENSG00000176463.14,0.012487535618042347,0.029406820678898486,0.0,0.0,0.0,0.0,0.0,0.0,0.0,0.02184749219801447,0.0,0.004310688410752231,0.015598859595236499,0.0,0.007354379036583397,0.0,0.0,0.0,0.0,0.0,0.0,0.0,0.016983531536782302,0.004310688410752231,0.0,0.0,0.0,0.0,0.0,0.0,0.005205273813031833,0.0,0.0009081996516443758,0.004310688410752231,0.0,0.0,0.0,0.0,0.0,0.0,0.007181118373430016,0.0,0.0,0.00676241993949854,0.0,0.0,0.0,0.0008360253251579533,0.015598859595236499,0.0,0.0,0.0,0.016422055507889246,0.0,0.0,0.0,0.0,0.0,0.0,0.0,0.004310688410752231,0.0,0.003515673465786441,0.0013907561321277323,0.013802325375550727,0.0,0.0,0.0,0.0050997654921871305,0.0,0.011642100279754066,0.0,0.0,0.0,0.012605177553098937,0.0,0.0,0.0,0.0,0.0,0.02326282770245928,0.0,0.012095043159442473,0.0,0.0,0.0,0.013802325375550727,0.0,0.0,0.0,0.0024000992153526066,0.0,0.0,0.0,0.0,0.0,0.0,0.0,0.0,0.0,0.013374858193373345,0.0,0.0,0.0,0.0,0.0,0.023996597421566037,0.0,0.008392102118218274,0.010583607132537864,0.0,0.0,0.01670331398996941,0.0,0.0,0.0013298000747226854,0.0,0.0,0.0,0.0,0.0,0.0,0.006459793634303802,0.0,0.0,0.005267395315556804,0.0,0.0,0.0,0.0,0.0,0.0,0.0,0.0,0.0,0.0,0.0004804078307745624,0.001338551106321622,0.0,0.00015401631242431546,0.0,0.0,0.0,0.0,0.0,0.0,0.0008855533464651039,0.01497094380072709,0.0,0.0,0.0,0.010689461057135214,0.0,0.0,0.0,0.0,0.0,0.0,0.0,0.0,0.0,0.0,0.003690298048070674,0.013067015315222613,0.0,0.0,0.0,0.0018642328667909693,0.0,0.0,0.0,0.0026485292455754837,0.0,0.0,0.0,0.0,0.0,0.0,0.0,0.017519984591021998,0.0,0.009311122436596798,0.0,0.0,0.0,0.0,0.0,0.0,0.0,0.0,0.004994798317733307,0.0,0.0,0.0,0.0,0.0,0.0,0.007129523224144264,0.0,0.0
ENSG00000122986.13,0.037836359912754136,0.026359568338605477,0.0,0.036721930847477616,0.011833766030099564,0.0,0.0,0.0,0.016209935572464994,0.013198685997320327,0.02575723694281141,0.013857533372145958,0.01485281938216042,0.0,0.0,0.009022468145261732,0.0,0.008042334255584014,0.030343237606000214,0.0,0.0,0.03032507862515489,0.03271966456269698,0.013857533372145958,0.0,0.02575723694281141,0.022529104414365043,0.02575723694281141,0.0,0.007436868185379433,0.0,0.0,0.0,0.013857533372145958,0.035387843326653214,0.0,0.010135884778801302,0.02575723694281141,0.018026408764671625,0.0,0.02274334336803074,0.0,0.0,0.0,0.0,0.0020893387199916805,0.02170596687884728,0.003968293871035103,0.01485281938216042,0.0,0.0,0.012022088532830454,0.02352965015553906,0.0,0.0,0.03290531471022635,0.012981803044018615,0.0,0.01338001738939857,0.0,0.013857533372145958,0.015250221061276825,0.024434565048399352,0.0,0.0012673251644577353,0.041913319706046184,0.0,0.0018625631384233572,0.014915516717158059,0.021670395380020982,0.0,0.02448215458224207,0.016412238498183854,0.025072879250585378,0.014082702615629215,0.008392773469277765,0.03540217702012778,0.021227063251495495,0.010275180774015926,0.01718235526471506,0.03340603882451924,0.0116386175429406,0.0340000253995911,0.010521177004377387,0.018235744917215368,0.02049162507159756,0.0012673251644577353,0.03764303692352722,0.0,0.041913319706046184,0.0235243904243795,0.017505414658150836,0.0,0.024365049068526018,0.015528221879874966,0.02170596687884728,0.0,0.023659409966640108,0.013877170160175645,0.0,0.017097982797963103,0.0,0.020063845028758673,0.0,0.0101874563597785,0.020063845028758673,0.01608017576136394,0.012963644063173296,0.0,0.03687664540156597,0.0,0.021670395380020982,0.0051569295013921025,0.0,0.024240065149056533,0.034745054144143625,0.022840032732153466,0.024551885144064596,0.011432806591396921,0.0,0.006246280441866935,0.017505414658150836,0.016739023136189572,0.021092306779737766,0.0,0.017755857159345696,0.028407000872070577,0.025281489237387975,0.0,0.005495050353183234,0.02210708718861322,0.023212950323978597,0.02213866239692689,0.024339933707045125,0.0,0.0,0.011186415380788482,0.019811545240624392,0.03261410307014781,0.025024291399271162,0.0,0.03196531687674808,0.0018997343614143118,0.031261968133485425,0.0,0.0,0.0,0.022288398643088632,0.0058033511342364605,0.0,0.028430572143234648,0.026986361599338884,0.008946204847328072,0.0,0.03196531687674808,0.016912034233945494,0.0,0.005056600510393701,0.01346981646146029,0.015046343267147308,0.0,0.008946204847328072,0.015513485015338526,0.021328684131900463,0.010540960874137494,0.0,0.02374920903870182,0.0,0.01373767881396076,0.03484694958857972,0.028487677072876465,0.028323652420121786,0.027800479102665955,0.0,0.0,0.0220889282077679,0.0,0.0029633284551304553,0.03484694958857972,0.03513384833660022,0.004185961007228775,0.01842616382692995,0.0010005911084816563,0.0,0.033677169288659194,0.016998932685477405,0.0058033511342364605,0.01694894721228371,0.051791688983423095,0.008946204847328072,0.0,0.002582371541591813,0.005946995178234826,0.01544953122587189,0.0,0.008946204847328072,0.008946204847328072,0.017294275887394916,0.051791688983423095,0.0036836327262462984
ENSG00000115073.8,0.0,0.02604955861034587,0.0,0.0,0.0,0.002908403189035222,0.008827841719942761,0.03028416427386952,0.0,0.02364828215864299,0.0,0.01682103249152888,0.017948382304404324,0.0,0.008114037753520868,0.0,0.0022094715256209263,0.008489950275300077,0.0,0.0,0.01905556977031817,0.0008637519855253933,0.014555739006610176,0.01682103249152888,0.0,0.0,0.0,0.0,0.0,0.0,0.005660991976261048,0.0,0.0,0.01682103249152888,0.0,0.0,0.0,0.0,0.0,1.9467105167175758e-06,0.0,0.0,0.0,0.009482027210262832,0.0,0.0,0.0,0.015182527507758642,0.017948382304404324,0.0,0.0,0.0,0.0329280931774617,0.0,0.0008047680586201339,0.0,0.0,0.0,0.0,0.0,0.01682103249152888,0.0,0.012463924333660538,0.0,0.027156746076259723,0.0,0.0,0.0,0.017721706028279945,0.0,0.01460190683606381,0.0,0.021612597541466688,0.0,0.04419679357636318,0.015524671955122617,0.003144302547161505,0.0,0.0030864562966722124,0.0,0.02810247943203241,0.007752820675925205,0.0013121810916868863,0.0,0.023164969781975443,0.0,0.027156746076259723,0.0,0.022946461283504915,0.0,0.0,0.0,0.0,0.0034647929657733445,0.0010640861237464945,0.0,0.03028416427386952,0.0,0.0,0.0,0.0,0.0,0.0,0.0,0.002642845792196938,0.0,0.02610132793590281,0.0,0.02720851540181666,0.01749498446211716,0.0,0.0,0.020468011524081016,0.0,0.0,0.0,0.0,0.0,0.005006110848109743,0.0,0.0,0.0,0.0192740782687887,0.009124125274969926,0.0,0.0016811561842647316,0.038906151487235335,0.0,0.0,0.0,0.0,0.0,0.0,0.0,0.02048221999926639,0.0,0.0,0.0,0.0,0.0,0.0,0.0,0.0,0.0,0.000600324657977741,0.00940078244645575,0.010222853020749625,0.018637902933977674,0.0,0.0,0.0,0.016183353595560907,0.0,0.018554294290896074,0.0,0.023587567917945952,0.015877694909479295,0.0,0.0,0.0,0.0,0.0,0.027912021533556514,0.036243103749785316,0.0,0.0,0.0,0.0,0.0,0.0,0.0,0.0,0.0,0.00401255772407047,0.0016141631821347327,0.0,0.0,0.0,0.0,0.027609851426164546,0.0051844287155825355,0.02468103659026598,0.0,0.0,0.0,0.0,0.0,0.0,0.0,0.0,0.026915573869055274,0.0,0.0,0.0,0.0,0.0,0.0,0.01348747265941587,0.0,0.0
ENSG00000115085.13,0.008671730786351393,0.0339590347812493,0.0,0.013881294927903104,0.0005335987970432679,0.017785478840946882,0.02326049266640485,0.04442550035696852,0.007644679960467825,0.04882700584542657,0.0,0.0327987221210073,0.05247976315394063,0.012338688727726662,0.00492149256787029,0.0,0.007817256882371611,0.02492555755083098,0.015272823696735924,0.0,0.042622655140361135,0.0,0.01354634620754274,0.0327987221210073,0.0,0.0,0.0,0.0,0.0,0.00697732378368968,0.011739269723918016,0.0,0.025170578384739198,0.0327987221210073,0.006096866613306537,0.0,0.027813786019785177,0.0,0.0,0.015027517691819214,0.008924287465806743,0.0,0.0,0.015589583182482263,0.0,0.030393351440368532,0.03670652734583253,0.0033955450636197204,0.05247976315394063,0.0,0.01795667800620567,0.0013149678308041028,0.02213779646460796,0.0,0.034960603295880945,0.0,0.0,0.0,0.0,0.003924500206487481,0.0327987221210073,0.015525380376191271,0.001602613925816676,0.0,0.02410192676766979,0.024165565022783282,0.00308700126917571,0.011555890366463005,0.033794623752253616,0.009144785897175742,0.0025145432561080455,0.005439457301292538,0.03709977524400149,0.0,0.05943874363702893,0.0035008873597888214,0.020633177379057847,0.004984936101222123,0.019454929063284804,0.030140794760913185,0.03628604352237732,0.023771008148703705,0.0,0.0,0.029286096456707423,0.0,0.02410192676766979,0.0,0.045927806632109,0.024165565022783282,0.0,0.0,0.018968718916529584,0.018582855827487407,0.02648803745239911,0.03670652734583253,0.04442550035696852,0.0,0.0,0.0,0.0,0.0147914972365636,0.02332301760486546,0.016182938894981368,0.009174770547096103,0.02332301760486546,0.042009228689378834,0.0,0.03215212067579933,0.016552431202074832,0.012097517526126927,0.009144785897175742,0.026818956071365207,0.0,0.0122294389575546,0.007144999220014506,0.0,0.0023270087411280185,0.012096843158887524,0.0,0.02509675671608976,0.0,0.025980944964959573,0.01182148256971672,0.0,0.015103714515195564,0.060163754458131984,0.0,0.0,0.0,0.013585271352805895,0.0,0.013441688786347779,0.008114642865259716,0.032713709723042786,0.0,0.0,0.00311608990084071,0.0,0.0029691054818366813,0.019993001360688007,0.012206951498050699,0.02612623367585515,0.0,0.019763185629857342,0.039996049777900014,0.012650158957199828,0.041416268334495014,0.0,0.0,0.024073016779271646,0.011212121549630735,0.02845324241698316,0.030303349255621666,0.012206951498050699,0.017619967614306883,0.009868862033697592,0.025736213113287748,0.0350189750019025,0.0,0.003728163339226386,0.02845324241698316,0.04142380418004214,0.04929696875021846,0.0,0.0,0.026968781093772973,0.0,0.0,0.0,0.016367872976830677,0.011587539130730542,0.0,0.0,0.031934577902015315,0.0,0.004226848180083932,0.019711048571310424,0.0,0.032311273100415004,0.019014994198774143,0.038917887602042865,0.009211784281306055,0.014304995359213809,0.022478012678853257,0.004854176810840029,0.0,0.0,0.0,0.02845324241698316,0.0487418206213967,0.0,0.034942501174288834,0.00951034914824575,0.025222857043821385,0.02845324241698316,0.02845324241698316,0.0451311911306269,0.0,0.0
ENSG00000113368.12,0.0,0.0,0.0,0.0,0.017201962297938172,0.0,0.0,0.0009582814983635363,0.0,0.000710837128111444,0.0,0.0065657910486962776,0.0,0.0,0.002381320980195275,0.0,0.0,0.0,0.0,0.0,0.009019956754834111,0.0,0.004337897664977355,0.0065657910486962776,0.0,0.0,0.003891055754639298,0.0,0.0,0.0,0.008947112028891554,0.0,0.0007791180385091703,0.0065657910486962776,0.0,0.0005447865253109911,0.0,0.0,0.0,0.0,0.001089860353886793,0.0,0.0,0.0051709440012786545,0.0,0.0,0.0,0.0015050759047465813,0.0,0.0,0.0,0.0,0.005549706140036394,0.0,0.0,0.0,0.0,0.0,0.0,0.0,0.0065657910486962776,0.0,0.00034805146240029367,0.002378115300514131,0.009253940855661103,0.0,0.0,0.010123366375713393,0.007654213260122677,0.0,0.00040648151064585913,0.0,0.0014614723222548046,0.0,0.011823595458507627,0.0014546414083169354,0.0,0.0,0.0,0.0,0.0,0.0,0.006545101193603509,0.0,0.0,0.0,0.009253940855661103,0.0,0.002827215816966242,0.0,0.0,0.0,0.0,0.0,0.0,0.0,0.0009582814983635363,0.0,0.0,0.0,0.0,0.0,0.0,0.0,0.0,0.0,0.0,0.0,0.008609636739943916,0.006876533364073893,0.0,0.0,0.01231111582575167,0.0,0.0,0.0,0.0,0.0,0.0,0.0,0.0,0.0,0.0,0.0,0.0,0.00603471127744995,0.0,0.0,0.0,0.0,0.0,0.0,0.0,0.0,0.004709247392438883,0.0,0.0,0.0002877670700972765,0.0,0.0,0.0,0.0,0.0,0.0,0.0,0.0032585917711923547,0.008178990584060561,0.0,0.0,0.0,0.0,0.010624201193045968,0.0,0.0028883759585068836,0.0,0.008859903157099239,0.0,0.0,0.0,0.006846633490852332,0.0,0.0,0.0,0.007473647815815776,0.0,0.0,0.0,0.012975378330695207,0.0,0.0,0.0,0.0,0.0,0.0,0.0,0.0,0.0,0.0,0.0,0.0,0.0,0.0,0.0,0.0,0.0,0.0,0.0,0.0,0.0,0.0,0.0,0.0,0.0,0.0,0.0,0.0,0.0,0.0,0.0,0.00022625749188691022
ENSG00000261609.7,0.0,0.03481110193385838,0.0,0.0,0.0,0.0,0.0,0.0,0.0,0.02718901932093524,0.0,0.0,0.0027710094578693653,0.0,0.00918951881790006,0.0,0.0,0.0,0.0,0.0,0.012334195488124769,0.0,0.0,0.0,0.0,0.0,0.0,0.0,0.0,0.0,0.006356386897931658,0.0,0.006960309917260259,0.0,0.0,0.0,0.0,0.0,0.0,0.0,0.005103508988800361,0.0,0.0,0.006407356318700985,0.0,0.0,0.0,0.010221058348126727,0.0027710094578693653,0.0,0.0,0.0,0.02848324316878244,0.0,0.0,0.0,0.0,0.0,0.0,0.0,0.0,0.0,0.002776501828533638,0.0,0.0443742879641138,0.0,0.0,0.0,0.0,0.0,0.021473995451217216,0.0,0.0,0.0,0.008296053230487266,0.0,0.0,0.01245337139027071,0.0,0.0,0.030005552517827966,0.010488335172065523,0.0,0.0,0.0,0.0,0.0443742879641138,0.0,0.0,0.0,0.0,0.0,0.0,0.0016787566496343082,0.0,0.0,0.0,0.0,0.0,0.0,0.005211870325103146,0.0,0.0,0.0,0.0,0.0,0.030022151240903634,0.0,0.039585337271159045,0.0,0.004311899521813954,0.0,0.02809853267819178,0.0,0.0,0.0,0.0,0.0,0.00751994353394201,0.0,0.0,0.0,0.001708105319063881,0.0,0.0,0.0,0.00471472083885538,0.0,0.0,0.0,0.0,0.0,0.0,0.0,0.0005787285160606115,0.0,0.0,0.0067906653826898256,0.0,0.0,0.0,0.0,0.0,0.0,0.0020096723476171474,0.0,0.009100370032692158,0.019074491208578924,0.0,0.0,0.005401747416719879,0.013338252944420814,0.0,0.0,0.0,0.008654768553019894,0.0,0.0,0.0,0.011596699530938018,0.0,0.0,0.0,0.016351634760426774,0.0,0.0,0.0,0.0,0.0,0.0,0.0,0.0,0.0,0.0,0.0034948066932269026,0.0,0.0,0.0,0.0,0.029495080595575762,0.0,0.0,0.007837547178444884,0.0,0.0,0.0,0.0,0.0,0.0,0.0,0.00987882249082981,0.0,0.0,0.0,0.0,0.0,0.0,0.002376089402178358,0.0,0.0
ENSG00000101224.17,0.015766938224440714,0.049468496805968674,0.00650444440000604,0.03727430131667151,0.003706449702271828,0.0,0.016048231281937195,0.007648451250853814,0.03346612637774211,0.03558173211781529,0.0,0.01714037888641353,0.03848316667090141,0.003478842233598102,0.0,0.012243055159843565,0.0009045290793492783,0.022647737205917944,0.03685905121295226,0.0,0.01865777449783814,0.016226893444081222,0.009296427702541736,0.01714037888641353,0.008535443645777595,0.0,0.0,0.0,0.0,0.03337654680764039,0.0,0.008535443645777595,0.013747454051203374,0.01714037888641353,0.03430158598442735,0.0,0.033441887994879654,0.0,0.005649346378640667,0.013914105181692712,0.010690625054662437,0.0,0.0,0.01546383517541695,0.0,0.017895973355020606,0.04050393786536288,0.01213540315565511,0.03848316667090141,0.0,0.013616495821816371,0.006523423272597459,0.03531033125171118,0.008135161902672002,0.0233009185634109,0.02096956363303695,0.008206811607165583,0.0,0.01930796082348462,0.0,0.01714037888641353,0.031782738043173976,0.03353133939291982,0.0,0.029643104632905395,0.0439211010834355,0.0,0.0,0.008764837238192602,0.02084453841544312,0.007954663626305609,0.01437054620082957,0.011390163787807363,0.0,0.026901043933909897,0.008639416844672544,0.03253218205487437,0.009436953839263462,0.026564264192006574,0.022972286524798886,0.038998895335887906,0.025005410801209986,0.007071906280534987,0.01622085468147274,0.014190028498233982,0.027270441722925944,0.029643104632905395,0.02825731088898295,0.0212831010474529,0.0439211010834355,0.0,0.02573846294772958,0.022361934026867737,0.024438063306596317,0.020070851971712766,0.04050393786536288,0.007648451250853814,0.0387704024494323,0.0,0.0,0.008818460446101684,0.023325156946273358,0.017396609587004577,0.0,0.013708045502827858,0.017396609587004577,0.030006055180020988,0.0,0.010180663006957722,0.01408354988987259,0.018190223316654458,0.02084453841544312,0.024708545803408175,0.0,0.013315951604277197,0.02407509065090252,0.0,0.015268861477648811,0.017188837424306914,0.008907732353446038,0.03837644682437687,0.02573846294772958,0.011564701948619222,0.02312908808896292,0.0,0.00684039474676551,0.042026595652320975,0.009180784235987019,0.0,0.0,0.024213026684201305,0.002416199035479079,0.004296760736929937,0.028129553670289943,0.009745481976575932,0.011913063913647028,0.013083933090993968,0.012288568300691756,0.0,0.019324344258216268,0.007518144431866776,0.007269432999506983,0.020795863466128696,0.0,0.0,0.0037512365328222427,0.0,0.03192854774493126,0.0,0.0,0.03270223418866161,0.0,0.010326261996047935,0.0,0.007269432999506983,0.024371115605333418,0.00968709455560901,0.015260820825545154,0.02785791333661193,0.011130556470887891,0.004387634511138036,0.010326261996047935,0.035752517729867546,0.03024515941036314,0.0,0.010457936210687871,0.04732035496255961,0.0,0.0,0.0,0.001568133735994251,0.010510730758423743,0.0,0.0,0.02407779552225622,0.003580868915330264,0.027989587551251863,0.033017169685322076,0.0,0.07189543468744596,0.052848512863327174,0.03982286230543312,0.011688078442785747,0.006637697911871215,0.03127507655468454,0.008103621861967218,0.0,0.010526901105956464,0.02027725735802103,0.010326261996047935,0.04134025791685773,0.0,0.03933137202330907,0.0012928429392019686,0.030117335660607623,0.010326261996047935,0.010326261996047935,0.056400732984417175,0.02027725735802103,0.0
ENSG00000175203.15,0.0,0.014238993513850023,0.0,0.0,0.015174559342168978,0.0,0.0,0.0,0.0,0.0021921781797381718,0.0,0.00021369502161063328,0.0,0.0,0.0,0.0,0.0,0.0,0.0,0.0,0.0072616563304348965,0.0,0.0,0.00021369502161063328,0.0,0.0,0.0,0.0,0.0,0.0,0.0,0.0,0.0,0.00021369502161063328,0.0,0.0,0.0,0.0,0.0,0.0,0.0,0.0,0.0,0.005838985422198118,0.0,0.0,0.0,0.00682459740532498,0.0,0.0,0.0030131273499353385,0.0,0.01558949962077702,0.0,0.0,0.0,0.0,0.0,0.0,0.0,0.00021369502161063328,0.0,0.014923614986793239,0.0,0.024775925530967583,0.0,0.0,0.0,0.0,0.0,0.009786783174841714,0.0,0.0,0.0,0.0035216103075728783,0.005811368440549497,0.0,0.0,0.0,0.0,0.0009868653538313843,0.0,0.005693746925000798,0.0,0.0,0.0,0.024775925530967583,0.0,0.001691459069868305,0.0,0.0,0.0,0.0,0.0,0.0,0.0,0.0,0.002469202040321368,0.0,0.0,0.007334167551229714,0.0,0.0,0.0,0.0,0.0,0.0,0.0,0.006480703897795148,0.0029274657741400825,0.0,0.0,0.018933277048050104,0.0,0.0,0.0,0.0,0.0,0.0,0.0,0.0,0.0,0.0,0.012035299961907317,0.0,0.0,0.0,0.0,0.0,0.0,0.0,0.0,0.0,0.0,0.0,0.0,0.0,0.0,0.0,0.0,0.0,0.0,0.0,0.0,0.0,0.0,0.0,0.0,0.0,0.0,0.0,0.0,0.0,0.0,0.0,0.019462403900300858,0.0,0.0,0.0,0.010903000773941497,0.0,0.0,0.0,0.004229088357391629,0.0,0.0,0.0,0.0,0.0,0.0,0.0,0.0,0.0,0.0,0.0,0.0,0.0,0.0,0.0,0.019762704529790634,0.0,0.0,0.0,0.0,0.0,0.0,0.0,0.0,0.0,0.0,0.0,0.0,0.0,0.0,0.0,0.0,0.0,0.006470983316087864,0.0,0.0
ENSG00000159461.15,0.0,0.02004811186857347,0.0,0.0,0.013346166480913177,0.0,0.0,0.0,0.0,0.04333340518980343,0.0,0.021466678250499575,0.010151015207121132,0.0,0.015517213681040289,0.0,0.0,0.0,0.0,0.0,0.03107602231129235,0.0,0.0029741384375848237,0.021466678250499575,0.0,0.0,0.0,0.0,0.0,0.0,0.03226070896902857,0.0,0.016888859249190258,0.021466678250499575,0.0,0.0,0.0,0.0,0.0,0.0,0.0009974439836143295,0.0,0.0,0.01803526850332249,0.0,0.0,0.0,0.005835640508802441,0.010151015207121132,0.005829718443660219,0.0,0.0,0.02946589334019652,0.0,0.0,0.0,0.0,0.0,0.0,0.0,0.021466678250499575,0.0,0.0,0.0,0.04097311897274468,0.0,0.0,0.0,0.012599017895617619,0.0,0.01428942461945188,0.0,0.0,0.0,0.024502682810581745,0.0,0.0,0.0,0.0,0.0,0.03071450523074759,0.004942631857621088,0.0,0.0,0.0,0.0,0.04097311897274468,0.0,0.007598469792337206,0.0,0.0,0.0,0.0,0.0,0.007952187755884167,0.0,0.0,0.0,0.0,0.0,0.0,0.0,0.0,0.0,0.0,0.0,0.026589909901815145,0.0,0.04751491700598636,0.00557526298492364,0.0,0.0,0.043982674871007765,0.0,0.0,0.0,0.0,0.0,0.005243053797565678,0.0,0.0,0.0,0.004723182962511292,0.0,0.0,0.007067146105365421,0.0,0.0,0.0,0.0,0.0,0.0,0.0,0.0,0.02297232611010403,0.0,0.0,0.006627687172151224,0.0,0.0,0.0,0.0,0.0,0.0,0.023760605506876,0.020715889947865128,0.02489869647375107,0.03786387854597804,0.0,0.0,0.0,0.02916353099484812,0.0,0.0,0.0,0.009916588835377896,0.0,0.0,0.0,0.007643638823306272,0.0,0.0,0.0,0.04452420902218253,0.0,0.0,0.0,0.012886358468537137,0.0,0.0,0.0,0.0,0.0,0.0,0.014868560057333113,0.0,0.0,0.0,0.0,0.004245165603575178,0.0,0.0,0.012951020645081184,0.0,0.0,0.0,0.0,0.0,0.0,0.0,0.0,0.0,0.0,0.0,0.0,0.0,0.0,0.0,0.0,0.0
ENSG00000103313.12,0.018342220526661276,0.04088547117723519,0.0,0.03877416654872975,0.003248718867759612,0.0,0.01620105388927441,0.027637605411945557,0.02304629425471706,0.04554720375739106,0.015113808974153674,0.018163935023335666,0.04854322357944054,0.0,0.0,0.01257317194343121,0.0007881667314108831,0.01599010087251947,0.019524227260654854,0.0,0.027796181292385834,0.00859094620904969,0.02125099541370922,0.018163935023335666,0.0,0.015113808974153674,0.0,0.015113808974153674,0.0,0.006419464465684789,0.0,0.0,0.021686002017397857,0.018163935023335666,0.02562615204949477,0.0,0.03314192872716029,0.015113808974153674,0.004724726742986306,0.005203092903474718,0.02012602159526656,0.0,0.0,0.006471870991455797,0.0,0.025969760909416002,0.040855782349652606,0.005101942924537556,0.04854322357944054,0.0,0.012394886440105581,0.0,0.017894469081255887,0.0,0.024790663093103668,0.0,0.0,0.0,5.529215873775056e-05,0.0,0.018163935023335666,0.02130802832926013,0.016024355772798524,0.0,0.020138428890180478,0.02723808088314716,0.0,0.013372058651597046,0.019504852073563568,0.01221475971900464,0.0,0.024272480763378783,0.02221576291373137,0.0,0.04657302665236118,0.011064479557934936,0.007412165289426426,0.000314630759163638,0.010034304616985252,0.024185959840810727,0.03192950229088563,0.01720448482130598,0.019025151543840303,0.0,0.014996741721137519,0.0,0.020138428890180478,0.019610748183222906,0.03050709213255364,0.02723808088314716,0.021069605229687906,0.01529262446298827,0.021847005988054818,0.034273594672636645,0.02118994001876124,0.040855782349652606,0.027637605411945557,0.0012716637209478215,0.0,0.0,0.0,0.014695028620660428,0.018307855698444786,0.0015462686088453387,0.0042728224888150465,0.018307855698444786,0.039669099615025114,0.0,0.01892205732797041,0.016603954601204354,0.010532561169445384,0.01221475971900464,0.02412388408763574,0.0,0.022836932435434366,0.017128689844200348,0.0017245541121709597,0.006336655576638699,0.0190960058393099,0.0,0.029156473529705032,0.01529262446298827,0.012285830880969718,0.03361373184861932,0.0,0.017587007485806355,0.05241757502805983,0.0,0.0,0.0,0.015150811381682464,0.012864795030408632,0.024949949353509332,0.009195015126148239,0.011472764318437953,0.0,0.0,0.005695253566229352,0.008956592026576018,0.028540066243665178,0.007356783165750051,0.018252563539707032,0.028768512848187905,0.01781744908348354,0.0,0.013479848066100857,0.0,0.033434190554279174,0.0,0.0,0.024459010254522566,0.009234518900182478,0.019812543961838333,0.03222935406571266,0.018252563539707032,0.015506164115958739,0.0,0.015827088764383074,0.03648236647068021,0.0,0.0,0.019812543961838333,0.029522090478006063,0.03169592462882225,0.0,0.0,0.037698738032890276,0.0008774205948968924,0.0059395562504400215,0.0030007957710417935,0.022475564910251402,0.01210045063277869,0.011956764657391358,0.0,0.015553079999820675,0.004217530330077296,0.009662418654535265,0.02148685896830901,0.0030007957710417935,0.053979837678855766,0.008239378337052808,0.024704951232084823,0.0,0.0057775107522086006,0.02286466500417477,0.02018301092371251,0.0,0.0,0.0,0.019812543961838333,0.034337197501134994,0.0,0.0312230380481965,0.010551657714907764,0.021633618776341353,0.019812543961838333,0.019812543961838333,0.046818669467269584,0.0,0.00016259063395467066
ENSG00000149503.13,0.01934982784428625,0.038873097092608645,0.024106535922536913,0.03199236578717118,0.013634028677584988,0.019203386644991785,0.0202462185958783,0.021388313849068707,0.023480597459139326,0.0319656291955161,0.0,0.021985679129472697,0.03413851627141963,0.02347736544434905,0.010969933249084452,0.019233527011484213,0.019912754052300773,0.03242770090385052,0.03326066816256053,0.01921387470006429,0.02381870352244157,0.014265163702835655,0.014610671227760882,0.021985679129472697,0.017120635929061854,0.0,0.0,0.0,0.013302525627298223,0.03662148029144432,0.02387230870582998,0.017120635929061854,0.012205608426051503,0.021985679129472697,0.031225739404779018,0.016646003638286236,0.03218919104564872,0.0,0.006359740802134441,0.01681163693760623,0.008309066027905359,0.018270545142356178,0.016015297566283837,0.0237808424470921,0.01615179327919293,0.015312438449087088,0.033140883167152795,0.019305333728514083,0.03413851627141963,0.02389405015719184,0.02186937829667066,0.007133978446956256,0.024845612147941724,0.026388599358495128,0.035079166634613884,0.025345556017563414,0.008394669559915954,0.010494793058482398,0.009453112514472409,0.01979596479846838,0.021985679129472697,0.022219906346179635,0.018263653184504097,0.0,0.02855328434363058,0.034212360284064595,0.007561702301205949,0.0,0.014419180796153713,0.02224873713816556,0.03172999088819464,0.017280717623107608,0.016385290327597977,0.0005237500219537131,0.02417060633354963,0.02575170014075092,0.032491981311380605,0.004978840545424749,0.035360791661126975,0.026353200265467974,0.0330371063124279,0.02708481469944513,0.007623003133826488,0.01466719864698729,0.01104941320417143,0.030297004535395716,0.02855328434363058,0.024188185520200148,0.025784813053885833,0.034212360284064595,0.0,0.015182352461600764,0.02408176153113443,0.00984626741179779,0.02418031318956445,0.033140883167152795,0.021388313849068707,0.029262955868310486,0.0,0.02894917623994568,0.019120444830479474,0.02637057304810449,0.013450824808722443,0.0002265105498637128,0.005259330644236268,0.013450824808722443,0.019063253738770564,0.0,0.00874344098979251,0.018089136731326557,0.035846618981551184,0.02224873713816556,0.025648782833749904,0.010502040467598714,0.010275175559349623,0.025877178904642938,0.0,0.009346361681420029,0.02821988507016549,0.022099803742278996,0.035093692555529396,0.015182352461600764,0.009083303672727167,0.024431591373095106,0.023532786201513237,0.020860608185440683,0.0329871557352279,0.005580016552275864,0.0,0.007411549186684567,0.02038173914176459,0.00357090782534928,0.01766163098811697,0.023314829899041038,0.02808362620380484,0.015551059588804546,0.031782634069435066,0.02838086567589483,0.0,0.016635522825824173,0.026097323662889273,0.009577728846525906,0.019310262024852788,0.0032532712223300557,0.009707537788936349,0.016098580546854396,0.022403757446843135,0.0330605527483775,0.001962679222378201,0.023061949661594625,0.03112897669697861,0.00303732063462709,0.013474271244672046,0.01403675238330649,0.009577728846525906,0.028318822224855038,0.038109905897570254,0.016378772754552726,0.02026195414635686,0.022700757669327887,0.010061926392786538,0.013474271244672046,0.042241883409795636,0.03179986163541781,0.0,0.03111793493866879,0.04007179750019494,0.0011784968228749845,0.0,0.0,0.012740718894048916,0.012472145699623176,0.0007753572817789794,0.025127734168852948,0.032175565064395534,0.0013862346820397234,0.0379056178403536,0.029810085775259825,0.0,0.04316376358967259,0.05099684421116568,0.0459648262574708,0.027702105924177586,0.005282777080185867,0.021333431263268664,0.028007134756737297,0.001962679222378201,0.014078637184804899,0.02451442222188164,0.013474271244672046,0.04779785065043967,0.003688606339009401,0.03835764262995314,0.004161318052035484,0.04201008096765602,0.013474271244672046,0.013474271244672046,0.042127873559018224,0.02451442222188164,0.0029288858216493657
ENSG00000003400.15,0.026283654051926494,0.03900387770108373,0.0,0.03378989066437102,0.02224926128483144,0.0,0.0,0.01626116862043214,0.008941742876285422,0.027944213233167415,0.021551989447296242,0.022751221624400936,0.03062390624033989,0.0,0.0,0.02001192472675538,0.0036777069852852035,0.007513951240790129,0.0291970913749539,0.0,0.01781949156971663,0.03157410988642652,0.03991014086487493,0.022751221624400936,0.0006169733128001051,0.021551989447296242,0.02046343273640722,0.021551989447296242,0.0,0.01676998915666058,0.0,0.0006169733128001051,0.002495873125732455,0.022751221624400936,0.034477475769029424,0.0,0.02928390696985309,0.021551989447296242,0.013133570559471917,0.000597552776927239,0.014473569829958718,0.0,0.0,0.008528730770266599,0.0026354175369749586,0.006327342685069813,0.020819222157279514,0.0034046904321939214,0.03062390624033989,0.0,0.01647949229922983,0.016298450442097108,0.0293163839134309,0.0,0.010901214054441291,0.00603340941480849,0.0078531861653964,0.0,0.0,0.0,0.022751221624400936,0.017387007152986127,0.023273021394643805,0.007842689279595322,0.026199463030460463,0.02073240656238033,0.0,0.01751843578134836,0.024373142190041452,0.004501273264639859,0.0,0.016565785563765305,0.02679782869178041,0.0019870904966564178,0.03928430802508271,0.008414802038723912,0.015846909271460548,0.004002296070186172,0.000729823335740197,0.01813742690703759,0.027857397638268232,0.010439188250281617,0.03350624945418201,0.0,0.02006313621432286,0.0,0.026199463030460463,0.027625450031681632,0.02024417807145559,0.02073240656238033,0.028336117352346174,0.010534981415638328,0.0,0.014631473234421178,0.015457733899865114,0.020819222157279514,0.01626116862043214,0.015426685468365932,0.0182094544812723,0.0,0.025819307648957797,0.0,0.013024654995220555,0.005238785974180798,0.014483641270383221,0.013024654995220555,0.022831441321350388,0.010230204676869012,0.010027026650727126,0.03472891832862719,0.0,0.004501273264639859,0.03121800868004396,0.0,0.016898256331697677,0.02469348564741941,0.008771218401706346,0.0,0.010114642627693182,0.0,0.02426536132026959,0.010534981415638328,0.017638449712583902,0.035001504084785764,0.012061334411800753,0.03427370017728158,0.04158287427837948,0.009783755838647983,0.0,0.0,0.022636129508926003,0.01582407802214165,0.03128182602555875,0.015852001603876075,0.01067955600394261,0.0,0.012157581473487299,0.007427860526418237,0.02680111180323613,0.0354169005545159,0.0,0.023554161745235957,0.022722945103825193,0.022975492204828928,0.0,0.015603713544000253,0.0,0.026409207684057363,0.0,0.0061057437146822754,0.015452747048832108,0.02548826345542683,0.011576465041009693,0.03197189790669526,0.023554161745235957,0.031758652473344036,0.0,0.006557919391426196,0.014258260291251615,0.013492008045460031,0.009831714838302752,0.011576465041009693,0.01961720157714726,0.034854471960758075,0.006555182972176346,0.004194739675507084,0.030430696670984962,0.013229262512316646,0.01056860833312858,0.0200169838981862,0.02760916121552104,0.01867076669738562,0.031163463961001694,0.0029345605222702853,0.006787296255392913,0.02501314802039862,0.006876534925749016,0.014302402661319547,0.0200169838981862,0.03646482844188997,0.012113227225656893,0.02291764879589923,0.0003438495802968594,0.013035451316172359,0.014171444696352432,0.023705938283925428,0.0,0.0,0.012740262379078215,0.011576465041009693,0.017985918741214937,0.0,0.005341993304403235,0.0011858912842450595,0.02051268856814674,0.011576465041009693,0.011576465041009693,0.03163644367728153,0.012740262379078215,0.0006998759364120755
ENSG00000277791.5,0.007549311249318701,0.03400490257824676,0.0,0.0,0.017862490669527206,0.0074736144300950845,0.008153689782759904,0.038064793242691436,0.0,0.040135567465577324,0.0,0.030372115056306097,0.034717082192196436,0.0,0.0034332802640582166,0.0,0.003251414308541062,0.002420508468703106,0.0033502496003820006,0.0,0.03626793345550831,0.010664988649900821,0.020910799797972217,0.030372115056306097,0.0,0.0,0.0,0.0,0.0,0.0,0.009669348140603759,0.0,0.011068569845841592,0.030372115056306097,0.0023438212657248825,0.0,0.012748322697664322,0.0,0.0,0.0,0.005687692441978809,0.0,0.0,0.01789611676585369,0.0,0.007619295680372666,0.011170281852802853,0.01012125799043783,0.034717082192196436,0.0,0.014299173960976186,0.0021672876852284195,0.03730244593434603,0.0,0.007881891034333732,0.0,0.0,0.0,0.0,0.0,0.030372115056306097,0.001488630793042102,0.01869350961410634,0.0,0.035555753841558624,0.0017722087555205254,0.0,0.02111943353955992,0.03158160020849078,0.0,0.0031932002548546168,0.0,0.03572712616441855,0.0,0.06096329386890244,0.019023104433689684,0.0,0.004038521005835877,0.0,0.009480914487712554,0.03073749436829499,0.011397145063013318,0.009783149966351396,0.0,0.028281573135688312,0.0,0.035555753841558624,0.0,0.04041345941143608,0.0017722087555205254,0.0,0.0,0.0,0.012672454428226405,0.014899399761093435,0.011170281852802853,0.038064793242691436,0.0,0.0,0.0,0.0,0.0,0.003244846611167005,0.00829795257255899,0.00980979817721804,0.003244846611167005,0.03389949958903177,0.0,0.03545035085234363,0.024991237652443318,0.0,0.0,0.03905800853963874,0.0,0.00983321839790658,0.0,0.0,0.0,0.006832565407426869,0.0,0.009246067999584207,0.0,0.02413604717976054,0.03068127675327985,0.0,0.01945228243763431,0.05810961752078592,0.0,0.0,0.0,0.0,0.0,0.0,0.0,0.026197527313460204,0.0,0.0,0.0,0.0,0.0,0.0022150522825015173,0.0007497874834677815,0.009398073097282328,0.0,0.011500977970644477,0.026404743585210867,0.006704245549942558,0.033623312644458545,0.0,0.0,0.008107301197153013,0.027059473325442198,0.006130664887330564,0.031489296260521105,0.0007497874834677815,0.039198885918651935,0.003557331836948008,0.0026284101892504394,0.00782003225242086,0.0032402735424727006,0.0015508512633118678,0.006130664887330564,0.02311363245998018,0.05106523904758317,0.0,0.0,0.007925435241635852,0.005556876765578374,0.0,0.0,0.013613825785578904,0.001560565148993047,0.0,0.0,0.009675255731321261,0.007314739049518827,0.0,0.0031938461562858386,0.0,0.03870797671319707,0.0,0.019176941928328473,0.002163310607883835,0.0126956164533816,0.0,0.0,0.0,0.0,0.0,0.006130664887330564,0.02507276032753069,0.0,0.0,0.0,0.004637044423166724,0.006130664887330564,0.006130664887330564,0.0340911220449424,0.0,0.0
ENSG00000161800.13,0.012179896933310633,0.044586171687648904,0.0,0.03490565812396801,0.015360843448889314,0.008110347189009007,0.015368513721022312,0.03617542957062771,0.016246832504134917,0.04521685312012867,0.0,0.028037311148849983,0.04881569835020292,0.0,0.0,0.006600487290512949,0.01117815268773499,0.01773935893301569,0.02464033862919496,0.0,0.035483885769713994,0.004365488483699144,0.015316726296414177,0.028037311148849983,0.0003274523921521534,0.0,0.0,0.0,0.0,0.020725638699756063,0.0016012696353601488,0.0003274523921521534,0.019643805023789936,0.028037311148849983,0.022300877447352485,0.0,0.03578971408654123,0.0,0.0,0.015268820489105925,0.011698370566064098,0.0,0.0,0.006480839178693999,0.0,0.02478949369442819,0.04281910242568148,0.006922975835061053,0.04881569835020292,0.0,0.0224579015060523,0.008923827242058386,0.021107380542532667,0.0,0.02458662496958201,0.0,0.00101184748424488,0.0,0.0,0.0,0.028037311148849983,0.024158812261948423,0.011123551587477028,0.0,0.031254359107159985,0.031669726968335234,0.0,0.012133165096610821,0.02930134541604907,0.014128735466515045,0.001649581993798263,0.017332676466135462,0.032557715241940496,0.0,0.05610239353046868,0.014311162012281158,0.01011641089169419,0.0108075269105604,0.01219595675155279,0.025271020061674733,0.03406747766278241,0.017969373995118238,0.004161562951428319,0.0,0.02520618133161151,0.0,0.031254359107159985,0.0167019950336557,0.03874025559560541,0.031669726968335234,0.0,0.01855992984825163,0.021575310087379056,0.03553304056475416,0.021672174831600485,0.04281910242568148,0.03617542957062771,0.0,0.0016410643728246785,0.0,0.0,0.005043743387175698,0.019183520418544833,0.009554508674538154,0.006223423298295089,0.019183520418544833,0.039129353476998766,0.0,0.025797540896509843,0.02009187669112414,0.011250991801211044,0.014128735466515045,0.034957159943642235,0.0,0.014954740391955518,0.00169536888418155,0.0,0.008041235823385146,0.011801052521098969,0.0,0.03208691325005898,0.01855992984825163,0.021949811505720083,0.039571302895139694,0.0,0.022436464915435037,0.06636054194599172,0.0,0.0,0.0,0.020865437054363594,0.0,0.020934208095458866,0.015322034872900701,0.022818248088489472,0.0,0.0,0.0014174316914872254,0.0,0.016178336317955164,0.0180490871027777,0.013550684029117525,0.03201481251170986,0.0056443305895906085,0.003881065584187462,0.02377247615430193,0.0,0.036380075731080944,0.0,0.0,0.02883663636599551,0.012718129886218513,0.021496118486843362,0.02576744278649043,0.013550684029117525,0.031169156778342956,0.0,0.01779331765036112,0.039044200850850114,0.0,0.007533624473874678,0.021496118486843362,0.033994103273060156,0.044292055488894456,0.0,0.0,0.04450101906150026,0.0,0.0,0.0,0.01730337270937226,0.005946605086408985,0.0,0.0,0.016276738350782485,0.0005905869088677698,0.015126257010241083,0.025230521321806455,0.0,0.042613280947411555,0.004586221573096787,0.02969199385228022,0.00737385407254984,0.008536021366593607,0.027894825393503863,0.017633717933940023,0.0,0.0,0.0,0.021496118486843362,0.03713856847314423,0.0,0.02489733295729442,0.01291769856464315,0.026268541605400774,0.021496118486843362,0.021496118486843362,0.0422538088607955,0.0,0.0
ENSG00000162929.14,0.006565138087048297,0.04240092365376181,0.0,0.005487951356089572,0.028138335768364615,0.00930398384240529,0.0,0.02986362400403109,0.0,0.04082513518437966,0.0,0.03128277883038383,0.035349910308216055,0.0,0.0,0.001080073687540685,0.004474704208469606,0.0023812859125343262,0.011853319656591497,0.0,0.03830447567479758,0.009248998056395407,0.019764000222194163,0.03128277883038383,0.0,0.0,0.0,0.0,0.0,0.007925993972238574,0.011472851951718696,0.0,0.003664183277382785,0.03128277883038383,0.010500140091784363,0.0,0.022843149064294688,0.0,0.0,0.0,0.0,0.0,0.0,0.018871495626209038,0.0,0.00013378188566479793,0.011568035294472048,0.009878764889240013,0.035349910308216055,0.0,0.025797714430876216,0.0027426533578460144,0.036049567137741566,0.0,0.009126832873425965,0.0,0.0,0.0,0.0,0.0022935058055773977,0.03128277883038383,0.0017095703550469576,0.017066573595109165,0.0,0.04535548902034334,0.000578205886768858,0.0,0.003931562236625108,0.02267585403075746,0.0,0.013259475389722025,0.0,0.026770039871002925,0.0,0.051842418992009635,0.018443334237265067,0.0,0.0,0.0,0.010277531187209352,0.029835305776676473,0.011784623500083517,0.008418977009418967,0.0,0.01934360044201285,0.0,0.04535548902034334,0.0,0.042398661515043054,0.000578205886768858,0.0,0.0,0.0,0.003280540477823335,0.01575275606337296,0.011568035294472048,0.02986362400403109,0.0,0.0,0.0,0.010130325624413773,0.0,0.0,0.0011668648884638685,0.0004584283196579983,0.0,0.024791770955763216,0.0,0.027746336322344748,0.024039984338504797,0.0,0.0,0.04932362158363278,0.0,0.0005155746257492141,0.0,0.0,0.0,0.006503331223890803,0.0,0.01887501650100525,0.0,0.015249414601767385,0.040075475320129804,0.0,0.02961217244280085,0.048497394726814254,0.0,0.0,0.0,0.00022943297877454916,0.0,0.0,0.0,0.0277960111065083,0.0,0.0,0.0,0.0,0.0,0.0,0.0,0.011219262386477732,0.0,0.005932736438354139,0.019110165133601694,0.0,0.034244783327475964,0.0,0.0,0.008518084829286336,0.017891322536851453,0.0,0.022754322946640915,0.0,0.04870123979386927,0.003747246267319315,0.0,0.0,0.013246129681073103,0.0031839983453560775,0.0,0.02281813666108296,0.05171962957893246,0.0,0.0,0.017553301314653685,0.0,0.0,0.0,0.004312514322667042,0.0,0.0,0.0,0.011850379383784651,0.0,0.0,0.004770104238877804,0.0,0.03647034134085873,0.0,0.018573854214271403,0.0033002550376707157,0.00486790587045749,0.0,0.006542596315135513,0.0,0.0,0.0,0.0,0.025595551058685155,0.0,0.0,0.0,0.015112098893607602,0.0,0.0,0.0339507368095784,0.0,0.0
ENSG00000172354.10,0.01347113731457221,0.03863942368015156,0.0,0.0013713981011543933,0.014996377428063534,0.00507533600378041,0.01457437784246391,0.03463990197136788,0.0,0.04565468534467663,0.0,0.026959604581304506,0.03993888370744418,0.0,0.0014675555099476212,0.0,0.00031275942000564064,0.008319767515741788,0.008455533978381849,0.0,0.03315363258113474,0.006874945751035987,0.01687153350511897,0.026959604581304506,0.0,0.0,0.0,0.0,0.0,0.0,0.007675053793842805,0.0,0.017848902984708558,0.026959604581304506,0.007292717196553569,0.0,0.01819038159256014,0.0,0.0,0.0,0.011974862616778652,0.0,0.0,0.015200227254955252,0.0,0.013974520945113353,0.015966975493924306,0.007043233281406852,0.03993888370744418,0.0,0.01140513046625069,0.0,0.0331980282065573,0.0,0.014047654739301065,0.0,0.0,0.0,0.0,0.0,0.026959604581304506,0.006959259280588281,0.014716883396592335,0.0,0.03185417255384211,0.006232127879746009,0.0,0.01885053303594415,0.028179579499434237,0.0,0.0005113154752446961,0.0,0.03205608248435471,0.0,0.05652417054889197,0.015555964938842384,0.0012440958320415127,0.000654580123484648,0.0032961434876651145,0.01547079564290691,0.035919837730498325,0.01764577766579129,0.006239125015457224,0.0,0.02462860928232978,0.0,0.03185417255384211,0.0,0.03703013556605521,0.006232127879746009,0.0,0.0,0.0015672974688124772,0.01795111892896878,0.021186597280139358,0.015966975493924306,0.03463990197136788,0.0,0.0,0.0,0.0,0.0,0.00926329735901172,0.006018865847050341,0.006541487835070699,0.00926329735901172,0.039447187060781444,0.0,0.03266193593447199,0.021085564213374593,0.0,0.0,0.035394992168190184,0.0,0.01585136560169912,0.0040527278136366085,0.0,0.0,0.012872752371145959,0.0,0.01464956197821208,0.0,0.020752106297409305,0.0253353954063429,0.0,0.015139615522124613,0.05190251071695831,0.0,0.0,0.0,0.005023624028076677,0.0,0.004870781501856755,0.0,0.022584164787729396,0.0,0.0,0.004072073492920443,0.0,0.0017797112210635527,0.0,0.006164845324671833,0.014758471642254967,0.0,0.009546295299918888,0.022935031032093336,0.0045195889183974325,0.038695426064088344,0.0,0.0,0.012882098252931233,0.02336945590030187,0.012038885692601739,0.027327419228772364,0.006164845324671833,0.03468230918022217,0.0,0.008498066078253673,0.012535065543619134,4.446336440082355e-06,0.0,0.012038885692601739,0.027670015897328017,0.046309852962890724,0.0,0.0,0.011727302162989256,0.0028572102189098336,0.0,0.0,0.0193081201639292,0.007388794765217178,0.0,0.0,0.015929513802694202,0.003443035800730819,0.0,0.008542651716998598,0.0,0.04202278687624156,0.0,0.023663055506708996,0.0,0.009317076168660718,0.0028002179294408375,0.0024106713786097578,0.0,0.0,0.0,0.012038885692601739,0.029857083506539227,0.0,0.008836552272880605,0.0,0.009807981408366015,0.012038885692601739,0.012038885692601739,0.03821347000097788,0.0,0.0
ENSG00000161203.13,0.009425803732918792,0.0,0.0,0.0,0.011508481968098307,0.0,0.0,0.0,0.0,0.0,0.0,0.0004341238927231192,0.0,0.0,0.007069897083744357,0.0,0.0,0.0,0.0,0.0,0.0,0.006813109452969819,0.01421550161570478,0.0004341238927231192,0.0,0.0,0.004792160954427149,0.0,0.0,0.0,0.01221326836890636,0.0,0.0,0.0004341238927231192,0.0,0.01905339884595915,0.0,0.0,0.0,0.0,0.0,0.0,0.0,0.003517868075386451,0.01859225392915306,0.0,0.0,0.010642631057206326,0.0,0.0,0.0,0.0,0.01423106571379839,0.0,0.0,0.0,0.0,0.0,0.0,0.0,0.0004341238927231192,0.0,0.01014987474693781,0.008482229266800305,0.007534218910140757,0.0,0.0,0.0,0.0,0.0,0.013291582797764233,0.0,0.0,0.0,0.0,0.018728644889727142,0.0,0.0,0.0,0.0,0.00283038667259336,0.0,0.01770060330133705,0.0,0.0,0.0,0.007534218910140757,0.0,0.0,0.0,0.0,0.0,0.0,0.0,0.0,0.0,0.0,0.0,0.0,0.0037669706770366122,0.009972655806559282,0.0,0.0,0.0,0.0,0.0,0.0,0.0,0.0,0.017443358021000194,0.0,0.0,0.003183211673414149,0.0,0.0,0.0,0.0,0.0,0.0007981091372494045,0.006400127818415695,0.0,0.0,0.0,0.0,0.0,0.0024517304725967803,0.0,0.0,0.0,0.0,0.0,0.0,0.0,0.0,0.0,0.0,0.0,0.01260504236592648,0.0,0.0,0.0,0.0,0.0,0.0,0.0,0.0,0.00356233050631357,0.0,0.0,0.0,0.0,0.009547187312114763,0.0,0.0,0.0,0.011496040537565283,0.005577201675932758,0.0,0.0,0.015489383162520715,0.0,0.0,0.0,0.002109630236779597,0.0,0.0,0.0,0.0011362579853320884,0.0,0.0,0.0,0.0,0.0,0.010785556400472844,0.0,0.0,0.0,0.0,0.0,0.0,0.0,0.0,0.0011767033280698572,0.0,0.0,0.0,0.0,0.0,0.0,0.0,0.0,0.0,0.0,0.0,0.0,0.0,0.0,0.0,0.0,0.0
ENSG00000187796.15,0.030535530199910302,0.03245534669578519,0.0003184405578305072,0.028384779510049973,0.007049530307965762,0.009152295694300223,0.013108175888516923,0.024519766620710086,0.012248791421693953,0.037502139572707927,0.007473064731499578,0.023540271483459895,0.04019994979412938,0.014721051128424811,0.008246001013791564,0.005095190398385109,0.005111530488088184,0.02775702550686658,0.023916099640841394,0.006282233467454212,0.016328833337119562,0.01851472812042989,0.02482662339380667,0.023540271483459895,0.0025521534747630845,0.007473064731499578,0.0,0.007473064731499578,0.010795244970015654,0.01017524511413273,0.01317516780078445,0.0025521534747630845,0.011872963264312458,0.023540271483459895,0.021042722562761254,0.0014904928050497243,0.02197104813894452,0.007473064731499578,0.0,0.010292871204062568,0.017302974799574856,0.007310284936650119,0.00822428616197221,0.009832045984344187,0.008149624437754441,0.015730337117428685,0.031277013049432006,0.015800526839534344,0.04019994979412938,0.0,0.0,0.000382203041282142,0.023569015142008137,0.0,0.02956759577005707,0.0024548415025610892,0.0019474502224701498,0.0,0.00336245986791691,0.0,0.023540271483459895,0.010683544240505952,0.019732947730401594,0.00190105097908181,0.008584230238775362,0.03322206455132887,0.005788376088495341,0.009186995748498784,0.025229605498402488,0.01618258191995052,0.0008528322165542029,0.019667541953316055,0.0276706851335045,0.006065917523209612,0.03890774240986976,0.03171738676704379,0.02740380204485935,0.005830794098653395,0.021398688395420903,0.028962892517764124,0.03944719107460479,0.020998695651899206,0.020358592560618734,0.0,0.021052184331569017,0.0,0.008584230238775362,0.014620749076393325,0.018769912972221574,0.03322206455132887,0.013831401842945262,0.004261570754138022,0.008971143773610184,0.02568385869256185,0.026265082296342657,0.031277013049432006,0.024519766620710086,0.003244833777987066,0.002536762378822846,0.0030463640451895285,0.0,0.0198453390528065,0.02403372573077124,0.005428995918204876,0.008155549798174587,0.02403372573077124,0.032572972785715026,0.0,0.008701856328705213,0.0289702830187223,0.013570984203599482,0.01618258191995052,0.013850616883218824,0.0,0.019744054434676868,0.01893643566833095,0.01242425463465529,0.011253415132957623,0.022185838207364982,0.006877643801163076,0.016704661494501057,0.004261570754138022,0.018611104696467005,0.019122114493945255,0.0,0.0184914450870585,0.04216988521810991,0.006635878546159948,0.0,0.012817416531825741,0.01683033999682914,0.012451021701341838,0.02560340013630532,0.010472002885383455,0.020177811615542978,0.0,0.0,0.020814733220547714,0.013619860487822766,0.011879150093673421,0.008800359351550435,0.027307144409014286,0.014885288494932269,0.009689548769921771,0.0,0.015310902020807947,0.011502041947810134,0.03729059821758543,0.0,0.009424338244174185,0.027208097841193282,0.019186713153288584,0.02187713287375187,0.023649525674037497,0.027307144409014286,0.01640930285156185,0.016396635665953483,0.016610746229308415,0.02419125340541975,0.0,0.0,0.02187713287375187,0.03994210505980412,0.03572535103639743,0.0,0.007269778906633481,0.0240736273154899,0.006114014909453999,0.013641653323978493,0.007261523376377088,0.031227834989528296,0.021105192212791165,0.0002696789975574765,0.014975469126733087,0.01533796082007819,0.011428968476417632,0.00958389943830136,0.006816033462375054,0.007261523376377088,0.04221936848256294,0.024282823656365242,0.04369772682489148,0.01115312278281673,0.005998956941155223,0.026136304907316613,0.02830373344327216,0.0,0.0,0.01789691012528878,0.02187713287375187,0.03648628867855114,0.009061794766738383,0.034728228827165496,0.012470813822280831,0.022364210036114968,0.02187713287375187,0.02187713287375187,0.03441157370563405,0.01789691012528878,0.0034158054344018973
ENSG00000076984.17,0.02372435669648422,0.052394256978176956,0.0,0.04081152016917713,0.0046020293501508325,0.0,0.0011110804621485733,0.0035189636689716593,0.031131701028807312,0.03432830072808689,0.0,0.019394214318626236,0.0373741523874845,0.0,0.0,0.004203842782826352,0.0,0.016927923902744856,0.04358235779466489,0.0,0.004702409193368864,0.02435232817796274,0.036060116953010576,0.019394214318626236,0.0027552559571900684,0.0,0.0,0.0,0.0,0.013694147522966917,0.0,0.0027552559571900684,0.006943557552768657,0.019394214318626236,0.02921987772054309,0.0,0.03254544359908401,0.0,0.00467781319681939,0.0,0.009506521985219882,0.0,0.0,0.0011493171512185762,0.0,0.011298566833310476,0.029893166655486227,0.006218289318353297,0.0373741523874845,0.0,0.0,0.017273115325534442,0.04163817712460448,0.0,0.009231364230823685,0.011504752327942597,0.01904029327094119,0.0,0.020375621175234827,0.0,0.019394214318626236,0.02936452308340055,0.040096581425559115,0.0,0.019722513784061327,0.0409300808510671,0.0,0.0,0.02038835495517262,0.013680406532034721,0.0,0.005206456768905063,0.023144355506382497,0.0,0.035002106349292184,0.0013638695715783716,0.024980695588192194,0.010265829101394834,0.011039393591752704,0.025516401544574817,0.04536521492366776,0.0188156589555007,0.024425344855078107,0.008783914827203504,0.024857824665144804,0.019912334685213574,0.019722513784061327,0.023272413018995144,0.007458409744578742,0.0409300808510671,0.002118965152616302,0.02341705838185261,0.0,0.03188999274421661,0.022470549885177195,0.029893166655486227,0.0035189636689716593,0.03573396763001621,0.010125512589135258,0.0,0.016761001630629282,0.007817621660546982,0.028224011339883507,0.0,0.024496973540820217,0.028224011339883507,0.037035910523395575,0.0,0.004364167329279939,0.021957178751077465,0.0,0.013680406532034721,0.02337740471373782,0.0,0.01226252253642976,0.02327959226640001,0.0035373014533023397,0.016388016327343408,0.0,0.0,0.028890552669407515,0.02341705838185261,0.022101824113934927,0.02397484854377558,0.0,0.019865808023697737,0.04127818346830929,0.012491825799066644,0.0,0.0,0.03584320778135418,0.024108157686512033,0.0269821358861927,0.029954677470362037,0.00035897686817686764,0.0013403837247854614,0.0,0.0,0.002709119539577781,0.028536341169676,0.0,0.020340215963715325,0.0248062935857733,0.008385660269285264,0.0,0.012740710604291113,0.0,0.03491845511504837,0.0003687528378419763,0.0,0.026128311761905887,0.011172177078369136,0.01777725153126411,0.009738106494736602,0.020340215963715325,0.017460201822699598,0.0,0.014122360601587614,0.02215401664217552,0.0,0.0031714645872385483,0.01777725153126411,0.030684986753760225,0.033151277169641606,0.01730247170087154,0.000637800548842847,0.0375123630969569,0.0,0.0,0.0,0.015580895145555412,0.005721744152354213,0.0038496312830948315,0.0,0.0,0.016613178164652034,0.005014565659754271,0.017819067954792874,0.0,0.0659450520344406,0.02033549439227706,0.034025341277419935,0.0,0.01405021373220082,0.03319093083775639,0.01179105070828327,0.0003687528378419763,0.0165410328046484,0.005260905199483926,0.01777725153126411,0.019333536152162566,0.0,0.024620536170959974,0.007834932802007658,0.01685056067229436,0.01777725153126411,0.01777725153126411,0.046328676733248794,0.005260905199483926,0.0
ENSG00000076944.16,0.01525910670255283,0.02169311662821011,0.0,0.012072858117597875,0.0007839501923263756,0.0,0.0,0.0,0.004684056391928544,0.0068928591232881795,0.012118087874608361,0.0,0.010802875073133433,0.0,0.0,0.0023202149246882783,0.0,0.0,0.009592512480542298,0.0,0.0,0.005947417559811555,0.018336778748197148,0.0,0.0,0.012118087874608361,0.00396927713810127,0.012118087874608361,0.0,0.0,0.0,0.0,0.0,0.0,0.016187100469734983,0.0,0.005603972951230329,0.012118087874608361,0.0031298336446141453,0.0,0.00832873576651725,0.0,0.0,0.0,0.0,0.0,0.0,0.0,0.010802875073133433,0.0,0.0,0.0,0.005732459703762377,0.0,0.0,0.0,0.0,0.0,0.0,0.0,0.0,0.0026621415445067104,0.004444462247198806,0.009210599496332184,8.334222121726687e-05,0.0,0.0,0.0,0.0,0.0,0.0,0.0,0.0,0.0,0.007830629565286878,0.0,0.0,0.0,0.0,0.0,0.010881398652600134,0.0,0.015523588650609366,0.0,0.0,0.0,8.334222121726687e-05,0.010408869024387563,0.0,0.0,0.01783906188913266,0.0,0.0,0.0,0.0,0.0,0.0,0.0007445143646020655,0.0,0.0,0.007671597599233519,0.0,0.0,0.0,0.0,0.0,0.009672001731088856,0.0,0.0,0.013237191855130996,0.0,0.0,0.0038347923478667598,0.0,0.0021952499018514024,0.005731777532141269,0.0,0.0,0.0,0.0,0.0018525228245808364,0.0,0.0,0.0,0.0,0.0031422744536026143,0.0,0.0,0.0,0.0,0.001648900521603859,0.0,0.002021844117458531,0.0,0.0,0.0,0.001199411064957287,0.0,0.0111048468517055,0.01572789871268375,0.0,0.003152744549710873,0.0,0.004596938258766871,0.0,0.0,0.0,0.00015864408586102607,0.0,0.0,0.0,0.0013835639463473035,0.0,0.0,0.003152744549710873,0.0,0.0,0.0,0.0,0.0,0.0,0.0,0.0,0.0,0.0,0.0,0.0,0.0,0.0,0.005383872837181211,0.0,0.0,0.016195590812791177,0.0,0.0,0.0,0.0,0.0,0.005383872837181211,0.013796911900043035,0.0,0.001251698248749912,0.0,0.0,0.0,0.0070730727840554244,0.0,0.0,0.0,0.0,0.0,0.0,0.00025325810998141213,0.0,0.00013702274128363223,0.0,0.0,0.007068531823375607,0.0,0.0
ENSG00000107201.10,0.002958976203211724,0.04729137532998994,0.0012552800834301353,0.044003502650565296,0.016684806155051482,0.0,0.004127191307187417,0.025921184476520184,0.01867748929897417,0.03466653604724749,0.00791511508443872,0.015210823822532693,0.03763939333254657,0.0,0.0,0.01549233603128801,0.015918850392409485,0.0025463484543115436,0.02381113103079642,0.0,0.026304415584787074,0.010480562311839026,0.035326615116461714,0.015210823822532693,0.004103914918594784,0.00791511508443872,0.0,0.00791511508443872,0.0,0.02071216915117776,0.0,0.004103914918594784,0.010077182090710426,0.015210823822532693,0.028714089043718742,0.0,0.03907916139836847,0.00791511508443872,0.007540275324036651,0.002349228078020356,0.006100507258214753,0.0,0.0,0.011673194039468572,0.0,0.01432782280305701,0.029049301770968754,0.0,0.03763939333254657,0.0,0.02774418365060897,0.01091249009793964,0.022669451075956172,0.0,0.012652889355534415,0.0,0.0026373173111143497,0.0,0.0,0.0,0.015210823822532693,0.02695266208579946,0.01855878124803488,0.0,0.035956397582230445,0.013781271403396717,0.0,0.009410639218084854,0.016603144892471156,0.0,0.005226605489746017,0.009636915009205958,0.019293097402690574,0.0,0.04574619898718317,0.0048404341254730185,0.0,0.0,0.0,0.011186291748053974,0.019398505679675444,0.004038995857437232,0.021126975752456832,0.0,0.012162674542337153,0.0,0.035956397582230445,0.022261754291948405,0.028994368095006492,0.013781271403396717,0.014303512606592784,0.02050032733402913,0.009439151236383975,0.022196805376840628,0.008213434462754889,0.029049301770968754,0.025921184476520184,0.012418506118097812,0.013241851694793728,0.0,0.02249524689261935,0.0,0.005448189957639023,0.0,0.008719135353919754,0.005448189957639023,0.02892843425683253,0.0,0.01759345650907303,0.011234148990037014,0.0,0.0,0.0401308361875481,0.011919487184648928,0.008790459768434171,0.011377979903932085,0.0,0.0,0.004476449181934773,0.0,0.034904722793050805,0.02050032733402913,0.009472722032117735,0.04779858970187152,0.02119517586248644,0.03112954246310849,0.05058347983055266,0.0,0.007993724255678208,0.0,0.019037547001360733,0.014283381484994452,0.028497331458568247,0.01264914947920668,0.00753539828976952,0.0,0.0,0.0,0.0,0.04091685888992325,0.0040839878353310585,0.0024360328861226105,0.03430557736893278,0.0198175318593668,0.0,0.01024642396162008,0.0,0.0203630234406547,0.0,0.0,0.0104951484520294,0.0034877076753022374,0.00641270771861828,0.04700149353142848,0.0024360328861226105,0.02862769246490056,0.0,0.002238269113300634,0.024275717741533063,0.0,0.0077025692536012436,0.00641270771861828,0.015973720859258855,0.028638196227479998,0.0,0.0,0.042638658814690464,0.01360779872436988,0.0,0.0,0.00659359846117695,0.0,0.021504472128160437,0.0,0.0024151580665274577,0.005706978282403338,0.013401514125331734,0.026534511994777757,0.0,0.04802632564084202,0.0019055983306342367,0.010812231392909682,0.0,0.009683653114899014,0.00900768737396103,0.02274992207393082,0.0,0.0,0.0,0.00641270771861828,0.021905823155164074,0.0,0.008651446946386497,0.0,0.026242246399256132,0.00641270771861828,0.00641270771861828,0.04264699811009434,0.0,0.0
ENSG00000127666.9,0.0,0.04324353919534957,0.0,0.007045565566111592,0.002310266290468703,0.0015649465124871892,0.018683801852010195,0.038568328349689006,0.00436281587044143,0.048861870797890665,0.0,0.022633479915541516,0.04330893644121305,0.0,0.0,0.0,0.005660566087933423,0.004989374206423834,0.00585370396619788,0.0,0.036628117611224635,0.0,0.014715495665389038,0.022633479915541516,0.0,0.0,0.0,0.0,0.0,0.0009976759754368805,0.004087588639200335,0.0,0.021142591819785075,0.022633479915541516,0.0,0.0,0.023104732797932764,0.0,0.0,0.00019779949488010762,0.0,0.0,0.0,0.020678040359176565,0.0,0.017501080122422213,0.020011794547178614,0.004296314639906922,0.04330893644121305,0.0,0.016423913967944348,0.0,0.029895665502759627,0.0,0.01875170512520985,0.0,0.0,0.0,0.0,0.00404657288311552,0.022633479915541516,0.011882748519881123,0.01248822723276255,0.0,0.03656272036536116,0.0027607657154437304,0.0,0.004544843773223051,0.023776089485728992,0.0,0.006867796163779846,0.0,0.027799960880269238,0.0,0.059636861752743325,0.0034407947846420775,0.0,0.0,0.00018559801147005617,0.011472035568738964,0.031610841966155774,0.013768578789364813,0.0,0.0,0.020239143226983895,0.0,0.03656272036536116,0.0,0.04065198900576488,0.0027607657154437304,0.0,0.0,0.0058110430677505084,0.021763329757449913,0.017024969925416585,0.020011794547178614,0.038568328349689006,0.0,0.0,0.0,0.0,9.788197718518798e-06,0.005053827485641101,0.0016293997917044556,0.0033386510222449504,0.005053827485641101,0.04244366271479281,0.0,0.03576284388480439,0.0,0.0,0.0,0.039819111501412936,0.0,0.0020228857020184385,0.0020745240526183276,0.0,0.0,0.0,0.0,0.019848341661881,0.0,0.01621527183244365,0.031800645202929786,0.0,0.013255820025264702,0.056425583649553065,0.0,0.0,0.0,0.0030240649738902323,0.0,0.0032369852486496403,0.0,0.0197393876440166,0.0,0.0,0.0,0.0,0.0,0.003967648439285515,0.0,0.020275093805625116,0.0,0.014794181659591406,0.029030789819177952,0.0023361059378629034,0.035199411056945996,0.0,0.0,0.0099908465035968,0.002213197767604605,0.008642396576431316,0.03423891319032675,0.0,0.023163610339801355,0.0,0.0053860054403795515,0.017182155554870966,0.0,0.0,0.008642396576431316,0.02507523799726801,0.042719343706385686,0.0,0.0,0.01798203203542774,0.002019652620675279,0.0,0.0,0.0,0.0,0.0,0.0,0.022010825312727397,0.0,0.0,0.014364623646104219,0.0,0.04844577135432447,0.00799971316609678,0.021586540084319136,0.0,0.006927220113035169,0.0,0.0,0.0,0.0,0.0,0.008642396576431316,0.03558117778000226,0.0,0.014542717631885083,0.0,0.01672194261345898,0.008642396576431316,0.008642396576431316,0.043802980567589994,0.0,0.0
ENSG00000186810.8,0.02041143846169638,0.023456666588395042,0.0,0.0005044712911772692,0.0035752633795464173,0.00655440521553801,0.009891763560289216,0.020173941800433158,0.0,0.022314639849628143,0.0,0.020580244283519858,0.015667095820774066,0.020588914257953873,0.015861289154769663,0.0020505247057388057,0.0,0.013761259492698026,0.008360652109621131,0.023373085635857348,0.02164577697862103,0.007655282057639302,0.02588934697970814,0.020580244283519858,0.0,0.0,0.0,0.0,0.0020845331080433516,0.012141801382879035,0.01956946803368251,0.0,0.00031570183343451047,0.020580244283519858,0.007945514975560453,0.005327941834679661,0.0,0.0,0.0,0.007291595765199291,0.008301912141078685,0.006218325540304985,0.0035076777071010243,0.01302727952847385,0.006644505807801959,0.0,0.0,0.009861420218762709,0.015667095820774066,0.017787055572673256,0.002219330527562291,0.0,0.026885088968674854,0.005551535943834639,0.015370230366134968,0.009048240094905964,0.0,0.0,0.0,0.00760718630050472,0.020580244283519858,0.0,0.002976086753219826,0.0,0.029435347746242013,0.010055023925991405,0.0,0.002547468700693032,0.022717882813484254,0.0,0.021054639732783632,0.0,0.02575131041849517,0.0,0.034199780868415006,0.017918170622607473,0.02394869956892981,0.004346593553116524,0.017479914790898977,0.007218625370854229,0.034434642589533944,0.027051704834715286,0.009967537381839777,0.0,0.019905493009617928,0.013297733960558326,0.029435347746242013,0.0,0.024679204583631945,0.010055023925991405,0.0,0.0,0.0,0.0,0.013866169399708306,0.0,0.020173941800433158,0.0,0.0,0.00838002752083785,0.01192578831066917,0.007225690655955429,0.0035104464919413873,0.0,0.0,0.0035104464919413873,0.018606460970715298,0.0,0.02458514212856226,0.028566454591164026,0.017993138476500997,0.0,0.016249812311235026,0.0015546056524329624,0.011335339746089593,0.028821999932103354,0.0,0.0,0.01999366638749142,0.021464836410761988,0.009426184804722307,0.0,0.016872065404607013,0.014046523757176077,0.0,0.016282168875401716,0.03160959515599846,0.0,0.0,0.00953886861493463,0.0,0.0,0.005058188492700476,0.0015036030156994201,0.02025535289215384,0.0,0.019766208098010427,0.02380520236853132,0.0,0.0,0.0,0.004629131286375744,0.0,0.0,0.01742075116071335,0.017314713929814138,0.021382215172280887,0.027567117076324144,0.0028120040009809028,0.007830287291294966,0.008394101195979574,0.024638294227895444,0.0,0.018615518983411627,0.004629131286375744,0.03493611534183624,0.013695274515419437,0.00982845641373855,0.0,0.026623347499419157,0.003763628875345433,0.0,0.028903148414969958,0.03572213320579178,0.0,0.006402863924970199,0.0,0.012340223711678859,0.0,0.0,0.01712249272410707,0.015886746773399595,0.0,0.02794469774515892,0.024794250779675245,0.0,0.0,0.0,0.0,0.01692348251094692,0.030321576575909184,0.0426321220283127,0.021458854654006106,0.0,0.0,0.006678046848467199,0.0028120040009809028,0.0,0.012541912511873688,0.0,0.043697654723413866,0.0,0.015720035549373283,0.0,0.00964473159169206,0.0,0.0,0.012175526262066125,0.012541912511873688,0.0
ENSG00000172939.9,0.007746646691373309,0.035807384928912084,0.0,0.007361994744449568,0.01846362891173553,0.0009304455925219467,0.002704542945408936,0.03305742737244931,0.0,0.03515393956221231,0.0015760566594370737,0.023953584997172525,0.02944547298787574,0.0,0.0,0.0008687281902196552,0.005736998291320204,0.0,0.00313296496304135,0.0,0.03179401251482998,0.008655417903972933,0.03080656313333965,0.023953584997172525,0.0,0.0015760566594370737,0.0014992265099379107,0.0015760566594370737,0.0,0.0,0.0034030522292299963,0.0,0.006472750940256296,0.023953584997172525,0.010715301978028155,0.0,0.014727126969064634,0.0015760566594370737,0.0,0.0,0.007875983790423861,0.0,0.0,0.010663976700103585,0.0,0.0026088566953921186,0.004697267341664917,0.0014900583962982328,0.02944547298787574,0.0,0.017075666496018875,0.003185471912592726,0.028332443013652817,0.0,0.0020274169977756162,0.0,0.0,0.0,0.0,0.0,0.023953584997172525,0.0032623020620918992,0.00781179785758165,0.004050752888665382,0.038155924455866325,0.0,0.0,0.02455434403534116,0.02523147336127339,0.0,0.004995682605519941,0.0,0.029114613385565716,0.0,0.05608056677709988,0.00934640650094437,0.0,0.0,0.0,0.0024795195963415693,0.023559777556189022,0.004434251682312304,0.01821327066996202,0.0,0.021786957955696157,0.0,0.038155924455866325,0.0,0.035677152539122306,0.0,0.0069911145006411254,0.0,0.0,0.006424730351282541,0.00818798617067813,0.004697267341664917,0.03305742737244931,0.0,0.0051967539486776,0.0,0.010021020411909894,0.0,0.0,0.0025320265458929486,0.0012024179880366845,0.0,0.02910417249644362,0.0,0.03145271202339786,0.025356817847340087,0.0,0.0,0.04190965894423215,0.0,0.011759123814716187,0.008140520064717792,0.0,0.0,0.008118975166525249,0.0,0.010973392480698806,0.0,0.01790381793140384,0.040160160294662905,0.0,0.02878532701921672,0.05071573946513189,0.0,0.0,0.0,0.0,0.0,0.008589149982486631,0.0,0.01846925159729239,0.0,0.0,0.0,0.0,0.01450118093587556,0.0,0.0,0.010844374522555496,0.0,0.006201670652557285,0.01961320178378403,0.0,0.025726792175448574,0.0,0.0,0.0,0.027182531975167522,0.0,0.04207742012787599,0.0,0.037976412781904854,0.0,0.0,0.0008145148951557851,0.0014305264704358445,0.0015987520434864524,0.0,0.014211549911444712,0.04333696333141535,0.0,0.0,0.007517727327624249,0.015092220956913663,0.0,0.0,0.013036122004206119,0.0018562460081664456,0.004396516645396413,0.0,0.002749045735401738,0.004772665457463798,0.0,0.004173116527918901,0.0,0.027272006341323644,0.0,0.009816633325995167,0.0,0.003369432607296226,0.0,0.005024409287756035,0.0,0.0,0.0,0.0,0.01765706084365263,0.0,0.0,0.0,0.004847876983734949,0.0,0.0,0.024867821208074986,0.0,0.0
ENSG00000105568.18,0.0018932192934141556,0.02695207537345315,0.0,0.0,0.009755239767798268,0.02101061649444793,0.009450512962986463,0.03860741660690464,0.0,0.03893396795774865,0.0,0.032908090985783595,0.03326599398598996,0.0,0.00922998888024977,0.0,0.0028401721439387725,0.011970446397371971,0.0,0.0009809343636778683,0.047074832789367714,0.0031101599462573307,0.01641118568313367,0.032908090985783595,0.0,0.0,0.0,0.0,0.0,0.002411765493652171,0.023513373362501224,0.0,0.005075703373041071,0.032908090985783595,0.0,0.0,0.008931596566671824,0.0,0.0,0.00011027359569622253,0.0,0.0,0.0,0.026410361306861266,0.0,0.0012697061237432472,0.008685550976416608,0.01877739862038321,0.03326599398598996,0.013992584202917522,0.022740435370049578,0.0,0.03455883276260732,0.0045761969533043845,0.017581426155422436,0.0,0.0,0.0,0.0,0.02005221107599127,0.032908090985783595,0.0,0.014305136081761281,0.0,0.040760914176830906,0.0,0.0,0.001894300185672753,0.024834533919676917,0.0,0.018900731261187683,0.0,0.028754313165935352,0.0,0.0505048910982403,0.0187694864374321,0.005780558752928967,0.0,0.006610047852399329,0.011515416053685001,0.029535894860466323,0.0219520587317455,0.003407673016043767,0.0,0.022544485749790576,0.0,0.040760914176830906,0.0,0.05099461203562615,0.0,0.0,0.0,0.004907712096993595,0.002173952110476031,0.017183390025443696,0.008685550976416608,0.03860741660690464,0.0,0.0,0.0,0.0,0.0,0.0,0.00627220166850951,0.00225496947357455,0.0,0.024650583475497208,0.0,0.03845942227887496,0.01947989697621492,0.0028013349992995415,0.0,0.035992245470529115,0.0,0.0,0.0014281581597685306,0.0,0.0,0.008247900911871685,0.0,0.013700265272973626,0.0,0.01862470650353214,0.03349780995017258,0.0,0.018246969611727528,0.045490717561730065,0.0,0.0,0.0,0.0,0.0,0.0,0.0,0.03871490924505017,0.0,0.0,0.0023396390077081025,0.0,0.0,0.014335055022407325,0.0,0.0,0.0,0.028126642363887056,0.03143136940709672,0.021246634555661132,0.034887682776045946,0.0,0.0,0.008445263044011726,0.016216274381301788,0.002583819487013174,0.027462299219834337,0.0,0.03800995719342161,0.021496962177535023,0.0073524881933149655,0.0,0.014140839088923648,0.004410765706095429,0.002583819487013174,0.031536715870435085,0.052474360458846694,0.0,0.0,0.0020554463077007354,0.005597939290568774,0.0,0.0,0.0010334268653479778,0.0,0.0,0.00960214740491399,0.030967062443851407,0.0,0.0,0.0027667210133911976,0.0,0.028868910010058126,0.009018048523551418,0.027749622531203222,0.014153370145542798,0.007606757389154173,0.0,0.0,0.0,0.0,0.0,0.002583819487013174,0.04191636433478735,0.0,0.0,0.0,0.010951321486706564,0.002583819487013174,0.002583819487013174,0.02924015116166198,0.0,0.0
ENSG00000174600.14,0.00399102725788163,0.05461284795914237,0.007032911441875095,0.03711126608444584,0.005618558270295164,0.006499385493159957,0.022967428569570337,0.04308630655031398,0.02642285075946102,0.05242377030639987,0.0,0.026593887083484362,0.05645339860655066,0.0028154459999624112,0.0,0.007979926142973957,0.01965686028491458,0.017880557029051777,0.026882551210961194,0.0,0.041675293376991676,0.0,0.016693061316270796,0.026593887083484362,0.009445885405132866,0.0,0.0,0.0,0.0,0.02249176236047435,0.0,0.009445885405132866,0.02613418663198418,0.026593887083484362,0.02545816849524153,0.0,0.045360891198135675,0.0,0.00010086238084050514,0.013988593112096687,0.011193369789255489,0.0,0.0,0.015033562176200263,0.0,0.03189581608959256,0.04224155592222545,0.0,0.05645339860655066,0.0,0.03058278596857669,0.009187288079434204,0.02212650808624262,0.0,0.0326141138667914,0.0,0.0015252450965601572,0.0,0.0,0.0,0.026593887083484362,0.03408489374233505,0.004075856799315013,0.0,0.03983474272958337,0.023763215935050964,0.0,0.009601100122351183,0.02777472462555334,0.004720001416285119,0.010847473996866773,0.008257524560730908,0.031420883092306416,0.0,0.06318080814063838,0.0,0.011291024180123302,0.00030632334591559895,0.012918651168886325,0.0246934735582187,0.03394543031922538,0.017266911564400744,0.0,7.083027413713056e-05,0.023925953954602265,0.0,0.03983474272958337,0.010446602213473398,0.04532145184374475,0.023763215935050964,0.0,0.01907332746056692,0.019801407709792433,0.02457089753130376,0.020663845258067914,0.04224155592222545,0.04308630655031398,0.0024396801349389277,0.0018679205889120948,0.0,0.008116951417423787,0.013676073428116747,0.018379381962583527,0.006998210426691704,0.006560459729600773,0.018379381962583527,0.046109678710764705,0.0,0.031331573481205716,0.01165307024075567,0.010548529370493546,0.004720001416285119,0.04323167642325054,0.0,0.014839528256008566,0.013723848411800715,0.0,0.0,0.012426546013181331,0.0,0.04196395750446852,0.01907332746056692,0.020279795487849188,0.032210639472102565,0.0015051148766127495,0.024650454118388614,0.06716940854761212,0.0,0.0,0.0,0.023755316488009902,0.0,0.023930878135191944,0.01879341062784444,0.02296782742700131,0.0,0.0,0.0,0.0,0.029872011281879274,0.017446893199928877,0.00662542199253871,0.042233656475184386,0.0,0.010679145614130334,0.03278273481120235,0.0,0.037132287191909266,0.0,0.0,0.021188443350126464,0.004496207217653578,0.021566238835267402,0.036372337655784306,0.00662542199253871,0.024068226134680022,0.0012397238870587857,0.01816930514160024,0.03911432119927416,0.0,0.00897721125845092,0.021566238835267402,0.03608100012035072,0.044794330174783306,0.0,0.0004684938862774407,0.047617490447651824,0.0,0.0,0.0,0.010090722830092082,0.007671684301467013,0.0,0.0,0.0255296590461637,0.0,0.01801657625028419,0.03612280820767136,0.0,0.04717390555351481,0.01846502329208677,0.032336216970915876,0.0,0.009747316602284638,0.02063598121209967,0.011815932116790204,0.0,0.0,0.0,0.021566238835267402,0.047417623264423184,0.0,0.035906144819566485,0.003998155131207416,0.03799004839221777,0.021566238835267402,0.021566238835267402,0.05424059892197816,0.0,0.0
ENSG00000153107.13,0.026567442011001384,0.01112411768614809,0.0,0.0,0.018666317838770208,0.010951415083989093,0.0,0.0,0.0,0.003868414559281691,0.0,0.012970341407881156,0.0,0.014852672007221679,0.013328146962374374,0.01320710811292292,0.0,0.010741082916208664,0.004680499940707912,0.011050229406312853,0.007689516809195503,0.016510519977433077,0.023240377407394146,0.012970341407881156,0.0,0.0,0.011073390146158685,0.0,0.0,0.007034777667902562,0.025075096602308368,0.0,0.0,0.012970341407881156,0.0025645286631445115,0.0284632822255501,0.0,0.0,0.0,0.0,0.000149510648550389,0.0,0.0,0.02001058370743572,0.02861527517186029,0.0,0.0,0.032942982054513514,0.0,0.03552155622720472,0.0,0.0,0.027024791671162243,0.0247550449606245,0.0,0.025002542429174223,0.0,0.0022012382729473187,0.0,0.008379718439840061,0.012970341407881156,0.0,0.025947076503003895,0.005300058621396247,0.02267928964848545,0.0001013029505057654,0.0002465556022217333,0.0,0.005828075458045694,0.0013537252764528399,0.03426219238581173,0.0,0.0,0.0014399626155337658,0.0,0.009980237975300649,0.01922657114998546,0.005152320230558484,0.012695765586934242,0.0,0.020494078952524274,0.016503706320822,0.03100447398571643,0.0,0.0,0.02939648047926581,0.02267928964848545,0.004538774455030252,0.0,0.0001013029505057654,0.0,0.0,0.0,0.0,0.005158866526265068,0.0,0.0,0.014207985488238106,0.0,0.02573267641508057,0.032999149950228304,0.0,0.0,0.0,0.0,0.0,0.0,0.00601599266344615,0.0036766368816850553,0.025525351852834742,0.004525511857866343,0.0013537252764528399,0.011334449853928527,0.002611701919270411,0.0,0.012959672567417473,0.0,0.0,0.016359181351068813,0.04423486673639829,0.0,0.0,0.0012233917679471545,0.0,0.012071932691489443,0.016755074105520962,0.0,0.0033258148949729047,0.0,0.011143855489382327,0.0,0.0,0.0,0.0,0.0218520992388299,0.0040870905523864715,0.034225380636000266,0.03740388251267572,0.006428529706959861,0.0,0.0,0.0,0.0,0.0,0.0,0.002975336214794476,0.02681458848342167,0.016059550681105886,0.0,0.018555055653420943,0.012254409431293661,0.017077943653905914,0.0,0.0,0.0,0.014371634924983785,0.023689600231908393,0.0,0.0,0.04737840369805269,5.419399169288852e-05,0.0,0.012788202031266759,0.015017460522939244,0.01750394336799692,0.017591497811229144,0.0,0.026232291614454513,0.0,0.008383212377685446,0.006137082749964808,0.006708509002767635,0.0,0.03516500107351684,0.017245287992304972,0.00032904206608069114,0.0036423395546508128,0.0,0.008383212377685446,0.01311288172776456,0.0245830505812748,0.015565019744892147,0.02855784541506663,0.0,0.0,0.011713666591924063,0.0,0.009913580447437946,0.03127598178613199,0.0,0.010284195146206501,0.008367037775756939,0.0,0.0,0.0,0.0,0.0,0.0,0.03127598178613199,0.0
ENSG00000271503.6,0.012747753382121696,0.0,0.0,0.0,0.021275654594974346,0.015266375362414132,0.0,0.0,0.0,0.003025758413481662,0.0,0.020475662637138483,0.0,0.0,0.004030279147544152,0.0013865165175825159,0.0,0.0,0.0,0.0014816647345188977,0.01928420089404339,0.009325159694324174,0.018030742775584276,0.020475662637138483,0.0,0.0,0.002729952730954343,0.0,0.0,0.0,0.027764533555874975,0.0,0.0,0.020475662637138483,0.0,0.014242422715165265,0.0,0.0,0.0,0.0,0.0,0.0,0.0,0.011686255432239341,0.016614030613060677,0.0,0.0,0.02030516902647441,0.0,0.006177985480285524,0.0091144257725993,0.0,0.018795322831625515,0.01511197545638979,0.0,0.0,0.0,0.0,0.0,0.01342774445751609,0.020475662637138483,0.0,0.014012565181708892,0.0,0.018935977086576204,0.0,0.0,0.0,0.002712891416875342,0.0,0.011538705652253588,0.0,0.0,0.0,0.0,0.009306783263532913,0.0,0.0,0.0002208796964766127,0.0,0.00805238423536752,0.008157926817465466,0.020715701839307193,0.0,0.0,0.0,0.018935977086576204,0.0,0.013148954426472133,0.0,0.0,0.0,0.0,0.0,0.004322762738674699,0.0,0.0,0.0,0.0,0.00909348664946526,0.002874072183426484,0.0,0.0,0.0,0.0,0.0,0.0,0.0,0.0016418763029966421,0.020827050813814044,0.0,0.0,0.015100813007785444,0.00011334851976955995,0.0,0.0,0.0,0.0,0.0016375718685504095,0.003557538460207666,0.0,0.0,0.0,0.009640267539125905,0.0,0.020897435802409305,0.0,0.0,0.0,0.0,0.0,0.0,0.0,0.0,0.024534828385587577,0.0,0.0,0.020276631683688325,0.0,0.0,0.0,0.0,0.0,0.0,0.0,0.0,0.014060928084060946,0.013591215761848144,0.0,0.002662094326445215,0.004473437100241388,0.008723557749247927,0.0,0.0,0.0,0.020170422762595862,0.009885897397471505,0.0,0.0,0.020908222829493943,0.0,0.0,0.0,0.0216705131935405,0.0,0.0013389990629037382,0.0,0.014763048091132939,0.0,0.0,0.0,0.0,0.0,0.014730172517991393,0.0,0.0,0.0,0.0,0.0,0.0,0.0,0.0,0.016562222771717514,0.0,0.0,0.0,0.0,0.0,0.0,0.0,0.0,0.0,0.0,0.0,0.0,0.0,0.0,0.0,0.0,0.0
ENSG00000156642.17,0.02519043967929229,0.0015415454956068282,0.0,0.0032216498719466677,0.0215700325016457,0.0,0.0,0.0,0.0,0.0,0.00861722782600198,0.005621580903556321,0.0,0.007901447675704061,0.0031704604795327156,0.007464683483824355,0.0,0.0,0.011301623495188411,0.021318955155092714,0.0,0.026623202851825564,0.020751496338540728,0.005621580903556321,0.0,0.00861722782600198,0.019093637929013432,0.00861722782600198,0.00400040905348319,0.016622117532856286,0.0169710319671496,0.0,0.0,0.005621580903556321,0.017391029775729976,0.02287132707665972,0.0,0.00861722782600198,0.002830856137972057,0.0,0.0,9.5659404486758e-05,0.009269086885533247,0.01660827814246422,0.03797265391541885,0.0,0.0,0.008389336567555774,0.0,0.008828632109465967,0.0,0.0,0.012958375203247541,0.017210436616085432,0.002413159314706856,0.0276839307581174,0.0,0.0,0.0,0.005167809254007387,0.005621580903556321,0.0,0.023063213691218894,0.016660302137029164,0.0,0.005512903388053481,0.0,0.0,0.0,0.004753301237912448,0.012873901317024282,0.008658050886908887,0.0,0.006433744845467458,0.0,0.023708173457244904,0.011937099287038858,0.0,0.0,0.0003621231969652347,0.005144434203102222,0.0,0.030093822406164684,0.0,0.0,0.014225286435286689,0.0,0.01959755118513206,0.0,0.005512903388053481,0.006432571194456855,0.0,0.0,0.0,0.0,0.0,0.0,0.022421941247899823,0.0,0.010002418328128964,0.022698924867049317,0.0,0.0,0.0,0.0,0.0,0.0,0.012063029214067655,0.0,0.02406871955827133,0.002504648444950311,0.004753301237912448,0.0,0.021248709815332074,0.0,0.01276275634176638,0.004249088213922326,0.0,0.0,0.036855606634036635,0.0,0.0,0.0,0.0,0.02390835331481292,0.013667418835653998,0.0,0.011923710559260683,0.0,0.01663721577986843,0.0,0.002353759157801283,0.0006208405717832051,0.0,0.0,0.0,0.03648698785459079,0.01819118490096753,0.01676966264266133,0.0,0.0,0.0008033928065492718,0.0,0.002903317331389675,0.0,0.0,0.0,0.0009391366455881386,0.0,0.024241784102382063,0.007688783658151441,0.003704381541524266,0.0,0.0,0.0008033928065492718,0.0012463969860288734,0.011101206000974972,0.0,0.0,0.021957623523985767,0.0,0.0,0.0,0.0,0.011392806569718056,0.02293014891099348,0.0,0.003020862221250094,0.0,0.018954319274206467,0.004458374765270355,0.0,0.015351430566711066,0.024337453294108552,0.0,0.008617333806694591,0.013538540096363155,0.0,0.018954319274206467,0.006782639209218285,0.02412279272846314,0.011151383941436284,0.022400886510449636,0.0,0.0,0.009197900726714343,0.0,0.0015731070643566353,0.03057011842518699,0.0,0.0,0.0,0.0,0.0,0.009147362055415935,0.0,0.0,0.0006351365143380909,0.03057011842518699,0.0
ENSG00000119396.11,0.006105977900544526,0.0008358178893538501,0.0,0.0,0.012800113052062634,0.0,0.0,0.0,0.0,0.0024020345651229666,0.0,0.007100432618077565,0.0,0.0,0.002494924650260289,0.0,0.0,0.0,0.0,0.0,0.011961520718025198,0.0,0.010301848026259455,0.007100432618077565,0.0,0.0,0.0,0.0,0.0,0.0,0.008952841564083169,0.0,0.0,0.007100432618077565,0.0,0.0,0.0,0.0,0.0,0.0,0.0,0.0,0.0,0.00191497842261645,0.0,0.0,0.0,0.005197483615334526,0.0,0.0,0.0,0.0,0.008355878248283453,0.0,0.0,0.0,0.0,0.0,0.0,0.0,0.007100432618077565,0.0,0.0,0.0,0.014889418227726898,0.0,0.0,0.0,0.0,0.0,0.006061326432046862,0.0,0.0,0.0,0.0,0.0,0.0,0.0,0.0,0.0,0.003666404696710361,0.0,0.0074839726241296665,0.0,0.0,0.0,0.014889418227726898,0.0,0.0,0.0,0.0,0.0,0.0,0.0,0.0,0.0,0.0,0.0,0.0,0.0,0.0,0.0,0.0,0.0,0.0,0.0,0.0,0.0,0.009997717989673138,0.013430736411318436,0.0,0.0,0.008763959996191867,0.0,0.0,0.0,0.0,0.0,0.0,0.0,0.0,0.0,0.0006425157042546856,0.0,0.0,0.0034878932916533392,0.0,0.0,0.0,0.0,0.0,0.0,0.0,0.0,0.005907924051301805,0.0,0.0,0.0,0.0,0.0,0.0,0.0,0.0,0.0,0.0,0.0,0.0,0.0,0.0,0.0,0.0,0.0078005289862559946,0.0,0.0,0.0,0.0,0.0,0.0,0.0,0.01123979370068355,0.0,0.0,0.0,0.007324758510773896,0.0,0.0,0.0,0.0010132534126522652,0.0,0.0,0.0,0.0,0.0,0.0,0.0,0.0,0.0,0.0,0.0,0.0,0.0,0.0,0.0,0.0,0.0,0.0,0.0,0.0,0.0,0.0,0.0,0.0,0.0,0.0,0.0,0.0,0.0,0.0,0.0,0.0
ENSG00000120949.15,0.045455983446264996,0.03568452370724829,0.0,0.02799420625315952,0.03891372959628941,0.02980668918205067,0.0007803613682391131,0.03205814301734464,0.009909428385566344,0.04068172585206586,0.017600307939195012,0.04040138317119464,0.042782739874826996,0.006847088141191213,0.0017360016293971221,0.03496523963973849,0.0,0.032820149305511824,0.03962723672641433,0.012583070017091143,0.0336982459329096,0.03889325669975514,0.04042560385641977,0.04040138317119464,0.0,0.017600307939195012,0.02238287895209786,0.017600307939195012,0.0019986355062669957,0.0056569460799801505,0.024876769795754823,0.0,0.010683574830346664,0.04040138317119464,0.03566681490324694,0.016193049607816368,0.038995133306585515,0.017600307939195012,0.01073157757530182,0.0,0.014519184143543286,0.0,0.0,0.01370183739337131,0.023368643324315333,0.013687639568510181,0.03138725018345377,0.018725618600178184,0.042782739874826996,0.0,0.029910639364668125,0.013473008436595466,0.03174703778722129,0.007397748431764405,0.026272693616208202,0.011619380388017228,0.014691999398469196,0.0007209842610314959,0.005971942465539344,0.010864668903359923,0.04040138317119464,0.008690437423692614,0.023976576804686033,0.008020631318416661,0.0266000297653309,0.03201935360328257,0.007884911977566703,0.02276280456831621,0.04259345989928099,0.030224884441695146,0.0034536770440458803,0.033428390335062966,0.044494536002893506,0.016360883139948195,0.042652837006488614,0.02400485778715814,0.022597299921275113,0.0028610605753001915,0.025656221588976617,0.044624438871231895,0.04131382927189466,0.036452391030014526,0.03240143638497388,0.0,0.019161691108449463,0.0,0.0266000297653309,0.028431188190245406,0.03559932203652212,0.03201935360328257,0.024764235655730212,0.0014548107106910763,0.02352174720341011,0.007662737066194213,0.04252342484847077,0.03138725018345377,0.03205814301734464,0.024115508487079478,0.015077166651118783,0.0016769905386615283,0.005231087322892361,0.0,0.021483670704874194,0.018470210581413037,0.011916879220200818,0.021483670704874194,0.01754095768570816,0.013958019371810019,0.008456463743790766,0.044236992484391266,0.007826375120083974,0.030224884441695146,0.03267106358378714,0.009159147052023961,0.016420260247155816,0.01324347012761828,0.023524810856483395,0.007084116275337449,0.026758713459583312,0.0,0.032924099488129285,0.0014548107106910763,0.01726061500483694,0.0307736000250695,0.010265534529687106,0.04680444078248902,0.04074690399553031,0.019603653320324602,0.0,0.015601270562877134,0.02628257010164525,0.018015253310872184,0.053219573210612624,0.019118642385110043,0.0383931951470632,0.003963754441407903,0.0,0.036283867705598355,0.035192440617147644,0.020358067184356867,0.0,0.035115381559659445,0.025650466681816444,0.016690679779999648,0.0017425190267606125,0.03493194747903915,0.02506065849970973,0.05110993081348329,0.0,0.03151338548574396,0.038811390406707676,0.028791311836861063,0.03127977224646282,0.041878465244158405,0.035115381559659445,0.04423332856186061,0.019319315148574684,0.025208738428006586,0.018042583558684697,0.020611658369465012,0.01719807615972786,0.03127977224646282,0.04230970598592674,0.04989093985160957,0.003117221743425491,0.029909227271220633,0.03618614958022483,0.03881502339878726,0.027825047571733503,0.028028512900612444,0.05834721243134236,0.010355125167112733,0.02239920733596607,0.025718758201641028,0.023589250201817562,0.025548590074986065,0.01667203858344251,0.016392504914006546,0.028028512900612444,0.028683562472198096,0.002528323038533495,0.03639435371645193,0.018078288448051635,0.02171298076178945,0.018674686978513495,0.04452722464830596,0.0,0.0004986626815209547,0.021829456346523626,0.03127977224646282,0.029691216478166887,0.021516622832351957,0.008777559398365088,0.01138435299058755,0.031071593012979258,0.03127977224646282,0.03127977224646282,0.0388615823386682,0.021829456346523626,0.028363187345512228
ENSG00000182199.11,0.025589797368967868,0.04581709607186103,0.0,0.0321865831199578,0.0232049259122955,0.0,0.0,0.004622914744603676,0.008514151629539862,0.024681271174507455,0.0,0.02134133816471641,0.02760197688959566,0.0,0.0,0.021254920134987042,0.0038154147536863456,0.01591424558097548,0.038347805896726095,0.0,0.016061191145317417,0.03271448332357808,0.02931920820105341,0.02134133816471641,0.0009297332631388044,0.0,0.0,0.0,0.0,0.025888430827187732,0.0,0.0009297332631388044,0.0,0.02134133816471641,0.03464234179733244,0.0,0.028547246675013828,0.0,0.0050068435837990755,0.0,0.004061573798380919,0.0,0.0,0.008201945471418014,0.004946090275993867,0.0,0.018795819074767343,0.012668416698128845,0.02760197688959566,0.0,0.017006460930735583,0.017017738379792022,0.03743044281957454,0.0,0.009429406579318584,0.017385006486987528,0.008712307683192741,0.0,0.0001274983772533711,0.0,0.02134133816471641,0.016819582326139136,0.03297596248647223,0.0,0.034276310327582785,0.02859637829647961,0.0,0.0,0.013078445566629689,0.004229749653288813,0.00903022458042822,0.00698308033242729,0.015721209384712977,0.0,0.02611120527493612,0.01830154302363209,0.024399437759405694,0.003090237248290148,0.009455450802443352,0.017211980999372517,0.03448183039621973,0.01881168748659759,0.02422201493359545,0.0,0.018715232412457136,0.004804176303526822,0.034276310327582785,0.028118905229780868,0.018703954963400705,0.02859637829647961,0.0005856762820472053,0.010296145758587567,0.0,0.012419566973822654,0.01429127528428432,0.018795819074767343,0.004622914744603676,0.026532192844949502,0.009272677527628906,0.0,0.026468971760925424,0.0,0.011943111429029957,0.0,0.01489172385238478,0.011943111429029957,0.019412401604164898,0.0030789851100447158,0.007871615859886653,0.03389522806556714,0.0,0.004229749653288813,0.029755898125269513,0.0,0.006704337616464207,0.014443412621593626,0.00013037268668990298,0.0,0.009288075766493618,0.005389587471650033,0.0330676588773271,0.010296145758587567,0.016072468594373848,0.03595704712804802,0.006658465026156878,0.02647800100687635,0.030496869185179874,0.004427287075073595,0.0,0.0,0.024824835123353026,0.00970458822299939,0.014085751243445747,0.018366040344820887,0.011789501543288845,0.0,0.00650980218755632,0.00957916596900818,0.0021321343007289564,0.018821343940178183,0.0,0.016242900126850195,0.015024275901640759,0.006850873604244669,0.0,0.0,0.0,0.026227729193189213,0.0,0.0,0.01616620356219371,0.017451551577105873,0.0036890102259994444,0.004346683577910161,0.016242900126850195,0.04355992365776414,0.007206992396906378,0.00820942242831272,0.005272848301394274,0.02665869367161145,0.013284049379074778,0.0036890102259994444,0.029106067306047558,0.03453315988978849,0.0,0.0077450608521631124,0.0316775427690904,0.0,0.0,0.0,0.010328171384017829,0.010709091950082898,0.007008605197838129,0.006170821133862511,0.00794448382188799,0.019191512550205007,0.009328898927557942,0.01674576390205619,0.0,0.04596962815789143,0.023322326633103498,0.03242178752610293,0.002122990417260523,0.006637622649354261,0.015073407523106541,0.02614529991655174,0.0,0.0,0.015716995111142225,0.0036890102259994444,0.027141640506703937,0.0,0.0055088389740049,0.0,0.02231113027364165,0.0036890102259994444,0.0036890102259994444,0.03189889127797935,0.015716995111142225,0.0
ENSG00000031698.13,0.013950360201851742,0.01432118176133744,0.0,0.0,0.004175897099633046,0.0012744075231214541,0.0,0.004361377229324684,0.0,0.01832077074386699,0.0,0.016375564275269403,0.023229048188592123,0.0,0.0,0.0,0.0,0.008465853283302897,0.002241653872585951,0.0,0.02205697526411533,0.0,0.01785288313508024,0.016375564275269403,0.0,0.0,0.0,0.0,0.0,0.0,0.002726848179916013,0.0,0.0,0.016375564275269403,0.0021025929848070904,0.0,0.0019036920257272383,0.0,0.0,0.0,0.0024582743795713083,0.0,0.0,0.0,0.0,0.0,0.000896246971358601,0.0,0.023229048188592123,0.0,0.0007316191012504275,0.0,0.005507435680022481,0.0,0.004174896007647234,0.0,0.0,0.0,0.0,0.0,0.016375564275269403,0.0,0.0,0.0,0.01314910883686064,0.0012342088182173139,0.0,0.0,0.007704950159110033,0.0,0.0,0.0,0.0024747286479960204,0.0,0.01946253398147263,0.0,0.0016141598259736475,0.0,0.003691056227524671,0.006241242855115504,0.018658732590725716,0.007352338246095019,0.0,0.0,0.004766015844511896,0.0,0.01314910883686064,0.0,0.01682675375300132,0.0012342088182173139,0.0,0.0,0.0,0.0,0.001332965410390373,0.000896246971358601,0.004361377229324684,0.0,0.0,0.0,0.0,0.0,0.0,0.0,0.0,0.0,0.011941443824223498,0.0,0.010769370899746694,0.0213492622901275,0.0,0.0,0.007129736001155993,0.0,0.0,0.0,0.0,0.0,0.0034185149507989093,0.0,0.007923064861431878,0.0,0.009996237355625909,0.0,0.0,0.010286850707026937,0.00284217501787571,0.0,0.0,0.0,0.0,0.0,0.0,0.0,0.014630546553361323,0.0,0.0,0.0074305454241654426,0.0,0.0,0.0,0.0008659858002346421,0.0,0.0,0.0,0.0,0.0,0.014689104440630249,0.0,0.0,0.0,0.006092029775663407,0.0,0.001869067939040056,0.0008659858002346421,0.010677490677860273,0.0,0.001911660621081196,0.0,0.0015985587561003628,0.0,0.0,0.014178295536939493,0.022088006528906003,0.0,0.0,0.0,0.0,0.0,0.0,0.0,0.0,0.0,0.000550092387274527,0.0,0.0,0.0,0.0,0.0,0.0,0.0,0.010225300108142557,0.0,0.0,0.0,0.008767409370410817,0.0,0.0,0.0,0.0,0.015906711096988484,0.0,0.0,0.0,0.0,0.0,0.0,0.008524771832196638,0.0,0.0
ENSG00000256043.3,0.0,0.0032558373198029317,0.0,0.0,0.017082199159552648,0.0,0.0,0.0,0.0,0.0006298570046263108,0.008632695740720401,0.0,0.0,0.0,0.0,0.0,0.0,0.0,0.0,0.0,0.0026647314900934277,0.0,0.0037398338396529562,0.0,0.0,0.008632695740720401,0.005510560207572252,0.008632695740720401,0.0,0.0,7.758053287732977e-05,0.0,0.005879699451410619,0.0,0.0,0.0,0.0,0.008632695740720401,0.0009456168673401717,0.0,0.008382621116861912,0.0,0.0,0.008902970324699302,0.0,0.0,0.0,0.0005811634605830569,0.0,0.0,0.0,0.0,0.0020739694351547613,0.0,0.0,0.0,0.0,0.0,0.0,0.0,0.0,0.0,0.008906666586774133,0.007560302250999636,0.010999178379606601,0.0,0.0,0.0,0.0,0.0,0.0032034475136848393,0.0,0.0,0.0,0.0,0.0,0.0,0.0,0.0,0.0,0.0,0.0,0.018343495236794703,0.0,0.0,0.0,0.010999178379606601,0.0,0.0,0.0,0.004942678315580078,0.0,0.0,0.0,0.0,0.0,0.0,0.0,0.0,0.0,0.009999655375518637,0.0,0.0,0.0,0.0,0.0,0.0,0.0,0.002259724549102088,0.0,0.0,0.0,0.014666918155935522,0.0,0.0,0.0,0.0,0.0,0.0,0.0,0.0,0.0,0.0,0.0,0.0014639091919644853,0.0023282453039843998,0.0,0.0,0.0,0.0,0.0,0.0,0.0,0.0,0.0,0.0,0.0,0.0,0.0,0.0,0.0,0.0,0.0,0.0,0.0,0.0,0.0,0.0,0.0,0.0,0.0,0.0,0.0,0.0,0.0,0.0,0.0,0.0,0.0,0.0008735104340309788,0.0,0.0,0.0,0.0,0.0,0.0,0.0,0.013339636876559792,0.0,0.00020230974983809907,0.0,0.0,0.013671489009155127,0.0,0.0,0.0,0.0,0.0,0.00020230974983809907,0.0067683165362085185,0.0,0.0,0.0,0.0,0.0,0.0,0.0,0.0,0.0,0.0,0.0,0.0,0.0,0.0,0.0,0.0,0.0,0.001900451347224455,0.0,0.0
ENSG00000241553.12,0.015727083990548327,0.02547942662188936,0.0,0.0,0.024907425958141945,0.019432782261723115,0.0009222509964496861,0.030639712095045513,0.0,0.03161009150921992,0.0,0.032145991927528546,0.02553628082533703,0.0,0.00832415254394794,0.005384993016815765,0.0013540637375141912,0.009276225759214218,0.0038069169336296185,0.0,0.039986419445186,0.013855399451540809,0.03048051348461485,0.032145991927528546,0.0,0.0,0.0,0.0,0.0,0.0,0.022255584224695025,0.0,0.0,0.032145991927528546,0.0028487743788434064,0.011459313745903175,0.007353762333947012,0.0,0.0,0.0,0.0,0.0,0.0,0.015071167714572828,0.003964991748707292,0.0,0.0,0.014629261394508479,0.02553628082533703,0.003129074677878551,0.021803900953795977,3.2041755391440385e-05,0.030577830889315594,0.0008887556130938758,0.008170313614739196,0.0,0.0,0.0,0.0,0.008856424070966293,0.032145991927528546,0.0,0.0076486457341586045,0.0010720209062264688,0.03992956524173833,0.0,0.0,0.011107285041573087,0.024201659752958335,0.0,0.01592111848759214,0.0,0.027754222756474108,0.0,0.04335292176085094,0.023176040244158435,0.0014811912061604912,0.0,0.0033680049539430434,0.009937581820960186,0.02806324610890254,0.020304974622183163,0.015140261172107483,0.0,0.021767123250297234,0.0,0.03992956524173833,0.0,0.04353898244870177,0.0,0.0,0.0,0.0,0.0,0.016011392504843087,0.0,0.030639712095045513,0.0,0.0015219626271527273,0.0,0.0071692553959046,0.0,0.0,0.006162706642722001,0.0,0.0,0.01767865982847284,0.0,0.03212879844832181,0.033549224777696104,0.0,0.0,0.03563598312439826,0.0,0.002986839908363223,0.0052780937103931655,0.0,0.0,0.014391893888310893,0.0,0.011647344451287088,0.0,0.01821456024678146,0.03830335936620301,0.0,0.031499097771746164,0.03482432419955596,0.0,0.0,0.0,0.0,0.0,0.0013463554906076036,0.0,0.03547848572556947,0.0,0.0,0.013151356983318069,0.0,0.0,0.0033570790212684234,0.0014032328501675656,0.0,0.0,0.01875668109751087,0.019964589960459588,0.017643745848165738,0.03205709596868944,0.0,0.0,0.004107712214623457,0.02968545364061881,0.0,0.032968083511918725,0.0014032328501675656,0.05048681590730647,0.013559836981219531,0.004293582117340072,0.0,0.024738467320469228,0.008319473732518415,0.0,0.027009470587522892,0.04987923675583721,0.0,0.0,0.0,0.018203090823446687,0.0,0.0,0.013464143040227333,0.002567498319568158,0.0,0.019515751365139205,0.019389279267487743,0.003917817630580623,0.0,0.0,0.0,0.012863958655004594,0.0,0.022356713042730486,0.008950155110593973,0.002514584780413054,0.0,0.015187014806014691,0.0,0.0,0.0,0.0,0.03019714056038794,0.0,0.0,0.0,0.0060334985871955335,0.0,0.0,0.015979938157756904,0.0,0.0
ENSG00000100243.21,0.0,0.029580250474655345,0.0,0.0,0.016475748841895503,0.0,0.0,0.0016585892867558953,0.0,0.028101463223257725,0.0,0.012314823850602445,0.002586064010486569,0.0,0.010721276259984713,0.0,0.0,0.0,0.0,0.005900018443070216,0.011253083574591885,0.0,0.009449777000372812,0.012314823850602445,0.0,0.0,0.0,0.0,0.0,0.0,0.02592447606909405,0.0,0.0,0.012314823850602445,0.0,0.007844957653654297,0.0,0.0,0.0,0.0,0.0,0.0,0.00089947804521881,0.02611911454419586,0.0,0.0,0.0,0.01567327844803015,0.002586064010486569,0.010814587922409222,0.0,0.0,0.03750199449509952,0.0,0.0,0.0,0.0,0.0,0.0,0.005216932126532653,0.012314823850602445,0.0,0.015874558104038164,0.0,0.03824727003876066,0.0,0.0,0.0,0.004012706703052423,0.0,0.027396622139585464,0.0,0.0,0.0,0.019718505747120918,0.01461413520062075,0.0,0.0,0.0,0.0,0.024074466182570954,0.0014553206297906948,0.005264295670071091,0.0,0.0,0.0,0.03824727003876066,0.0,0.005401477341890684,0.0,0.0,0.0,0.0,0.0,0.006544057946488026,0.0,0.0016585892867558953,0.0,0.0,0.0002155495377267752,0.026339788310394074,0.0,0.0,0.0,0.0,0.0,0.01289826341414839,0.0,0.02156528297825371,0.003205487234645192,0.0,0.0,0.04333600735545799,0.00817668552323074,0.0,0.0,0.0,0.0,0.005094087178684183,0.005190644329025683,0.0,0.0,0.0,0.031379715872905785,0.007265847523974633,0.01683395931779469,0.01524652661759198,0.0,0.0,0.0,0.0,0.0,0.0,0.0,0.012991773189794095,0.0,0.0,0.0003029743234715804,0.0,0.0,0.0,0.0,0.0,0.0,0.009332436928136595,0.006834734985686874,0.018299308260735666,0.025280923746044695,0.0,0.0,0.0,0.014724144201780746,0.0,0.0,0.0,0.026242844470053196,0.002728371005240024,0.0,0.0,0.01339305348537835,0.0,0.0,0.0012065896869910067,0.03302226302815868,0.0,0.0,0.0,0.007839026790703096,0.0,0.0,0.0,0.0,0.0,0.0,0.007488359630657672,0.0,0.0,0.0,0.0,0.03101511447322726,0.0,0.0058272025337651676,0.01597779356425466,0.0,0.0,0.0,0.0,0.0,0.0,0.0,0.004765462257754607,0.0,0.0,0.0,0.0,0.0,0.0,0.007626170037434973,0.0,0.0
ENSG00000132256.19,0.007746646691373309,0.035807384928912084,0.0,0.007361994744449568,0.01846362891173553,0.0009304455925219467,0.002704542945408936,0.03305742737244931,0.0,0.03515393956221231,0.0015760566594370737,0.023953584997172525,0.02944547298787574,0.0,0.0,0.0008687281902196552,0.005736998291320204,0.0,0.00313296496304135,0.0,0.03179401251482998,0.008655417903972933,0.03080656313333965,0.023953584997172525,0.0,0.0015760566594370737,0.0014992265099379107,0.0015760566594370737,0.0,0.0,0.0034030522292299963,0.0,0.006472750940256296,0.023953584997172525,0.010715301978028155,0.0,0.014727126969064634,0.0015760566594370737,0.0,0.0,0.007875983790423861,0.0,0.0,0.010663976700103585,0.0,0.0026088566953921186,0.004697267341664917,0.0014900583962982328,0.02944547298787574,0.0,0.017075666496018875,0.003185471912592726,0.028332443013652817,0.0,0.0020274169977756162,0.0,0.0,0.0,0.0,0.0,0.023953584997172525,0.0032623020620918992,0.00781179785758165,0.004050752888665382,0.038155924455866325,0.0,0.0,0.02455434403534116,0.02523147336127339,0.0,0.004995682605519941,0.0,0.029114613385565716,0.0,0.05608056677709988,0.00934640650094437,0.0,0.0,0.0,0.0024795195963415693,0.023559777556189022,0.004434251682312304,0.01821327066996202,0.0,0.021786957955696157,0.0,0.038155924455866325,0.0,0.035677152539122306,0.0,0.0069911145006411254,0.0,0.0,0.006424730351282541,0.00818798617067813,0.004697267341664917,0.03305742737244931,0.0,0.0051967539486776,0.0,0.010021020411909894,0.0,0.0,0.0025320265458929486,0.0012024179880366845,0.0,0.02910417249644362,0.0,0.03145271202339786,0.025356817847340087,0.0,0.0,0.04190965894423215,0.0,0.011759123814716187,0.008140520064717792,0.0,0.0,0.008118975166525249,0.0,0.010973392480698806,0.0,0.01790381793140384,0.040160160294662905,0.0,0.02878532701921672,0.05071573946513189,0.0,0.0,0.0,0.0,0.0,0.008589149982486631,0.0,0.01846925159729239,0.0,0.0,0.0,0.0,0.01450118093587556,0.0,0.0,0.010844374522555496,0.0,0.006201670652557285,0.01961320178378403,0.0,0.025726792175448574,0.0,0.0,0.0,0.027182531975167522,0.0,0.04207742012787599,0.0,0.037976412781904854,0.0,0.0,0.0008145148951557851,0.0014305264704358445,0.0015987520434864524,0.0,0.014211549911444712,0.04333696333141535,0.0,0.0,0.007517727327624249,0.015092220956913663,0.0,0.0,0.013036122004206119,0.0018562460081664456,0.004396516645396413,0.0,0.002749045735401738,0.004772665457463798,0.0,0.004173116527918901,0.0,0.027272006341323644,0.0,0.009816633325995167,0.0,0.003369432607296226,0.0,0.005024409287756035,0.0,0.0,0.0,0.0,0.01765706084365263,0.0,0.0,0.0,0.004847876983734949,0.0,0.0,0.024867821208074986,0.0,0.0
ENSG00000100031.19,0.003085138438606673,0.029065017652819436,0.0,0.0,0.004407170505627105,0.0,0.0,0.0,0.0,0.0177770876641649,0.0,0.0,0.0,0.0,0.0003132962219814864,0.0,0.0,0.0,0.0,0.0,0.0,0.0,0.0,0.0,0.0,0.0,0.0,0.0,0.0,0.0,0.0,0.0,0.0,0.0,0.0,0.0,0.0,0.0,0.0,0.0,0.011722412988348183,0.0,0.0,0.01454973851631303,0.0,0.0,0.0,0.015492350248518437,0.0,0.0,0.0,0.0,0.032175423310065204,0.0,0.0,0.0,0.0,0.0,0.0,0.0,0.0,0.0,0.022819807584422473,0.0,0.03176008597562146,0.0,0.0,0.0,0.0,0.0,0.018510211169063522,0.0,0.0,0.0,0.0,0.0,0.0,0.00021845373783236505,0.0,0.0,0.016588158938934575,0.0,0.014214855973910423,0.0,0.0,0.0,0.03176008597562146,0.0,0.0,0.0,0.0,0.0,0.0,0.0,0.0,0.0,0.0,0.0,0.0,0.0,0.005762454994203289,0.0,0.0,0.0,0.0,0.0,0.020708856750246328,0.0,0.02340392507304835,0.0007187308822209498,0.0,0.0,0.025717560298247514,0.0,0.0,0.0,0.0,0.0,0.01274859449719876,0.0,0.0,0.0,0.0,0.0,0.0,0.0,0.0,0.0,0.0,0.0,0.0,0.0,0.0,0.0,0.0,0.0,0.0,0.007897346882651805,0.0,0.0,0.0,0.0,0.0,0.0,0.0,0.0,0.0,0.005276526254751439,0.0,0.0,0.0,0.017371241111662557,0.0,0.0,0.0,0.0,0.0,0.0,0.0,0.0032163725239129845,0.0,0.0,0.0,0.0029101186983657226,0.0,0.0,0.0,0.0,0.0,0.0,0.0,0.0,0.0,0.0,0.0,0.0,0.0,0.0,0.0,0.04657456134420086,0.0,0.0,0.0,0.0,0.0,0.0,0.0,0.0,0.0,0.0,0.0,0.0,0.0,0.0,0.0,0.0,0.0,0.004884379616570747,0.0,0.0
ENSG00000138964.17,0.023244825933746046,0.02362267832653591,0.0,0.010994623790012183,0.0033615116757190547,0.0,0.0,0.0,0.0,0.013620173182264383,0.0035227255086328416,0.010612147372365387,0.006891748538835632,0.0,0.007445594169177214,0.0,0.0,0.0,0.007090462894446349,0.00023141672899621574,0.0,0.0214945740738494,0.027072590938909492,0.010612147372365387,0.0,0.0035227255086328416,0.0036336464539074367,0.0035227255086328416,0.000425873049244907,0.014937057008337487,0.0037203694011375306,0.0,0.0,0.010612147372365387,0.013594931396704604,0.0,0.0,0.0035227255086328416,0.0,0.008659776632105647,0.012639898249453864,0.0,0.010263396686600403,0.008371771424518674,0.014602796102621537,0.0,0.0,0.011988803099571742,0.006891748538835632,0.0,0.0,0.0,0.035131798891935864,0.0,0.0,0.0063615378392973335,0.0,0.0,0.0,0.0,0.010612147372365387,0.0,0.031596359524577566,0.0012234120423592829,0.004374919356140018,0.01676421229484494,0.0,0.0,0.01197992101855103,0.0,0.0,0.0,0.014940164817101028,0.002836107460793061,0.024743955605761838,0.03746280543537357,0.012456007148786273,0.011592452784808468,0.0,0.0,0.0315598035228514,0.0,0.03243138103686263,0.0,0.017297615938955065,0.0,0.004374919356140018,0.007240534152852841,0.0,0.01676421229484494,0.0,0.0,0.0,0.011178853073895628,0.003816382393603577,0.0,0.0,0.00606999375857651,0.0,0.0,0.005338628009051112,0.0,0.0008131825182145051,0.0,0.0043851778872989675,0.0008131825182145051,0.017345397950304063,0.0027986249416223595,0.0,0.0314467683269555,0.0,0.0,0.009403446819478647,0.0,0.015600142048003862,0.022581282611314542,0.0,0.0,0.00850452134699773,0.0242222324294346,0.0,0.0,0.014337372140405067,0.018552857902652126,0.0,0.008409169708685604,0.031453368065445554,0.006254314837500746,0.0,0.005182811489969158,0.0,0.0018031901306051826,0.0,5.2146051307148944e-05,0.0,0.0,0.007836304745219493,0.01066495477370305,0.0034798584615306563,0.0007387640991469227,0.0,0.0072747839733705785,0.0,0.0,0.0,0.0,0.0,0.01718678402341736,0.0,0.0,0.007713440024392004,0.027527398238989895,0.0,0.0,0.0072747839733705785,0.01606980705519185,0.0,0.0,0.0,0.0,0.0,0.0,0.01004820724557215,0.025388726416626813,0.0,0.0,0.0,0.0,0.0,0.007089336349785813,0.011645757494945293,0.011431627674823766,0.0,0.007843199566274828,0.0,0.01084677934245504,0.0,0.0,0.007089336349785813,0.0462620176235644,0.024336533584797232,0.03219373821130156,0.013823409934200052,0.0,0.006116417563450577,0.0,0.0,0.0,0.016172689248345737,0.0,0.009225580407375915,0.0,0.006658443490371174,0.0,0.0,0.0,0.0,0.013919433803798467,0.016172689248345737,0.0
ENSG00000180776.15,0.017519903355052956,0.026287064008209786,0.0,0.0,0.018710010434653666,0.014965015700664181,0.005117742208970738,0.035205170424022644,0.0,0.024621892080120163,0.0,0.025874918844925016,0.018576650988887628,0.0,0.012961066334164197,0.0,0.005556740216753009,0.012390825848691327,0.005389105785832828,0.005006091978604181,0.02544442295820056,0.015865648045448953,0.0321409015965487,0.025874918844925016,0.0,0.0,0.0037502530857025165,0.0,0.0,0.0001890238243238418,0.01756424996221719,0.0,0.0,0.025874918844925016,0.004245921348638548,0.01625150436430201,0.0006650277817683084,0.0,0.0,0.0,0.0023229858339322146,0.0,0.0,0.009552928990760327,0.0075549791627411295,0.0,0.0,0.017846212511918133,0.018576650988887628,0.00035043670667224414,0.007532799751081239,0.0033601120097527006,0.03203713481601697,0.0,0.0025163442174917505,0.0,0.0,0.0,0.0,0.0,0.025874918844925016,0.0,0.009296295400829435,0.005946881292702832,0.03315483597752272,0.0,0.0,0.016154269167122336,0.027683942597175187,0.0,0.019768018029938654,0.0,0.03126235643713905,0.0,0.04611507356828348,0.026079735327410408,0.003840304253952105,0.0,0.0065211699596881,0.0037239338577432016,0.029345970084184686,0.014062757066315809,0.017015459162908655,0.0,0.02485014905683589,0.0,0.03315483597752272,0.0,0.02902283679816443,0.0,0.0,0.0,0.0,0.0,0.009769174948975737,0.0,0.035205170424022644,0.0,0.004890802872597022,8.76646447259613e-05,0.009155848406809948,0.0,0.0,0.001694940081663071,0.0018119149615224983,0.0,0.02001870845206717,0.0,0.02688648042138011,0.035325468300798475,0.0,0.0,0.02886125386018265,0.0,0.0059013996738960794,0.007265520428712785,0.0,0.0,0.017292882502729576,0.0,0.004958609899108381,0.0,0.021271735216872024,0.02202760408028099,0.0,0.025656449288828685,0.03783388009781904,0.0,0.0,0.0,0.0,0.0,0.005314488053897039,0.0,0.03112747848884285,0.0,0.0,0.01690280710996757,0.0,0.0,0.0,0.005156967338533387,0.0,0.0,0.007411841302953949,0.01612942588166883,0.0246258333583852,0.025931637737154407,0.0,0.0,0.0,0.03335319341694773,0.0,0.03805682082861605,0.005156967338533387,0.04444429022993252,0.01858836444455816,0.0,0.0,0.01970563060117237,0.004239361780062491,0.0,0.030253109686666238,0.04373720268289993,0.0,0.0,0.0,0.02397110989894406,0.0,0.0,0.017614415810069083,0.006594500821910307,0.0,0.024517721173320437,0.006040717111429908,0.007848132070365683,0.0,0.0,0.0,0.013990655493763743,0.0,0.025102706059531188,0.004179017594704744,0.0,0.0,0.01857365104800668,0.0,0.0,0.0,0.0,0.02467221017280674,0.0,0.0,0.0,0.0007671837985511049,0.0,0.0,0.009409637632713554,0.0,0.0
ENSG00000183813.7,0.010916506674095192,0.02791497778472332,0.0,0.0,0.008239226069649316,0.026646469421872997,0.01651466316779479,0.04482032136365955,0.0,0.046398153422371,0.0,0.03970345393458399,0.04120827778960323,0.0019906429993876706,0.01415279958155246,0.0,0.0006132974814413578,0.02008521543421616,0.0007885850116906221,0.004991626101793701,0.05269073068666825,0.0,0.025685464741353192,0.03970345393458399,0.0,0.0,0.0,0.0,0.0,0.0,0.0285491812174694,0.0,0.011348827870038665,0.03970345393458399,0.0,0.0,0.008854662854366702,0.0,0.0,0.0,0.0,0.0,0.0,0.014121003089287449,0.0,0.008226423564899166,0.008608617264111475,0.007698192409827116,0.04120827778960323,0.017480397483279033,0.02033711575143172,0.0,0.02468854627547497,0.0018330196155208825,0.024642128088367903,0.0,0.0,0.0,0.0,0.006295402998023055,0.03970345393458399,0.0,0.0,0.0,0.03939743068178834,0.0005425394214354021,0.0,0.007384791670032781,0.03158840822322734,0.0,0.016656065528394416,0.0,0.03594078873610561,0.0,0.05787730587637054,0.008597863178324658,0.014410672549390664,0.0,0.015370182143017889,0.019271760649338297,0.038332075579694924,0.029382835191514245,0.0,0.0,0.029659452811545327,0.0,0.03939743068178834,0.0,0.057043111199546526,0.0005425394214354021,0.0,0.0,0.0027817811810702912,0.0,0.024461636282106063,0.008608617264111475,0.04482032136365955,0.0,0.0,0.0,0.0,0.0,0.00487537901342136,0.011436633001078198,0.0,0.00487537901342136,0.03200177178645405,0.0,0.04348422468351907,0.028225795654201392,0.0012097110743401127,0.0,0.03447623177238016,0.0,0.004223550102534328,0.0114599248377803,0.0,0.0,0.017148477338079126,0.0,0.013775861763774877,0.0,0.025307072298667056,0.026384913684374442,0.0,0.02860259037994727,0.04700332034790137,0.0,0.0,0.0,0.0,0.0,5.5851383344907024e-05,0.0,0.04630467309126732,0.0,0.0,0.012802692539580246,0.0,0.0,0.012640683206037055,0.0,0.00024604559025522,0.0,0.0327058393540892,0.038452975414030824,0.02703535466279606,0.044119839951500386,0.0,0.0,0.009452708098380364,0.02480705402285768,0.010663143385226816,0.036590096542234204,0.0,0.03923848048895835,0.011823212777136428,0.015584342294634998,0.0,0.014087101250915321,0.003662420644644157,0.010663143385226816,0.04181089043123875,0.06142912893160657,0.0,0.0,0.0,0.013423603194230489,0.0,0.0,0.010656696662172269,0.007580350480340427,0.0,0.018260865109649384,0.03837558930604815,0.0,0.0,0.0037039839015814147,0.0,0.005195419893916024,0.0017216714919240997,0.03830172524271441,0.01331825168239073,0.0,0.0,0.0067513346447417855,0.0,0.0,0.0,0.010663143385226816,0.051289001994798675,0.0,0.004757223545401312,0.0,0.01194671682252569,0.010663143385226816,0.010663143385226816,0.022076225578333636,0.0,0.0
ENSG00000169895.6,0.014355072984899298,0.013555457037833157,0.0,0.010251776479937774,0.0008704795108660929,0.0,0.0,0.0,0.004866141313244421,0.0,0.010914384775300802,0.0,0.0,0.0,0.0,0.009669903966269097,0.0,0.0,0.007277583901052355,0.0,0.0,0.021714342166014512,0.007952177172307208,0.0,0.0,0.010914384775300802,0.001957700468892251,0.010914384775300802,0.0,0.004293937706417755,0.0,0.0,0.0,0.0,0.02292078641066741,0.0,0.0,0.010914384775300802,0.01155265951645093,0.0,0.010370099707927037,0.0,0.0,0.0,0.013895019389035312,0.0,0.0,0.01080965486686656,0.0,0.0,0.0,0.0,0.015584839999212882,0.0,0.0,0.016233762223295506,0.0,0.0,0.00689552427462415,0.0,0.0,0.0032926106240801084,0.030823450807869916,0.0,0.001966871110303147,0.0073313217390606755,0.0,0.0,0.0,0.0,0.0,0.0046908050849805635,0.0,0.0009550312849053513,0.0,0.006917399475105147,0.0,0.0,0.0,0.0,0.002957828806287574,0.0,0.022434936004964136,0.00406638549546012,0.0,0.013751901794726427,0.001966871110303147,0.02618899886297709,0.0,0.0073313217390606755,0.007678557569268191,0.006560823076389777,0.0,0.0,0.0,0.0,0.0,0.0247139529891746,0.0,0.0,0.014666024835955225,0.0,0.0,0.0,0.0020861663794272123,0.0,0.0,0.010346215271798041,0.0,0.012781542295734978,0.0,0.0,0.0,0.0,0.0035373367894005886,0.013231216741810103,0.0,0.0,0.007520035245178816,0.0,0.001409855073898278,0.006560823076389777,0.0,0.0,0.0,0.0,0.0,0.016005842617686394,0.0,0.0,0.0,0.0011839684892749475,0.0,0.0,0.0,0.0019325396664018335,0.01003532734452768,0.012627915582709606,0.004381500608748,0.009954907153955368,0.0,0.0,0.0,0.007993967928783534,0.0,0.0,0.0,0.0,0.0,0.0,0.0,0.0,0.0,0.0,0.0,0.0,0.0006719858884421601,0.0,0.0,0.0,0.0,0.0,0.0,0.0,0.004684509004111513,0.0,0.003731327463635123,0.0,0.0,0.007617327814780611,0.0,0.0,0.018214956046326197,0.0,0.0,0.01119648472248945,0.0,0.0,0.007617327814780611,0.037493209278728984,0.0,0.0,0.0,0.0,0.0,0.0,0.0,0.0,0.009688054401268562,0.0,0.0,0.0,0.0,0.0,0.0,0.0,0.0,0.013481097084891189,0.009688054401268562,0.0
ENSG00000097007.19,0.012507621526978922,0.027502913579483465,0.0,0.0036304597505907588,0.015879734113122608,0.005786067109487793,0.012720849022346416,0.024050097661658762,0.0,0.020734291110276925,0.0,0.014116497559566673,0.013785843805927168,0.0,0.005114752055221317,0.004000743811938545,0.003386620798488782,0.008315327798631846,0.006918683023997993,0.0,0.015336695069239032,0.01908288455275717,0.016913169841298686,0.014116497559566673,0.0,0.0,0.0,0.0,0.0,0.011672371038675664,0.009559793095556199,0.0,0.001794422716373173,0.014116497559566673,0.014091968631791033,0.00590618124851551,0.004058768581214435,0.0,0.0,0.00045870752913423907,0.008515144405405128,0.0,0.00304233772349867,0.017764983320044638,0.014526180088746687,0.0,0.0048071136426657,0.024244267954125757,0.013785843805927168,0.0,0.005609619844526299,0.0,0.035806307861994235,0.0,0.0,0.0021854787810366982,0.0,0.0,0.0029000024633152738,0.007185338206131559,0.014116497559566673,0.002926205902424199,0.030820363708363177,0.0,0.029053764842795333,0.007667028085449265,0.0,0.007301652655751684,0.015983585798469088,0.0,0.01795751003501376,0.0006689769209339003,0.018744744860601927,0.0,0.032380528111737646,0.030995786214284636,0.0,0.006329565639125852,0.011627806160176488,0.00015006055479144242,0.02359420555306048,0.011178619811597124,0.020834041910934336,0.0,0.012432615581364638,0.0,0.029053764842795333,0.007437599390140444,0.018097854131371872,0.007667028085449265,0.0,0.0,0.0,0.009020702243141939,0.0070985078591412,0.0048071136426657,0.024050097661658762,0.014113665972856695,0.0,0.008746330176135124,0.0029493965942956266,0.0,0.0,0.0,0.007917121823390334,0.0,0.016289250069942047,0.0037789851016585274,0.017840101333253904,0.020837219248598625,0.0024902034278556084,0.0,0.024973652890339412,0.0,0.011276303467537968,0.010715367330634544,0.0,0.0,0.022437060710774635,0.0029851559855345183,0.008138880533670352,0.0,0.009671456519231798,0.021118090723024445,0.0,0.008915350420516742,0.03718461041661471,0.005596230905372243,0.0,0.0,0.0,0.0,0.0,0.0017616270982327778,0.018257271556432093,0.007040776460180691,0.0,0.019960873885388974,0.0,0.0036567538560981876,0.0,0.0,0.0,0.0,0.0,0.0040543712873650495,0.015567655331324017,0.019569712306085493,0.0,0.0,0.009279374121629803,0.019316132265638518,0.0,0.022822276696415785,0.0,0.03650381759584991,0.0228050908073439,0.0,0.0,0.014828859470002717,0.0,0.0,0.02209814026677038,0.027899310027705206,0.0,0.0,0.007551242864897265,0.012062173666302758,0.0,0.0,0.01166182454010059,0.0013832874694788971,0.0,0.011108191167492232,0.0031877187732377438,0.01061335026544731,0.0,0.0,0.0,0.04758500078440685,0.0147213471938238,0.016558768638877452,0.009376009048433213,0.003892628576415355,0.0,0.008967653154695068,0.0,0.0,0.0,0.0,0.017778966148549805,0.0,0.0,0.0,0.0026601709501869186,0.0,0.0,0.02781519191857465,0.0,0.0
ENSG00000169813.16,0.015727083990548327,0.02547942662188936,0.0,0.0,0.024907425958141945,0.019432782261723115,0.0009222509964496861,0.030639712095045513,0.0,0.03161009150921992,0.0,0.032145991927528546,0.02553628082533703,0.0,0.00832415254394794,0.005384993016815765,0.0013540637375141912,0.009276225759214218,0.0038069169336296185,0.0,0.039986419445186,0.013855399451540809,0.03048051348461485,0.032145991927528546,0.0,0.0,0.0,0.0,0.0,0.0,0.022255584224695025,0.0,0.0,0.032145991927528546,0.0028487743788434064,0.011459313745903175,0.007353762333947012,0.0,0.0,0.0,0.0,0.0,0.0,0.015071167714572828,0.003964991748707292,0.0,0.0,0.014629261394508479,0.02553628082533703,0.003129074677878551,0.021803900953795977,3.2041755391440385e-05,0.030577830889315594,0.0008887556130938758,0.008170313614739196,0.0,0.0,0.0,0.0,0.008856424070966293,0.032145991927528546,0.0,0.0076486457341586045,0.0010720209062264688,0.03992956524173833,0.0,0.0,0.011107285041573087,0.024201659752958335,0.0,0.01592111848759214,0.0,0.027754222756474108,0.0,0.04335292176085094,0.023176040244158435,0.0014811912061604912,0.0,0.0033680049539430434,0.009937581820960186,0.02806324610890254,0.020304974622183163,0.015140261172107483,0.0,0.021767123250297234,0.0,0.03992956524173833,0.0,0.04353898244870177,0.0,0.0,0.0,0.0,0.0,0.016011392504843087,0.0,0.030639712095045513,0.0,0.0015219626271527273,0.0,0.0071692553959046,0.0,0.0,0.006162706642722001,0.0,0.0,0.01767865982847284,0.0,0.03212879844832181,0.033549224777696104,0.0,0.0,0.03563598312439826,0.0,0.002986839908363223,0.0052780937103931655,0.0,0.0,0.014391893888310893,0.0,0.011647344451287088,0.0,0.01821456024678146,0.03830335936620301,0.0,0.031499097771746164,0.03482432419955596,0.0,0.0,0.0,0.0,0.0,0.0013463554906076036,0.0,0.03547848572556947,0.0,0.0,0.013151356983318069,0.0,0.0,0.0033570790212684234,0.0014032328501675656,0.0,0.0,0.01875668109751087,0.019964589960459588,0.017643745848165738,0.03205709596868944,0.0,0.0,0.004107712214623457,0.02968545364061881,0.0,0.032968083511918725,0.0014032328501675656,0.05048681590730647,0.013559836981219531,0.004293582117340072,0.0,0.024738467320469228,0.008319473732518415,0.0,0.027009470587522892,0.04987923675583721,0.0,0.0,0.0,0.018203090823446687,0.0,0.0,0.013464143040227333,0.002567498319568158,0.0,0.019515751365139205,0.019389279267487743,0.003917817630580623,0.0,0.0,0.0,0.012863958655004594,0.0,0.022356713042730486,0.008950155110593973,0.002514584780413054,0.0,0.015187014806014691,0.0,0.0,0.0,0.0,0.03019714056038794,0.0,0.0,0.0,0.0060334985871955335,0.0,0.0,0.015979938157756904,0.0,0.0
ENSG00000090487.11,0.014269241954382575,0.023978587434595987,0.0,0.0,0.01581648313079482,0.0,0.0,0.0,0.0,0.020082749307053283,0.0,0.018510484828986602,0.005828270126178543,0.0,0.01883469728878151,0.0,0.0,0.0,0.0,0.0,0.006843762319388345,0.0,0.02776576714291713,0.018510484828986602,0.0,0.0,0.0,0.0,0.0,0.0,0.016431750342820482,0.0,0.0,0.018510484828986602,0.0,0.0,0.0,0.0,0.0,0.0,0.003692722052540849,0.0,0.0,0.006707624881944693,0.0,0.0,0.0,0.008191756344590552,0.005828270126178543,0.0,0.0,0.0,0.03479083913897689,0.0,0.0,0.0,0.0,0.0,0.0,0.0,0.018510484828986602,0.0,0.007839725379425976,0.0,0.0249940796278058,0.0,0.0,0.0,0.019392763808248652,0.0,0.010955493974651977,0.0,0.004854585697236201,0.0,0.030823992974915712,0.008167162344055491,0.0,0.0017550630833576275,0.0,0.0,0.028505832717508194,0.0,0.01683171156082535,0.0,0.006375253663935175,0.0,0.0249940796278058,0.0,0.0,0.0,0.0,0.0,0.0,0.0,0.0,0.0,0.0,0.0,0.0,0.0,0.00911405903605561,0.0,0.0,0.0,0.0,0.0,0.022485696253014303,0.0,0.023501188446224106,0.03130840550506478,0.0,0.0,0.02823771872694914,0.0,0.0,0.0,0.0,0.0,0.0,0.0,0.0,0.0,0.020913431774947623,9.39521893769113e-05,0.0,0.014951206340142555,0.007816396910741201,0.0,0.0,0.0,0.0,0.0,0.0,0.0,0.011617110541283775,0.0,0.0,0.0028194842293319117,0.0,0.0,0.0,0.0,0.0,0.0,0.0,0.002053982300238899,0.010420655034379712,0.01923455233552525,0.0,0.0,0.0,0.03869455124991759,0.0,0.0,0.0,0.015797896977859882,0.0,0.0,0.0,0.007272897813744822,0.0,0.0,0.0,0.03627371588620745,0.0,0.0,0.0,0.0089746395761473,0.0,0.0,0.0,0.0,0.0,0.0,0.0,0.0,0.0,0.0,0.0,0.008364358296490931,0.0,0.004996474498346393,0.0,0.0,0.0,0.0,0.0,0.0,0.0,0.0,0.0,0.0,0.0,0.0,0.0,0.0,0.0,0.0,0.0,0.0
ENSG00000169714.16,0.0,0.0,0.0,0.0,0.014214734539964469,0.0,0.0,0.0,0.0,0.0,0.0,0.0,0.0,0.0,0.0035225442148833323,0.0,0.0,0.0,0.0,0.0,0.0037294614450147645,0.0,0.002467354249638634,0.0,0.0,0.0,0.0,0.0,0.0,0.0,0.009992740814040132,0.0,0.0,0.0,0.0,0.0,0.0,0.0,0.0,0.0,0.0,0.0,0.0,0.0032564349244686534,0.0,0.0,0.0,0.006703188170895824,0.0,0.0,0.0,0.0,0.010504678654867969,0.0,0.0,0.0,0.0,0.0,0.0,0.0,0.0,0.0,0.001376857335783039,0.0,0.01686507284306187,0.0,0.0,0.0,0.0,0.0,0.007396763467835497,0.0,0.0,0.0,0.0,0.0,0.0,0.0,0.0,0.0,0.0,0.0,0.009189971821817727,0.0,0.0,0.0,0.01686507284306187,0.0,0.0,0.0,0.0,0.0,0.0,0.0,0.0,0.0,0.0,0.0,0.0,0.0,0.0011093289796629477,0.0,0.0,0.0,0.0,0.0,0.0,0.0,0.011580878535651016,0.005538822207762889,0.0,0.0,0.010723038770124576,0.0,0.0,0.0,0.0,0.0,0.0,0.0,0.0,0.0,0.0,0.0,0.0,0.0,0.0,0.0,0.0,0.0,0.0,0.0,0.0,0.0,0.0,0.0,0.0,0.0018632707615608146,0.0,0.0,0.0,0.0,0.0,0.0,0.0,0.0,0.00018258347543281817,0.0,0.0,0.0,0.0,0.009771213261431835,0.0,0.0,0.0,0.0,0.0,0.0,0.0,0.01281332438984787,0.0,0.0,0.0,0.0,0.0,0.0,0.0,0.002356333347198085,0.0,0.0,0.0,0.0,0.0,0.0,0.0,0.0,0.0,0.0,0.0,0.0,0.0,0.0,0.0,0.0,0.0,0.0,0.0,0.0,0.0,0.0,0.0,0.0,0.0,0.0,0.0,0.0,0.0,0.0,0.0,0.0
ENSG00000134830.6,0.023427878621619862,0.0379010453389163,0.0055157606381939575,0.05107995511896577,0.020560569762037885,0.0018360155640541331,0.00987826285699141,0.012844356691123639,0.029831038893783662,0.029880021095248118,0.010250900843473923,0.020166779634666364,0.031931769377692945,0.0,0.0,0.01714644492840796,0.0015557827614664024,0.014626591525828729,0.03231183502965129,0.0,0.014530866508244103,0.02904273366843509,0.026406413708393306,0.020166779634666364,0.0,0.010250900843473923,0.0,0.010250900843473923,0.0,0.020042752199387733,0.0,0.0,0.017685983498798723,0.020166779634666364,0.03612651090110338,0.0,0.031286248810903285,0.010250900843473923,0.019111154532222077,0.006606540161872374,0.019756675099011734,0.0,0.0,0.007392883087799985,0.005917862799585866,0.020619607263374997,0.040432252914591946,0.021977012945449896,0.031931769377692945,0.0,0.013885345941454456,0.014106071274029533,0.03358683859623509,0.0,0.007645275570137305,0.004436607411185116,0.01529647866077001,0.00038080564693451086,0.02551683215110245,0.0,0.020166779634666364,0.028640631507043185,0.047113039449617845,0.0,0.020500142469467467,0.04145783913333995,0.0,0.00756391118260976,0.021677663551678966,0.02985767055830585,0.0,0.03090277593977085,0.023534162170026053,0.012115716507301928,0.03117512076173587,0.025945962988873722,0.003937438919901351,0.02031845161314191,0.0173961620158158,0.024290810785983122,0.030905607313996136,0.017628735595864066,0.030802002760524312,0.0,0.01660809045916627,0.0,0.020500142469467467,0.03892380018343903,0.01638736512659119,0.04145783913333995,0.007481330353486845,0.031437920789378834,0.024221757431883595,0.034741195978094,0.022239062503538305,0.040432252914591946,0.012844356691123639,0.038953044188617815,0.016732749234735188,0.0,0.0031921872967696427,0.006190065653017687,0.01887562299213594,0.0060850470303613485,0.021556854274374895,0.01887562299213594,0.024464833301400937,0.012027377299553797,0.007063930431952109,0.022237471234879378,0.010718412864726096,0.02985767055830585,0.025110469377141703,0.015916293612643954,0.021613173717358828,0.0011008764737563959,0.009346146017314844,0.024442482764458668,0.016389519114835993,0.0,0.02667592190322905,0.031437920789378834,0.014751591840819183,0.045209807561311696,0.018808905836334065,0.030533101846646794,0.04894264459883077,0.02730614375892207,0.011328423535762105,0.0,0.026615267243410713,0.040716397775054314,0.03616801691497616,0.02938483773339779,0.01022118038211857,0.015571232898554666,0.0,0.016251849859059142,0.008225536579841458,0.027520022069569793,0.007375040983121417,0.02066493459995556,0.025589681024662705,0.03585391035790411,0.0,0.004455757559863216,0.0,0.030624227321602734,0.0,0.007437015425831653,0.038242835376370285,0.014489155166193986,0.018594242999742543,0.018802610772457193,0.02066493459995556,0.02707378177290664,0.005501740521859158,0.013983916092068303,0.03473568512835136,0.0,0.009214364373961892,0.018594242999742543,0.023893631826024622,0.029433819934862257,0.0,0.004810337465125998,0.048171897165866714,0.006371529797824002,0.012098839147474783,0.010995107069828536,0.02553925802837052,0.0,0.017990545094748706,0.0,0.0,0.023346165882194514,0.020951779593734815,0.026845551452098222,0.010995107069828536,0.07091463998282738,0.007709574039558367,0.01793790208908122,0.009832310417497887,0.021275474281981496,0.035761271347099374,0.028965848196546615,0.0,0.0018697293776893525,0.011293610300043694,0.018594242999742543,0.012301988962658966,0.0,0.017508854235658396,0.02719517589461861,0.015384919821412088,0.018594242999742543,0.018594242999742543,0.04989176711930016,0.011293610300043694,0.013073329582516897
ENSG00000094914.14,0.027414471861487932,0.03779970784190833,0.0,0.024529894405242066,0.015136898855810356,0.0010413823372616288,0.0,0.005677680072961915,0.000501963362627797,0.025828789823820832,0.0,0.02260396063483823,0.028819629006741832,0.0,0.0,0.013429335551613249,0.0,0.017413640628712895,0.030586490342566174,0.0,0.017008552908686872,0.03507290941882135,0.0312444232962314,0.02260396063483823,0.0,0.0,0.0,0.0,0.0,0.018090773257487668,0.0,0.0,0.0,0.02260396063483823,0.02714102698892064,0.0,0.020429900423018506,0.0,0.0,0.0008207825168062705,0.005594684720074183,0.0,0.0,0.009752793197468062,0.007152282223477351,0.0,0.020304037239317688,0.014419066029153008,0.028819629006741832,0.0,0.008618824324963546,0.008915159328521001,0.039367465772536865,0.0,0.010647058696464751,0.009822988051531742,0.000650419489996383,0.0,0.0020697212932563255,0.0,0.02260396063483823,0.008766703201152415,0.03537534204553841,0.0,0.025988631743853366,0.030460627158865352,0.0,0.0,0.014329978484240329,0.0058236290288894675,0.0007674351991701564,0.008742290174516117,0.017036201688275354,0.0,0.027240258370538513,0.020242610196446197,0.026036579960338993,0.004512944616655124,0.01104951612944071,0.01861557232447867,0.0359853797433685,0.020185915334953983,0.02646530958954265,0.0,0.020011111116279352,0.0,0.025988631743853366,0.020713208192603617,0.019714776112721898,0.030460627158865352,0.0024424744821594097,0.0023388844048354007,0.0002282213027381061,0.01388815214533285,0.015624733141557677,0.020304037239317688,0.005677680072961915,0.019339712033937737,0.001170098476357892,0.0,0.009045749774679687,0.0,0.013316499601884767,0.0,0.016698585631053135,0.013316499601884767,0.020529717101226932,0.005136838566251564,0.00871864100317198,0.03567921170001255,0.0,0.0058236290288894675,0.021427449550457067,0.0,0.008300907924109195,0.01640764345150577,0.0017547525370832026,0.0005245563062955677,0.01097733809214637,0.007244669098995217,0.024991082616414813,0.0023388844048354007,0.017304887912244327,0.028355752463371117,0.0,0.018692249296638576,0.03223325704604522,0.007007403854306607,0.0,0.0,0.017149849115848236,0.002421825353765672,0.0064298788356811284,0.010785724616576044,0.013264460434948416,0.0,0.0,0.011710847162325934,0.004461495897583045,0.01147344656165225,0.0,0.01825418216293506,0.006993259196300575,0.0,0.0,0.0,0.0,0.027847811239244465,0.0,0.0,0.01804670712657625,0.01925173129037361,0.005178931097760731,0.006180574230231051,0.01825418216293506,0.03591289469617254,0.009374529088389108,0.009740113291157041,0.006867396012599752,0.018981520180942957,0.005338773017793279,0.005178931097760731,0.030922231071643748,0.03611255107776909,0.0,0.0,0.02413738675328115,0.0,0.0,0.0,0.012288433552010064,0.01252776069632671,0.0,0.00816714118984567,0.00931276454714261,0.021636268192103417,0.0016884649148390177,0.008821673326905775,0.0,0.048735476361100684,0.025695951698041675,0.03431223905894327,0.0038625251266587377,0.008561017126929096,0.017023985932147417,0.018700947623373758,0.0,0.0,0.018182319225800082,0.005178931097760731,0.028716831332791914,0.0,0.007218551261925894,0.0,0.014480408210428224,0.005178931097760731,0.005178931097760731,0.03407228032396523,0.018182319225800082,0.0
ENSG00000182866.17,0.004066887184481616,0.03703876623257065,0.0,0.0,0.0,0.009457432870183097,0.018023596318699188,0.036654548093593114,0.0,0.0478265780660168,0.0,0.031363786014665274,0.04331319271854389,0.0,0.0038664355548338122,0.0,0.0,0.015536850640126595,0.0015040320087146147,0.0,0.04368738509528248,0.0,0.017345796821434466,0.031363786014665274,0.0,0.0,0.0,0.0,0.0,0.0,0.010567453386549224,0.0,0.00981409528478247,0.031363786014665274,0.0,0.0,0.007374020942649738,0.0,0.0,0.0008190689877541901,0.0,0.0,0.0,0.010937874502019662,0.0,0.007658948023027072,0.013516261252081205,0.005573365008575956,0.04331319271854389,0.0,0.007748213319388325,0.0,0.03249424025891816,0.0,0.01824507611342778,0.0,0.0,0.0,0.0,0.0,0.031363786014665274,0.0,0.0,0.0,0.03741295860930923,0.0076462723181460815,0.0,0.0,0.02257505812574128,0.0,0.006778000569759364,0.0,0.027539552361692164,0.0,0.05856090123807528,0.006596037592832872,0.010152289056256786,0.0,0.011734983718773198,0.012291843842160768,0.04195658913208168,0.02325883933631575,0.0,0.0,0.029627262418900745,0.0,0.03741295860930923,0.0,0.04865187933123336,0.0076462723181460815,0.0,0.0,0.0,0.004331704715145844,0.016805229189633668,0.013516261252081205,0.036654548093593114,0.0,0.0,0.0,0.0,0.0,0.005590826010445353,0.0,0.0,0.005590826010445353,0.04112556023430138,0.0,0.04149975261103997,0.02098368209523073,0.0,0.0,0.030959348462627156,0.0,0.004398485601298803,0.006036508996191292,0.0,0.0,0.011738254080746677,0.0,0.01382763108933182,0.0,0.02466276818294986,0.021595962991419693,0.0,0.010307368746774813,0.053545118381143064,0.0,0.0,0.0,0.0,0.0,0.0,0.0,0.03188034339399605,0.0,0.0,0.0007815776424589874,0.0,0.0,0.007790477588357304,0.0,0.0,0.0,0.013703186587288807,0.02115887463045126,0.0022952828769560035,0.03922813971344662,0.0,0.0,0.007072970161266422,0.016067600192353163,0.002862376591810302,0.019908109481727262,0.0,0.03088231958638525,0.005545932400904598,0.009315986738492377,0.004086794001730731,0.0,0.0,0.002862376591810302,0.04031799924965706,0.05614493462419573,0.0,0.0,0.0,0.0,0.0,0.0,0.0,0.000726092167879798,0.0,0.0,0.02426082406571184,0.0,0.0,0.0029041074210246418,0.0,0.031874115499445785,0.0073223780260234725,0.03715623578902313,0.0010767957286548224,0.0,0.0,0.0,0.0,0.0,0.0,0.002862376591810302,0.049479834869640325,0.0,0.01109315971166741,0.0,0.004728814861346575,0.002862376591810302,0.002862376591810302,0.03339994527533542,0.0,0.0
ENSG00000092531.10,0.006178546975597176,0.012327028832051994,0.004069604326169485,0.01651380955809717,0.020302447622529963,0.0,0.0,0.0,0.0,0.0,0.0,0.0017245971745183351,0.002420812474754938,0.0,0.0,0.0077858198268255935,2.685784495511101e-05,0.0,0.009878229451461516,0.0,0.0,0.01051493914092863,0.010372403644692971,0.0017245971745183351,0.0,0.0,0.0,0.0,0.0,0.015177595590728912,0.007957343532761691,0.0,0.0,0.0017245971745183351,0.015647703339672685,0.020429900294697743,0.009837166926471116,0.0,0.0015535299437779496,0.0,0.0,0.0,0.0006892939337609025,0.014455824800154359,0.016747685499171987,0.0,0.0020115030228094015,0.009478951013220605,0.002420812474754938,0.0,0.0033318700257467457,0.0,0.009893931179976483,0.0012882393260812489,0.0,0.013196905239062855,0.0,0.0,0.0,0.005629361643174416,0.0017245971745183351,0.0,0.022514007167274093,0.0,0.005821731931327619,0.002052565547799798,0.0,0.0,0.0,0.0026583676571186182,0.014066982703969187,0.005728174998661233,0.0,0.0,0.0,0.015365291834599844,0.0,0.0,0.0,0.0,0.0,0.0,0.012483295584469641,0.0,0.0,0.0002359069985747933,0.005821731931327619,0.018374389056529543,0.0,0.002052565547799798,0.0,0.00056354368478298,0.0,0.0,0.0,0.0020115030228094015,0.0,0.024093029813478283,0.0,0.005422309632792072,0.02412523020279232,0.0,0.0,0.0,0.0,0.0,0.0,0.0,0.0,0.004835467041051356,0.0002778579165786041,0.0026583676571186182,0.011589751006824987,0.021804784702504996,0.0,0.0,0.0,0.0,0.0,0.006722937608877773,0.004069147850973752,0.00056354368478298,0.0,0.007957307862332196,0.029550573523509153,0.015491772997979755,0.0,0.0,0.0,0.0,0.0,0.0061792939985674394,0.0028818406228932752,0.0,0.0,0.0,0.009230654179924788,0.006017358362415293,0.0,0.0,0.0,0.0,0.0,0.0047953753169091215,0.0,0.0,0.0,0.0,0.0,0.012862149661651653,0.007153096551444402,0.0,0.0,0.0,0.0,0.0032613358689222924,0.010170158363469725,0.0,0.0,0.010707616978063515,0.0,0.0,0.0,0.0,0.0,0.011006057184232192,0.01392258636885136,0.0,0.0,0.0,0.0,0.0,0.0016970193551765697,0.0,0.0,0.0,0.01578554481344839,0.0,0.0,0.021828958492462823,0.010412942163259643,0.0,0.007672975061495599,0.0,0.0,0.014199301049855041,0.0,0.0,0.0019424259546825667,0.0,0.0,0.0,0.0,0.0,0.010359192549922978,0.0,0.0,0.015294680015626547,0.0019424259546825667,0.0
ENSG00000135077.9,0.017875154181288627,0.03521597860045457,0.0,0.02912163814846815,0.028823650098106956,0.01909701686913485,0.0,0.03948175341325984,0.0,0.03822745665817007,0.008807794663525235,0.029671071664029963,0.04077315545440254,0.005693982181686392,0.0,0.025932663595683955,0.0073369407451765005,0.013812939519242649,0.02177646940797102,0.0017624680662033237,0.04033910598459204,0.02214584545751286,0.032122756647133544,0.029671071664029963,0.0,0.008807794663525235,0.004670712044004141,0.008807794663525235,0.0,0.01643860500493264,0.013724583352375162,0.0,0.007167016922366924,0.029671071664029963,0.02792471850447891,0.007261825006227955,0.03816263054823581,0.008807794663525235,0.0012835811432947639,0.0,0.0038941060494615057,0.0,0.0,0.021917713320490063,0.00619935714585805,0.0108068993338594,0.030413327451456435,0.009223642281896514,0.04077315545440254,0.0,0.0377285810784253,0.0036583386566228088,0.022472104382637036,0.0,0.024926786867250805,0.0,0.0,0.0,0.0,0.0183887079237873,0.029671071664029963,0.00779542127614391,0.015545381743179935,0.008349314132557836,0.03478192913064407,0.014027166311191656,0.0,0.02054271312561417,0.03176715669355869,0.010788237051247943,0.012584495801491149,0.0239014873186073,0.03407060021943893,0.0,0.050055808208154945,0.015197520454245755,0.004782436101483975,0.0,0.006847938348391168,0.024787947465686522,0.021841295517905288,0.01652412184975134,0.024711385690855358,0.0,0.008572307088669788,0.0,0.03478192913064407,0.020890009260891802,0.042642549510472284,0.014027166311191656,0.01577279583437672,0.0007607120325568012,0.02145627137181002,0.005954158617491344,0.022242248669454054,0.030413327451456435,0.03948175341325984,0.006919270492015364,0.00537812741135002,0.0,0.016501990240450633,0.0,0.0013857393644461022,0.006669816714338313,0.0020165482291778503,0.0013857393644461022,0.014825248556929656,0.0,0.014391199087119153,0.026398160791124545,0.006997117904560687,0.010788237051247943,0.04050005595034677,0.018522632077075052,0.00619754957534175,0.015372258068805947,0.0,0.0,0.017415489819518057,0.0,0.0324445037285331,0.0007607120325568012,0.006268863562789551,0.04216840785059138,0.02271280061597558,0.039184196535016626,0.05119402484289505,0.0,0.007594384364707288,0.0,0.009179075480705547,0.0014264427997431883,0.03639715736620191,0.0022140743098540694,0.029500877891561035,0.0,0.005015782072033403,0.010739959237968215,0.010191448868086886,0.02311297091263382,0.006504800359021373,0.008917642665515636,0.025565236620970343,0.01001240408835355,0.009349644673942364,0.03482517473401099,0.01565047460943495,0.03264610969188024,0.0,0.014814821338028965,0.021192098073674122,0.011255068067626602,0.01219055353842105,0.052738252570338345,0.008917642665515636,0.036907011441970686,0.012541003506238248,0.006472426718718345,0.017815933524190967,0.013904826088176642,0.008745026010895052,0.01219055353842105,0.025310984156928843,0.041169116301716165,0.0,0.013095032583301757,0.03820666356771589,0.030809718644249615,0.0,0.0032264476972353948,0.03187023700005231,0.0027525936453453893,0.01660113077978468,0.010381598431503887,0.023709585799788525,0.009548451530247387,0.018720412569071667,0.016612288632466728,0.0032264476972353948,0.03118050900038722,0.006023370930064394,0.020038670364672214,0.010228853684865834,0.012821362403152806,0.0014297723839261783,0.02872905014196552,0.0,0.0,0.0,0.01219055353842105,0.03070670468523429,0.0,8.031441924164634e-05,0.0,0.03272012298351025,0.01219055353842105,0.01219055353842105,0.039959699972365544,0.0,0.0018518661854713334
ENSG00000168961.17,0.008880802268465233,0.05192589643189474,0.00814412469921695,0.04801026979375218,0.013818692913587803,0.0,0.01054787936689142,0.02249629320519663,0.033975617290842586,0.04018565392634679,0.014750517066062289,0.011798313347531099,0.04286119484779431,0.0,0.0,0.02193262907681762,0.01298019550387406,0.00844560750135023,0.028916415408796272,0.0,0.023190114710413504,0.0066905194129741954,0.03128734882360847,0.011798313347531099,0.01094361346998685,0.014750517066062289,0.0,0.014750517066062289,0.0,0.016165836574628355,0.0,0.01094361346998685,0.016857515229577402,0.011798313347531099,0.03366298497454743,0.0,0.04452122029326429,0.014750517066062289,0.014047702878484572,0.0,0.012387677433014593,0.0,0.0,0.008977304528570134,0.0,0.020683048067797694,0.033845995412090206,0.0,0.04286119484779431,0.0,0.02485014015588348,0.007748806595236482,0.01856503334816745,0.0,0.01881865306050175,0.0,0.009301133312733433,0.0,0.0006147542071152923,0.0,0.011798313347531099,0.03242329057334564,0.014582155030520877,0.0,0.03225481629451393,0.018241190527622193,0.0,0.007141738714469083,0.013201124183414608,0.004335440629323936,0.002544720710136096,0.01547040771722915,0.015622053722626723,0.0,0.0413070756671727,0.0013732946306257224,0.0,0.0,0.0020572099791961694,0.017176172903248334,0.024580849041878777,0.010287628460215206,0.01758295080156267,0.0,0.008509710688978617,0.0,0.03225481629451393,0.02721065022277709,0.025611044249625618,0.018241190527622193,0.021138914588216356,0.025970955821575305,0.015727241992206348,0.027475469877582998,0.014500631981800814,0.033845995412090206,0.02249629320519663,0.018064528910427837,0.010172838471350518,0.0,0.019019203335196383,0.008273050058080041,0.011466640705483738,0.0,0.005450825011772412,0.011466640705483738,0.0344761217285822,0.0,0.014805041591201393,0.007328475550968289,0.0036157048083546098,0.004335440629323936,0.036467819816099534,0.009109248790332383,0.01480860697222671,0.01704835177396538,0.0,0.0,0.01051663614565386,0.0,0.04030821677167868,0.025970955821575305,0.006088781149766503,0.042452708354934574,0.01727864887639781,0.02681687554759879,0.04437637302672506,0.0,0.005060633498401759,0.0,0.024061171029437403,0.019826783666457355,0.03359754593919953,0.01767277350728335,0.0039220357640387185,0.0,0.0031794107714143705,0.0,0.006388397522154067,0.04572063508487702,0.0003653325371301003,0.007851090727326655,0.03966597591390542,0.02477943771953225,0.0,0.006776711408502556,0.0,0.0254351368602845,0.0,0.004326660477803182,0.015269945507807622,0.0,0.012320928523889461,0.04283961649967972,0.007851090727326655,0.02411111572647079,0.0,0.008107925002303857,0.028990751032731337,0.0,0.004390090892056608,0.012320928523889461,0.020530104296606694,0.023882810142787557,0.0,0.0019026286016891533,0.04644052573604387,0.01090813217770134,0.0,0.0,0.012287892839527241,0.002703049665158608,0.02734504739001596,0.0,0.008669416137900406,0.00183527503361533,0.01857245111053102,0.03188331755549051,6.938893903907228e-18,0.051341135803886495,0.006782502369113132,0.0152983449712902,0.0,0.006305112830178136,0.013385946148263324,0.027650056660224936,0.0,0.0,0.0,0.012320928523889461,0.02669014633417261,0.0,0.02303308777478402,0.002308407723701278,0.03141318338445541,0.012320928523889461,0.012320928523889461,0.04676934606612984,0.0,0.0
ENSG00000135679.25,0.012645685476478298,0.03201607995120464,0.0,0.003163447262627024,0.023534751398935523,0.0,0.0,0.0,0.0,0.032165762696556216,0.0,0.019992565082358853,0.026470689987269716,0.0,0.0,0.005581259276408401,0.0,0.0,0.0,0.0,0.02842269123274803,0.0030031946121592892,0.02591498462350913,0.019992565082358853,0.0,0.0,0.0,0.0,0.0,0.0,0.008534389485224322,0.0,0.003205337537453952,0.019992565082358853,0.005709864294481566,0.0,0.010976137636810643,0.0,0.0,0.0,0.0036333585734751733,0.0,0.0,0.01592740289016158,0.0,0.0,0.001352867839986359,0.0060185069473175715,0.026470689987269716,0.0,0.012928138882288956,0.0,0.023615115890532067,0.0,0.0,0.0,0.0,0.0,0.0,0.0,0.019992565082358853,0.0,0.012270234089459972,0.0,0.033968081196682966,0.0,0.0,0.0,0.011435182932394705,0.0,0.009525993002667606,0.00010826224942587712,0.0,0.0,0.023518770418033283,0.0,0.0,0.0,0.0,0.0,0.01958536377632528,9.022140137603107e-05,0.022457906160184123,0.0,0.0,0.0,0.033968081196682966,0.0,0.012581010193048178,0.0,0.002097933516328844,0.0,0.0,0.0,0.0042404941712177804,0.001352867839986359,0.0,0.0,0.0,0.0,0.014267517748260322,0.0,0.0,0.0,0.0,0.0,0.016267331251672446,0.0,0.018219332497150763,0.020420586118380074,0.0,0.0,0.038118353966524715,0.0,0.0,0.0,0.0,0.0,0.0032303707058639504,0.0,0.0068258648669688934,0.0,0.004094133637475093,0.017535054333770075,0.0,0.025692011447724657,0.009657514549343271,0.0,0.0,0.0,0.0,0.0,0.0,0.0,0.015557182981828309,0.0,0.0,0.002516008997597463,0.0,0.0013874289259126066,0.0,0.0,0.0,0.0,0.0,0.007549788778432237,0.0,0.023474230719050422,0.0,0.0,0.006333578841006368,0.014106094325507947,0.0,0.009660938253545519,0.0,0.014799363867987268,0.0,0.0,0.0,0.006896404404608661,0.0,0.0,0.0014777386972689502,0.031249131360952198,0.0,0.0,0.005092052037359927,0.01124959374643274,0.0,0.0,0.0,0.0,0.00014282333535212827,0.0,0.00018254609712185094,0.0,0.0,0.0,0.0,0.024310630894613883,0.0,0.0,0.0,0.0,0.0,0.001285114472551356,0.0,0.0,0.0,0.0,0.005331701306180603,0.0,0.0,0.0,0.0019645919948025684,0.0,0.0,0.02259274065053129,0.0,0.0
ENSG00000092020.10,0.016419257124310617,0.029211170309989563,0.0,0.0,0.016826848026035544,0.0,0.0,0.0037414911985330923,0.0,0.028204237139414452,0.0,0.023540473044112435,0.02240994276551968,0.0,0.004230501401533922,0.0,0.0,0.0,0.002900826221274466,0.0,0.022587220445033834,0.006021638584916486,0.030148487551672952,0.023540473044112435,0.0,0.0,0.005943526361303825,0.0,0.0,0.0,0.010077826543419433,0.0,0.007106199958062803,0.023540473044112435,0.000857598819715609,0.0,0.0059745761245380245,0.0,0.0,0.0,0.007817452269464523,0.0,0.0,0.009011915299115911,0.0,0.0,0.0,0.009042275091841911,0.02240994276551968,0.0,0.006151853804052178,0.001257781261245261,0.028546980458966306,0.0,0.0,0.0,0.0,0.0,0.0,0.0,0.023540473044112435,0.0,0.016547977401411777,0.0,0.029388447989503713,0.0,0.0,0.0032707195873128148,0.024892691078397526,0.0,0.0025131461601211463,0.0,0.00896123056388029,0.0,0.029477280278700613,0.0,0.0,0.005978357788843862,0.0,0.001893893050699362,0.0251304872361509,0.003661184922251988,0.025945378369031852,0.0,0.0017616873877096817,0.0,0.029388447989503713,0.0,0.0066557599305165985,0.0,0.004812996082711081,0.0,0.0,0.0,0.007688187424594137,0.0,0.0037414911985330923,0.0,0.00307645000748908,0.0,0.027769452233776668,0.0,0.0,0.00025084809067014296,0.0,0.0,0.022356911997528938,0.0,0.02253418967704309,0.02425172535551414,0.0,0.0,0.03341545049184586,0.0,0.0,0.006582560842364166,0.0,0.0,0.0,0.0,0.0019475736221958792,0.0,0.017693147902226918,0.011804617601186625,0.0,0.027752008732549363,0.014756794597968019,0.0,0.0,0.0,0.0,0.0,0.007457646773421388,0.0,0.016632917547119666,0.0,0.0,0.0036834720110937233,0.0031251799510655237,0.004294569146625571,0.0,0.0,0.001513184754270508,0.0,0.0,0.02828932515913759,0.004522489080711768,0.026516421007768902,0.0,0.0,0.009007336520491072,0.025584628359141395,0.0,0.011735439477711607,0.0,0.00767680120403616,0.0,0.0,0.0,0.007173981026319505,0.0,0.0,0.004408819976948607,0.03434888923897243,0.0027657717673190488,0.0,0.0,0.020964962039618056,0.0,0.0,0.011137591541898945,0.0,0.0013776334086800512,0.0,0.0011090703281416495,0.001560247214648973,0.0,0.0,0.0,0.0203976337014549,0.0,0.0,2.5284062475421087e-05,0.0008489949032472535,0.0,0.0,0.0,0.0,0.0,0.0,0.0,0.0,0.0,0.0,0.0,0.0,0.0,0.017179859961872664,0.0,0.0
ENSG00000135114.12,0.0,0.053398545183458525,0.010413518470287087,0.04204921706036901,0.0,0.0,0.019076141333428193,0.030463997717055758,0.035984784086708584,0.04750953037487552,0.0,0.012560412405786148,0.05059090800844723,0.0011056967218653416,0.0,0.008273199737682,0.014466303910298645,0.011139828139507986,0.024643021944556153,0.0,0.030278528054595216,0.0,0.017218021022127286,0.012560412405786148,0.013270622211114861,0.0,0.0,0.0,0.0,0.020591385623907214,0.0,0.013270622211114861,0.023902174547938575,0.012560412405786148,0.02095721460783454,0.0,0.046099054525989114,0.0,0.00010905640918140377,0.008640885816055245,0.00460090989163953,0.0,0.0,0.02031649812085856,0.0,0.02830797945628162,0.04325710795277345,0.0005574659324136463,0.05059090800844723,0.0,0.02578667457213709,0.0020070739240590496,0.02254603522145918,0.0,0.028229765601184995,0.0,0.0037948637459030155,0.0,0.005132274124709242,0.007730658495294401,0.012560412405786148,0.034196994264864625,0.02123864537812356,0.0,0.0330861652296065,0.021801075371340496,0.0,0.0,0.01383399835013319,0.007014402171956327,0.005524333483731651,0.009169170097090229,0.016622144132087967,0.0,0.04845904500456206,0.0,0.0033982354248282692,0.0,0.005299252877652462,0.018754007135973152,0.02605349779344256,0.011934712569777545,0.005850362645498965,0.002178214243038719,0.00928707318847196,0.0,0.0330861652296065,0.015058184905673233,0.033066673836549994,0.021801075371340496,0.0,0.028297964562703313,0.024732517820765385,0.036480062579085835,0.015672629502401433,0.04325710795277345,0.030463997717055758,0.01708277393256121,0.0,0.0,0.006678788881571758,0.018115495161904475,0.012692522136704187,0.0,0.0091850595647208,0.012692522136704187,0.04144804537560656,0.0,0.021135665421754532,0.0,0.014285189302645128,0.007014402171956327,0.03682408216223039,0.0031538983427154346,0.007389055673594311,0.013198416223340743,0.0,0.000952917172687355,0.004372643169214652,0.0,0.042361137593365225,0.028297964562703313,0.006498927406517183,0.03764715893890415,0.006809047406317034,0.013564747387580157,0.05504276638889918,0.0,0.0,0.0,0.02079376281948564,0.009308089641590862,0.021031928062114208,0.014953187557630115,0.007158459283519422,0.0,0.0,0.0,0.0,0.034087937855683224,0.011343308538269009,0.0,0.0422497954009186,0.004112020079615274,0.0009867488886907416,0.018243490855139682,0.0,0.02826572366764102,0.0,0.0,0.019607496337195898,0.0,0.014904748010902642,0.03733383220759536,0.0,0.011634257012585927,0.0008477888465296818,0.011166831078278747,0.03940784882770294,0.0,0.0004813828656336158,0.014904748010902642,0.02505734957951889,0.026477933845797053,0.0,8.830050314931337e-05,0.051358348635554885,0.0,0.0,0.0,0.0,0.0,0.0,0.0,0.020247199314264067,0.0,0.024591401319949614,0.035157774894819804,0.0,0.06734608715894003,0.024057435038490144,0.020691254459762942,0.0,0.011397285438919255,0.017951816246269986,0.007147915829561154,0.0,0.0,0.0,0.014904748010902642,0.03840937010857201,0.0,0.035114394235487095,0.005747202111881712,0.03633100628396644,0.014904748010902642,0.014904748010902642,0.060029559070034905,0.0,0.0
ENSG00000166326.7,0.023932765474061007,0.03436334995197644,0.0,0.01986130704876299,0.014509672979720258,0.0,0.0,0.0,0.0,0.008829057338571956,0.023266765028862626,0.005265476270736334,0.0017695502251333442,0.0,0.0,0.002529968871677918,0.0,0.0,0.01661010073729003,0.0,0.0,0.029662806483431347,0.03720737048380027,0.005265476270736334,0.0,0.023266765028862626,0.02360012777438728,0.023266765028862626,0.0,0.015778888632324115,0.0,0.0,0.0,0.005265476270736334,0.031213298291968478,0.0,0.0009894120841107586,0.023266765028862626,0.01440005235313798,0.0,0.01518019049416057,0.0,0.0,0.0028150936119893215,0.014750359700682732,0.0,0.0,0.00485295190736126,0.0017695502251333442,0.0,0.0,0.008190888502914252,0.03597542144351765,0.0,0.0,0.014927676242797998,0.0,0.0,0.0010755635444760978,0.0,0.005265476270736334,0.007857525757389596,0.030257312775687887,0.013585788650490385,0.017236617536218933,0.007951383032554632,0.0,0.003914082466848164,0.006626026159849235,0.0,0.0029450253570671645,0.0,0.009286694151078547,0.004486448392912776,0.019980436252326355,0.019102592644467294,0.0053758807138933745,0.005327805240574936,0.0,0.0,0.024449745991751218,0.0,0.04100788000547431,0.0,0.011631694635166147,0.0036398870195721925,0.017236617536218933,0.02440751358852824,0.0,0.007951383032554632,0.020104201728784278,0.0010517410539493573,0.0,0.004709807011865776,0.0,0.0,0.0,0.02290430578468009,0.010187208558897404,0.0,0.03363600469816839,0.0,0.0,0.0,0.006307033948852469,0.0,0.01253460771177245,0.012849560544600853,0.0,0.03232679917851572,0.0,0.0,0.022238587344400165,0.0,0.017840858485389882,0.03292009860338932,0.0013238850928344315,0.0,0.01098458998301867,0.007486174931179583,0.0,0.0010517410539493573,0.008971026643936834,0.02792267602669214,0.008493595127455518,0.018498979077898728,0.023822773969812715,0.013839776590030231,0.0,0.0,0.006018541248265286,0.009356259749857272,0.005669860820160834,0.009181104548343623,0.0,0.0,0.025220846856032715,0.011044296102930173,0.0214277805197383,0.027961421184293473,0.0,0.007545571542640177,0.0,0.01581227415548664,0.0,0.0,0.0,0.010152636129525973,0.0,0.0,0.0,0.02879474680292958,0.0,0.009556867039754037,0.007545571542640177,0.02544956472601268,0.0,0.0,0.0,0.009510665899321612,0.0,0.0,0.0026030788781459605,0.018546669833980678,0.011994621825224046,0.0,0.003567877130554606,0.0019980913896730096,0.0,0.024590343819816653,0.012260078171991193,0.013284462592907331,0.034503947780041865,0.0,0.0,0.0190712469944066,0.0,0.0,0.024590343819816653,0.04320514359340758,0.015164741937163544,0.014395665934250429,0.0,0.0,0.0,0.006784088529674416,0.0,0.0,0.014496872356085606,0.0,0.0,0.0,0.0,0.0,0.0,0.0,0.0,0.014285441722329137,0.014496872356085606,0.0
ENSG00000130024.15,0.027520667039606303,0.020289161880777194,0.0,0.0,0.01056200536214092,0.0066093853520252654,0.0,0.0,0.0,0.01057513834461072,0.0,0.018896015843168648,0.004465234328612816,0.0,0.014442790825407885,0.00014946281632860145,0.0,0.01347041054999959,0.006329081374337575,0.0,0.010952771286696333,0.014721097512859459,0.03271287178160592,0.018896015843168648,0.0,0.0,0.002327412136987235,0.0,0.0,0.0,0.018843532529577704,0.0,0.0,0.018896015843168648,0.0,0.014467779816283905,0.0,0.0,0.0,0.0,0.0,0.0,0.0,0.0018927899512240047,0.014668614199268518,0.0,0.0,0.027781605210281293,0.004465234328612816,0.0,0.0,0.0,0.03333275119974322,0.0,0.0,0.006878844419401356,0.0,0.0,0.0,0.0,0.018896015843168648,0.0,0.019253083839029475,0.0,0.026776698838860715,0.0,0.0,0.0,0.010951869761280809,0.0,0.02013533485864231,0.0,0.0,0.0,0.0025850103235374525,0.006361914306727917,0.013436935941963428,0.0019241632793459001,0.007216152478626649,0.0,0.03186694505714086,0.016073524010226832,0.026136747700949755,0.0,0.0,0.011773291391872654,0.026776698838860715,0.0,0.0,0.0,0.0,0.0,0.0,0.0,0.0027249618541689904,0.0,0.0,0.0,0.0,0.008862398712404074,0.02837598452823435,0.0,0.0,0.0,0.0,0.0,0.0061743966404409,0.0,0.01266193359852441,0.03553624937525465,0.0,0.0,0.01342813668280288,0.0,0.0,0.007179883131559997,0.0,0.0,0.008674483314180404,0.0014665537102762013,0.0,0.0,0.014495274138998829,0.0,0.0,0.018374724703100732,0.0,0.0,0.0,0.0,0.0,0.0,0.0,0.0,0.024147773153508127,0.0,0.0032037210050821913,0.026518166278572845,0.0,0.0,0.0,0.0,0.0,0.0,0.0,0.001071294848691548,0.01615114375802936,0.020263349655651852,0.0,0.0,0.0015823347800010268,0.02564181628559372,0.0,0.0,0.0,0.01707644773814524,0.018156745511144684,0.0,0.0,0.029128850220502083,0.0,0.0,0.02285332669813115,0.028278931991300216,0.004031602481359128,0.0,0.0,0.015143875476434893,0.0,0.0,0.0,0.0,0.0,0.022484380496253772,0.0,0.0,0.0,0.0,0.0,0.007950960401232263,0.0,0.016836330999934153,0.005559666595658215,0.0,0.0,0.009777692926360146,0.0,0.0,0.005902463212907494,0.0,0.008893086443461852,0.0,0.0,0.0,0.0,0.0,0.0,0.0,0.005902463212907494,0.0
ENSG00000115271.11,0.004528480257852227,0.02911427600916045,0.0,0.01776253497697603,0.007529453597125126,0.0,0.011541986324177099,0.023004388683296337,0.0,0.032511197428098645,0.009638603770607837,0.013472561663600717,0.025977034109677468,0.0,0.0,0.0,0.0,0.0,0.0,0.0,0.022678422893748978,0.0042566565546400745,0.01745576792994164,0.013472561663600717,0.0,0.009638603770607837,0.0,0.009638603770607837,0.0,0.0031665303510080914,0.0,0.0,0.016472253583106514,0.013472561663600717,0.013094948596959415,0.0,0.010078093175054571,0.009638603770607837,0.0,0.0006444983495960746,0.015617405756223342,0.0,0.0,0.010509217004206442,0.0,0.011427764422430563,0.01871470075401581,0.009685672189129833,0.025977034109677468,0.0,0.006779481959126088,0.0,0.024147687215629123,0.0,0.0006920623860666893,0.0,0.0,0.0,0.0,0.0,0.013472561663600717,0.008030843003492355,0.02189292039596057,0.0,0.02581566479323196,0.005578525084082485,0.0,0.016839343054277707,0.014798480272292431,0.0,0.0,0.010402322572123899,0.017934498986586517,0.0,0.04357269417220453,0.016245025967653856,0.0,0.005335764048264791,0.0,0.0003388389240594515,0.01937502175816532,0.002942687802695576,0.024275175692422532,0.0,0.010689626957544576,0.0,0.02581566479323196,0.007005401153185702,0.02581444160804307,0.005578525084082485,0.005766900521819836,0.001941295559718649,0.0073268559592220145,0.021398674153136517,0.006873002242480629,0.01871470075401581,0.023004388683296337,0.0,0.0,0.0,0.0,0.0,0.0,0.0,0.0,0.0,0.02659224400774842,0.0,0.023293632791819938,0.012617713836717538,0.0,0.0,0.029745979233017018,0.0022672816925530526,0.018753424470517435,0.013542436826480875,0.0,0.0,0.014959747361095288,0.0,0.0061477787352695185,0.001941295559718649,0.007553608243250489,0.04168246964370843,0.0,0.014182692752271079,0.05196435135568295,0.0,0.0,0.0,0.0,0.0,0.002374888621421538,0.0,0.007068572556087355,0.0,0.0,0.001996194399126884,0.0,0.016216357399271707,0.0029204223344833496,0.0,0.005821436620414497,0.005193500240444043,0.0,0.008870263187526033,0.0,0.02103731862387548,0.0,0.0,0.0122853111104686,0.014895220600498648,0.0,0.028649891815347415,0.0,0.02238914841077423,0.0,0.0,0.014458044199375734,0.0,0.0,0.0,0.007926543489976012,0.02912655220274079,0.0,0.0,0.016980076200787758,0.004920167076111266,0.0,0.0,0.009006369889999331,0.0,0.007903979217379793,0.0,0.0012832395927993775,0.0,0.0,0.008383858086260097,0.0,0.053923086629965394,0.0,0.003209877255273441,0.000134062126399076,0.0008548478268831719,0.0013218685294424104,0.0,0.0,0.0,0.0,0.0,0.012415738485421705,0.0,0.0,0.0,0.0,0.0,0.0,0.03565199645778286,0.0,0.0
ENSG00000180096.12,0.022603894545034798,0.040235259004742285,0.0,0.021616189322747253,0.0,0.008255069497411512,0.009616137334514205,0.019858289341575946,0.0032439532489921194,0.040616851736971916,0.0,0.030161422641893688,0.04449162597100804,0.003833421037086747,0.0,0.0,0.0,0.028222630303714833,0.027568158420627167,0.0,0.029712864150169126,0.015368083032016283,0.026449374552969737,0.030161422641893688,0.0,0.0,0.0,0.0,0.0,0.014095542023588502,0.0009769304322686106,0.0,0.005837217470258636,0.030161422641893688,0.016954223892863052,0.0,0.021930800943438196,0.0,0.0,0.00871311207805437,0.006031577404882776,0.0,0.0,0.008802628572182683,0.0,0.011377434012704774,0.029638216067695802,0.007487997044471645,0.04449162597100804,0.0,0.007152039122599287,0.001836574936560087,0.03347818115869623,0.0007762496612763493,0.02711887317009346,0.00028678391571162337,0.0,0.0,0.0,0.0,0.030161422641893688,0.01099584128047515,0.01440665064445227,0.0,0.025456497183903377,0.035275573544884774,0.0,0.0,0.02171672695450934,0.007556124707098412,0.0015023822399724412,0.0021131271645335875,0.025222767667906862,0.0,0.041764642486058115,0.00566443313061242,0.038966061303569166,0.004003773518371549,0.023051693318515552,0.02794975115285678,0.04625420921416088,0.029263775904285062,0.005496618188456509,0.0,0.027903440677527452,0.005654779448535215,0.025456497183903377,0.0017315344323039633,0.03321890486356665,0.035275573544884774,0.0,0.0,0.00710756621537385,0.012538447598284479,0.02407497691882066,0.029638216067695802,0.019858289341575946,0.0018693053484801977,0.0,0.0,0.0,0.008432025475647378,0.022185728475093022,0.0022181676687897042,0.009409700419628374,0.022185728475093022,0.034852829059208154,0.0,0.02007406723836924,0.030355782576517835,0.0038264482530261795,0.007556124707098412,0.020267698198438967,0.0,0.0095376181182803,0.02258947457889291,0.0,0.0017921020293346496,0.0137339215419146,0.00272105748486301,0.027119599928902605,0.0,0.02439739996412993,0.01643730678154255,0.0,0.015795741904839677,0.04441225319439064,0.0,0.0,0.0,0.01546048175075794,0.0,0.005139374728418425,0.010289544765558649,0.024090647800646264,0.0,0.0,0.011362182718588083,0.0,0.0029336875832126005,0.0028807402597984255,0.016036434417611704,0.009823124273568965,0.0,0.0,0.017149386390667484,0.0,0.039910555222055416,0.0,0.0,0.023391703010333165,0.014373331672612476,0.01584207448298755,0.00980258726054653,0.016036434417611704,0.02466455927782442,0.007637904884306004,0.021030873468451963,0.017530539397826575,0.008330154111389043,0.000681719929919021,0.01584207448298755,0.0457236509153596,0.04766244325353845,0.0,0.0,0.022912969343360713,0.0,0.0,0.0,0.009480987173954993,0.017540612857098986,0.0,0.006912254934355835,0.028299074585703007,0.003260406362147056,0.0,0.013033393554425295,0.0,0.0410669376000121,0.03567450733579138,0.0502572512589272,0.008230621698455488,0.003066046427522909,0.023167896875015546,0.010265267462100852,0.0,0.0,0.012423140800329475,0.01584207448298755,0.04980869276720263,0.0,0.02980782032132827,0.0,0.020393626445758376,0.01584207448298755,0.01584207448298755,0.04016856774454198,0.012423140800329475,0.0
ENSG00000118046.16,0.0083539840803055,0.031829380031330255,0.0,0.0,0.0,0.010447881074626849,0.017260197490634552,0.03671103086524191,0.0,0.0355309625135542,0.0,0.020789032255498663,0.029574260471915737,0.0056685594865759775,0.008785956460959327,0.0,0.001292673683539844,0.018805984148149275,0.0051144290138483844,0.0020821342938071793,0.03577376069274938,0.0,0.012871048005346192,0.020789032255498663,0.0,0.0,0.0,0.0,0.0,0.0,0.013287415423740036,0.0,0.003611697553563685,0.020789032255498663,0.0,0.0,0.005541554156743032,0.0,0.0,0.0,0.0,0.0,0.0,0.015234232780173891,0.0,0.0,0.0046042912685528015,0.016666420317205416,0.029574260471915737,0.005454055535352768,0.011741054377576672,0.0,0.030893095812318364,0.0,0.015226148900424903,0.0,0.0,0.0,0.0,0.010757169153361435,0.020789032255498663,0.0,0.010823809180309694,0.0,0.038028880252163916,0.0041771661256581605,0.0,0.0014264480016686724,0.022635405785276404,0.0,0.01737526143484568,0.0,0.026293933070270316,0.0,0.047052182046113736,0.01617522557563455,0.012258692844682048,0.0,0.013457178587436527,0.00881601149607232,0.03510383737065955,0.029330316832066862,0.00042735059312819235,0.0,0.019946100577711866,0.0,0.038028880252163916,0.0,0.03943228797774329,0.0041771661256581605,0.0,0.0,0.0030495961680502975,0.008326864444431537,0.014772713537710785,0.0046042912685528015,0.03671103086524191,0.0,0.0,0.0,0.0,0.0,0.004314552533291608,0.0,0.0001038109749504218,0.004314552533291608,0.03102950355077349,0.0,0.03722900377160714,0.01610817940164166,0.010329065341288468,0.0,0.02347127695780784,0.0,0.002589371984700599,0.007695969591269322,0.0,0.0,0.01516015291811263,0.0,0.02009915745109911,0.0,0.01628757329271796,0.029301558356670532,0.0,0.0053565429907708045,0.04034439707189433,0.0,0.0,0.0,0.0,0.0,0.0,0.0,0.026972188700222114,0.0,0.0,0.009188334964316196,0.0,0.0,0.01282277075776201,0.0,0.0,0.0,0.019074075992762788,0.02014345114613347,0.021316945398241225,0.03129702116330605,0.0,0.0,0.004589175356394838,0.013756606273145906,0.0005077363259380976,0.024986230407735927,0.0,0.03468303524932189,0.01939910794555453,0.015065339620294174,0.0,0.01239818887644066,0.003005654064547815,0.0005077363259380976,0.037068168377292814,0.0390512164846422,0.0,0.0,0.0,0.0047882795849888,0.0,0.0,0.008131418006278014,0.0056533920052239395,0.0,0.007943224274874275,0.029393307116217723,0.0,0.0,0.0,0.0,0.032522416065157544,0.014926224098771791,0.03306120798667379,0.002214084544330343,0.0,0.0,0.0006030639458336415,0.0,0.0,0.0,0.0005077363259380976,0.04804593642392451,0.0,0.009927171243100351,0.0,0.007717750210847446,0.0005077363259380976,0.0005077363259380976,0.024566000219030694,0.0,0.0
ENSG00000117984.14,0.008880802268465233,0.05192589643189474,0.00814412469921695,0.04801026979375218,0.013818692913587803,0.0,0.01054787936689142,0.02249629320519663,0.033975617290842586,0.04018565392634679,0.014750517066062289,0.011798313347531099,0.04286119484779431,0.0,0.0,0.02193262907681762,0.01298019550387406,0.00844560750135023,0.028916415408796272,0.0,0.023190114710413504,0.0066905194129741954,0.03128734882360847,0.011798313347531099,0.01094361346998685,0.014750517066062289,0.0,0.014750517066062289,0.0,0.016165836574628355,0.0,0.01094361346998685,0.016857515229577402,0.011798313347531099,0.03366298497454743,0.0,0.04452122029326429,0.014750517066062289,0.014047702878484572,0.0,0.012387677433014593,0.0,0.0,0.008977304528570134,0.0,0.020683048067797694,0.033845995412090206,0.0,0.04286119484779431,0.0,0.02485014015588348,0.007748806595236482,0.01856503334816745,0.0,0.01881865306050175,0.0,0.009301133312733433,0.0,0.0006147542071152923,0.0,0.011798313347531099,0.03242329057334564,0.014582155030520877,0.0,0.03225481629451393,0.018241190527622193,0.0,0.007141738714469083,0.013201124183414608,0.004335440629323936,0.002544720710136096,0.01547040771722915,0.015622053722626723,0.0,0.0413070756671727,0.0013732946306257224,0.0,0.0,0.0020572099791961694,0.017176172903248334,0.024580849041878777,0.010287628460215206,0.01758295080156267,0.0,0.008509710688978617,0.0,0.03225481629451393,0.02721065022277709,0.025611044249625618,0.018241190527622193,0.021138914588216356,0.025970955821575305,0.015727241992206348,0.027475469877582998,0.014500631981800814,0.033845995412090206,0.02249629320519663,0.018064528910427837,0.010172838471350518,0.0,0.019019203335196383,0.008273050058080041,0.011466640705483738,0.0,0.005450825011772412,0.011466640705483738,0.0344761217285822,0.0,0.014805041591201393,0.007328475550968289,0.0036157048083546098,0.004335440629323936,0.036467819816099534,0.009109248790332383,0.01480860697222671,0.01704835177396538,0.0,0.0,0.01051663614565386,0.0,0.04030821677167868,0.025970955821575305,0.006088781149766503,0.042452708354934574,0.01727864887639781,0.02681687554759879,0.04437637302672506,0.0,0.005060633498401759,0.0,0.024061171029437403,0.019826783666457355,0.03359754593919953,0.01767277350728335,0.0039220357640387185,0.0,0.0031794107714143705,0.0,0.006388397522154067,0.04572063508487702,0.0003653325371301003,0.007851090727326655,0.03966597591390542,0.02477943771953225,0.0,0.006776711408502556,0.0,0.0254351368602845,0.0,0.004326660477803182,0.015269945507807622,0.0,0.012320928523889461,0.04283961649967972,0.007851090727326655,0.02411111572647079,0.0,0.008107925002303857,0.028990751032731337,0.0,0.004390090892056608,0.012320928523889461,0.020530104296606694,0.023882810142787557,0.0,0.0019026286016891533,0.04644052573604387,0.01090813217770134,0.0,6.938893903907228e-18,0.012287892839527241,0.002703049665158608,0.02734504739001596,0.0,0.008669416137900406,0.00183527503361533,0.01857245111053102,0.03188331755549051,0.0,0.051341135803886495,0.006782502369113132,0.0152983449712902,0.0,0.006305112830178136,0.013385946148263324,0.027650056660224936,0.0,0.0,0.0,0.012320928523889461,0.02669014633417261,0.0,0.02303308777478402,0.002308407723701278,0.03141318338445541,0.012320928523889461,0.012320928523889461,0.04676934606612984,0.0,0.0
ENSG00000147813.16,0.0,0.0017708624501603445,0.0,0.0,0.0,0.0,0.0,0.0,0.0,0.027614880508352837,0.0,0.006535898295182606,0.024125292230772172,0.0,0.0,0.0,0.0,0.0,0.0,0.0,0.015248268159562414,0.0,0.0,0.006535898295182606,0.0,0.0,0.0,0.0,0.0,0.0,0.0,0.0,0.01715289149676847,0.006535898295182606,0.0,0.0,0.0,0.0,0.0,0.0,0.0027448438104494197,0.0,0.0,0.0,0.0,0.0,0.0,0.0,0.024125292230772172,0.0,0.0,0.0,0.0,0.0,0.0,0.0,0.0,0.0,0.0,0.0,0.006535898295182606,0.0,0.0,0.0,0.0,0.0,0.0,0.0,0.0068423630116489775,0.0,0.0,0.0,0.0,0.0,0.017928367672573123,0.0,0.0,0.0007077797821730056,0.0,0.0,0.017775813805213876,0.0,0.0,0.0,0.0,0.0,0.0,0.0,0.0,0.0,0.0,0.0,0.0,0.0048546017934258945,0.0,0.0,0.0,0.0,0.0,0.0,0.0,0.0,0.0,0.0,0.0,0.0,0.028449558055690105,0.0,0.019572533984480344,0.0,0.0,0.0,0.0,0.0,0.0,0.0,0.0,0.0,0.0,0.0,0.0,0.0,0.0073705758425198775,0.0,0.0,0.0,0.0,0.0,0.0,0.0,0.0,0.0,0.0,0.0,0.00066788683516638,0.0,0.0,0.0,0.0,0.0,0.0,0.0,0.0,0.0,0.0,0.00486470574971247,0.0,0.014555380835223876,0.0,0.0,0.004402996497296335,0.0,0.0,0.0,0.0,0.0,0.0,0.0,0.0,0.0,0.0,0.0,0.0,0.011297321721069759,0.0,0.0,0.0,0.0,0.0,0.0,0.0,0.0,0.0,0.0,0.0,0.0,0.0,0.0,0.0,0.0,0.0,0.0,0.0,0.0,0.0,0.0,0.0,0.0,0.0,0.0,0.0,0.0,0.0,0.0,0.0,0.0,0.0,0.0,0.0,0.0
ENSG00000177732.8,0.027222093848984136,0.03161199184760065,0.0,0.0048569191354509225,0.0,0.0,0.0,0.009422320473615582,0.0,0.03467124684030815,0.0,0.026791440121611027,0.029064138044707963,0.0,0.0,0.0,0.0,0.0074596773199428965,0.012461849708262446,0.0,0.009145161697766042,0.011453110467482708,0.03056076405038324,0.026791440121611027,0.0,0.0,0.0,0.0,0.0,0.0,0.0,0.0,0.0026889457369421894,0.026791440121611027,0.0013512859313994097,0.0,0.0,0.0,0.0,0.0,0.010670963675227588,0.0,0.0,0.0,0.0,0.0,0.0055425490632202284,0.006572536949430906,0.029064138044707963,0.0,0.0,0.0,0.03683691234520506,0.0,0.0,0.0,0.0,0.0,0.0,0.0,0.026791440121611027,0.0,0.019072327758451788,0.0,0.011693015500658738,0.019758226739889764,0.0,0.003967477523641138,0.027724573196210155,0.0,0.0,0.0,0.03169942553131215,0.0,0.045242458875050184,0.004503157089329274,0.03637032831663006,0.009530273891243973,0.0025827732814640014,0.015521104700969936,0.04888692451697768,0.01769761274939468,0.02052920372639147,0.0,0.033307743998104905,0.004241297675709951,0.011693015500658738,0.0,0.013120014032868044,0.019758226739889764,0.0,0.0,0.0,0.016261027957213608,0.021128213496570125,0.0055425490632202284,0.009422320473615582,0.0,0.0008885507148260335,0.0,0.0033489373387654217,0.0,0.01806255624236182,0.0015741806425953395,0.006012544070589189,0.01806255624236182,0.037212698381700035,0.0,0.017293722034758117,0.03477345805989643,0.0,0.0,0.015123616247834183,0.0,0.014645816010329583,0.028575385551565344,0.0020048343699684557,0.0,0.00195622233868005,0.0,0.0,0.0,0.02933289166300291,0.01630245929947196,0.0,0.016300138097305503,0.04156204640330518,0.0,0.0,0.0,0.005197629153118118,0.0,0.00596293575126354,0.00032072511463921566,0.008924340644047776,0.0,0.0,0.0044780903329419836,0.0,0.0,0.0,0.01623890208411101,0.0,0.0,0.0,0.02005719329129961,0.0,0.03908125242044148,0.0,0.0,0.013671525853082352,0.033116346300352276,0.008256884145825608,0.003385972305851595,0.01623890208411101,0.015912740476094672,0.0,0.004826283398650162,0.0,0.0031402631503738496,0.0,0.008256884145825608,0.027300853829685647,0.04663261663135376,0.0,0.0,0.0,0.0,0.0,0.0,0.020237692412918444,0.028479556818701797,0.0,0.0,0.01452548659184906,0.00418888991233838,0.0,0.0,0.0,0.03630929815281257,0.0,0.03104989171162354,0.0,0.0,0.012494006184745443,0.0,0.0,0.0,0.01474405638662031,0.008256884145825608,0.013403613287778553,0.0,0.001340288531354518,0.0,0.0,0.008256884145825608,0.008256884145825608,0.018819925337686713,0.01474405638662031,0.0
ENSG00000100804.19,0.017535971824150613,0.025450198700108694,0.0,0.0,0.01944506363090915,0.0,0.0,0.0,0.0,0.02227042758570668,0.0,0.022004852505846148,0.008068005596719663,0.0,0.0044375363718669875,0.0,0.0,0.0,0.0,0.0,0.01068617888617069,0.002604701702464518,0.0307911915376167,0.022004852505846148,0.0,0.0,0.00240079553179072,0.0,0.0,0.0,0.0024032547111562733,0.0,0.0,0.022004852505846148,0.0,0.0,0.0,0.0,0.0,0.0,0.006511459303606061,0.0,0.0,0.0015737461975373138,0.0,0.0,0.0,0.0031466531729827246,0.008068005596719663,0.0,0.0,0.0,0.03744986425930316,0.0,0.0,0.0,0.0,0.0,0.0,0.0,0.022004852505846148,0.0,0.010841938813524056,0.0,0.02806837198955972,0.0,0.0,0.0026175822142511934,0.0227517703477736,0.0,0.0,0.0,0.008260695531859048,0.0,0.03287083521357124,0.0,0.0,0.005022008477268566,0.0,0.0,0.030843108188581436,0.0,0.020248545074318676,0.0,0.009548059350642318,0.0,0.02806837198955972,0.0,0.0,0.0,0.0,0.0,0.0,0.0,0.0,0.0,0.0,0.0,0.0,0.0,0.012733867509950633,0.0,0.0,0.0,0.0,0.0,0.0243047092464174,0.0,0.026922882535868425,0.034544932222581475,0.0,0.0,0.030814365006360422,0.0,0.0,0.0,0.0,0.0,0.0,0.0,0.0,0.0,0.02403913416655687,0.003580399598199474,0.0,0.019226214534639824,0.01031403879459259,0.0,0.0,0.0,0.0,0.0,0.0,0.0,0.00770329601132614,0.0,0.0,0.0,0.0,0.0,0.0,0.0,0.0,0.0,0.0,0.007000739069786301,0.0,0.022994247570132763,0.0,0.0,0.0,0.04293277525383053,0.0,0.0,0.0,0.02020635126091136,0.0,0.0,0.0,0.013521125329855277,0.0,0.0,0.0,0.040003207968563624,0.0,0.0,0.0,0.005591758792845007,0.0,0.0,0.0030984248442085874,0.0004840233943125896,0.0,0.0,0.0,0.0,0.0,0.0,0.0,0.01041733378873453,0.0,0.0,0.0,0.0,0.0,0.0,0.0,0.0,0.0,0.0,0.0,0.0,0.0,0.0,0.0,0.0,0.0,0.0,0.0,0.0
ENSG00000145907.15,0.02459545335884939,0.010381000467339141,0.0,0.008200193044566213,0.009376150960630786,0.0,0.0,0.0,0.0,0.0035941559646289964,0.009697850361366021,0.007069317067761281,0.007063093486540932,0.0,0.0,0.009152133219844517,0.0,0.0033333440722462943,0.01082875490696475,0.0,0.0,0.012858003388449502,0.01912196708999469,0.007069317067761281,0.0,0.009697850361366021,0.0060204415578882405,0.009697850361366021,0.0,0.0,0.0,0.0,0.0,0.007069317067761281,0.0182824592541017,0.0,0.0,0.009697850361366021,0.002610016637627638,0.0,0.010834414754862791,0.0,0.0,0.0,0.0,0.0,0.0,0.0,0.007063093486540932,0.0,0.0,0.0,0.008640176986385063,0.0007818646603918594,0.0,0.016463314355696805,0.0,0.0,0.0,0.0,0.007069317067761281,0.0,0.005159036334232769,0.0,0.0031683020267897558,0.011663873370116817,0.0,0.0,0.0,0.0014460422046685198,0.0,0.005216114167107346,0.0,0.007813231672576464,0.0,0.0,0.012665647011846262,0.0,0.007016976456944421,0.004041910404254605,0.01558421550228796,0.005344110398231908,0.013993917120145562,0.0,0.0,0.002962498614644038,0.0031683020267897558,0.012002958669817487,0.0,0.011663873370116817,0.006014217976667895,0.0,0.0,0.0,0.0005729728823426795,0.0,0.0,0.009334353566750307,0.0,0.0,0.006605587753347089,0.0,0.0,0.0,0.0,0.0,0.0,0.0,0.0,0.02282944856785907,0.0,0.0014460422046685198,0.0,0.0,0.0043018246243143946,0.01430192047556545,0.004129599287878337,0.0,0.007318110897471315,0.0,0.003609832885195015,0.0,0.0016147056167355178,0.0,0.0,0.008058242216046826,0.0,0.005315575049289374,0.0,0.0,0.0,0.0,0.0,0.0015203217768142915,0.0,0.0,0.008136663620703505,0.020033065347716383,0.010466823450504044,0.0034049404656038493,0.0,0.00680997638950382,0.0,0.0007504278643671244,0.0,0.0,0.0,0.008046761438465149,0.0,0.0,0.00891983076079099,0.006368445531098554,0.0,0.0,0.00680997638950382,0.00682613792568517,0.0,0.0,0.0,0.015233571020288862,0.0,0.0,0.002544783651959849,0.006280756647474829,0.0,0.0,0.0,0.0,0.0,0.01415045583520217,0.00046455972840678955,0.0,0.008947240800253345,0.002636190747730263,0.0,0.0,0.0,0.0,0.01415045583520217,0.00804788471742409,0.007129239245773258,0.006317355179615777,0.0,0.0,0.0,0.010060089776139501,0.0,0.0,0.018292456248535163,0.0,0.0,0.0,0.0,0.0,0.0,0.0,0.0,0.008249069247951962,0.018292456248535163,0.0
ENSG00000107874.11,0.012508917557027249,0.018786317702137727,0.0,0.005034234652690553,0.01397325064353154,0.01140659284389368,0.009759694375217856,0.02058667340589254,0.0,0.02896734937510627,0.0,0.02166496859395673,0.022067841947138754,0.0,0.0015126506522634524,0.002351665379973715,0.0,0.0067206071328482775,0.0,0.0,0.030870829824104995,0.009456638102207954,0.017129718281216844,0.02166496859395673,0.0,0.0,0.0,0.0,0.0,0.0017460246762858941,0.015313268687592071,0.0,0.00803054669753011,0.02166496859395673,0.005228420997774659,0.002901786963679577,0.0027047285399369493,0.0,0.0,0.0,0.007175698870646938,0.0,0.0,0.014916408018675678,0.0031049381958432945,0.0024636824622977574,0.013291871848084252,0.022824875187340082,0.022067841947138754,0.0,0.011507716416903194,0.0,0.026393075091291903,0.0111542021228625,0.006834959003030272,0.0,0.0,0.0,0.0,0.011512991632501402,0.02166496859395673,0.0,0.021729768272537527,0.0,0.027589305579103975,0.008203012783856833,0.0,0.0033922840605096344,0.013768666663977368,0.004587795284855929,0.005830483260509688,0.008821806522200187,0.01657410835749491,0.0,0.030845049155955595,0.030074659710867917,0.0,0.004655244694805966,0.010099147417569156,0.007796901148678068,0.02387849031087884,0.018813410742566428,0.02120216619456799,0.0,0.010669792252145646,0.0,0.027589305579103975,0.0,0.033676271517622536,0.008203012783856833,0.0,0.0,0.013793656515004197,0.008143303210827166,0.014696408576645583,0.013291871848084252,0.02058667340589254,0.0,0.0,0.005461004572707789,0.0,0.0,0.0,0.0,0.0,0.0,0.015166731339777646,0.0,0.02396971921674389,0.02081012076707356,0.00940451848726711,0.004587795284855929,0.02347230341318313,0.003591534512890633,0.009981140564164472,0.010680010472156248,0.0,0.0,0.02123266608288093,0.0009301838216521051,0.006821730705857801,0.0,0.007864350558628105,0.03982566871524853,0.0,0.01689646350480053,0.036072936090107026,0.0,0.0,0.0,0.0,0.0,0.0,0.0,0.024077806684364437,0.0,0.0,0.018300295932155836,0.0,0.0,0.010906632642127524,0.0,0.0,0.0,0.012225968378872906,0.009221651364201597,0.009829804848020422,0.02736762241711634,0.0,0.0,0.01725900912532668,0.017398142265949948,0.0,0.01954055519939016,0.0,0.03489955153617585,0.009987841612135076,0.0016024173855077872,0.0029803859189931267,0.012111456127543913,0.0,0.0,0.020724464166054196,0.03566882562716265,0.0,0.0,0.006599972281353214,0.008031036942644287,0.0,0.0,0.009434390926020553,0.0,0.0,0.00799007591337279,0.01792347312488539,0.0,0.0,0.003703005232403099,0.0,0.03951503894364635,0.003793128025947022,0.01574995697200876,0.01589419362649687,0.0,0.0,0.008056633265236327,0.0,0.0,0.0,0.0,0.024955818202157032,0.0,0.0,0.0,0.0001430594362992338,0.0,0.0,0.026764113407464783,0.0,0.001977532324641984
ENSG00000135341.18,0.016572598629999737,0.03496780498951693,0.0,0.00041197860885586884,0.016346476971378254,0.013109467357520159,0.015217839987568232,0.044277697999446336,0.0,0.04759975293019966,0.0,0.0371674780051065,0.04265936599580972,0.0,0.008356090965360899,0.0,0.001024539646043647,0.010535277505547301,0.004605311142683116,0.0,0.04188383135280885,0.0017054017683792375,0.030185078856191747,0.0371674780051065,0.0,0.0,0.0,0.0,0.0,0.0,0.014705155995571945,0.0,0.017341694342839182,0.0371674780051065,0.004862788536380183,0.0,0.012671388985359196,0.0,0.0,0.0,0.013911352668162479,0.0,0.0,0.005606758548279873,0.0,0.014576013121528588,0.011093348140497727,0.0,0.04265936599580972,0.0,0.01189585434235832,0.0008304359644449311,0.027432159447213677,0.0,0.014942592967279199,0.0,0.0,0.0,0.0,0.0,0.0371674780051065,0.001944065180845847,0.0,0.0,0.034192270346516056,0.003027270297821648,0.0,0.026609925023919942,0.03833547451204121,0.0,0.0009485345220613603,0.0,0.042913601734588816,0.0,0.06833570864703267,0.008851481174582232,0.004105247579036311,0.0020180763408940566,0.006157018731244995,0.017237259083365854,0.03953367508752359,0.018827921522782065,0.0005470467213289643,0.0,0.035396540197443066,0.0,0.034192270346516056,0.0,0.046461958575356455,0.003027270297821648,0.0,0.0,0.0,0.0023181571796751996,0.022177646017755792,0.011093348140497727,0.044277697999446336,0.0,0.0027810143734858066,0.0,0.0,0.0,0.010888194053154804,0.013462383905127667,0.0,0.010888194053154804,0.04125068789998862,0.0,0.04047515325698775,0.033737136330429796,0.0,0.0,0.03754199484148979,0.0,0.018489479890710085,0.008414122621615075,0.0,0.0,0.01573314183363432,0.0,0.009321664490385462,0.0,0.03081841297489546,0.02356838048748172,0.0,0.029807903205854042,0.05962222030695723,0.0,0.0,0.0,0.0015780408448614683,0.0,0.01104568079104809,0.0,0.033787291159677345,0.0,0.0,0.008814153010268284,0.0,6.887327686391775e-05,0.0005206804661312542,0.010779647110867499,0.009644118687537548,0.0,0.01608017496084662,0.033426349592144966,0.012492965657077491,0.04285546981991298,0.0,0.0,0.009114746251521644,0.03565025296699809,0.01420998878554421,0.04061709358292098,0.010779647110867499,0.04042740921418867,0.0,0.010860264290570472,0.00806607784267608,0.003186535704464373,0.0008025062018605991,0.01420998878554421,0.03338780702078384,0.06002000752034305,0.0,0.0,0.001783194932204385,0.013382540669240092,0.0,0.0,0.023237095582403194,0.010654100383603982,0.0,0.0026401764564701127,0.017083782593517997,0.0,0.0,0.004131109044476063,0.0,0.015034486597054975,0.0,0.029729044639839657,0.0013281921447317671,0.0021084731452342895,0.0,0.009576997461706524,0.0,0.0,0.0,0.01420998878554421,0.034445397987542,0.0,0.004962874043182387,0.0,0.005632439758985849,0.01420998878554421,0.01420998878554421,0.026927196461614046,0.0,0.0
ENSG00000144283.21,0.005465187334570534,0.04659105340265039,0.0,0.010651917771921413,0.010330467631306822,0.0,0.0020071782847985997,0.022708454231891557,0.0,0.02891457538895134,0.0,0.012691430406752593,0.02358757334410478,0.0,2.7932035259387034e-05,0.0,0.01721160293973875,0.0,0.009660589903826504,0.0,0.012130456981725345,0.009277098949164467,0.017976978588058114,0.012691430406752593,0.0,0.0,0.0,0.0,0.0,0.01680358965937072,0.0,0.0,0.0,0.012691430406752593,0.017748723652755774,0.0,0.012486252720791242,0.0,0.0,0.0016359934805603854,0.005899597400129887,0.0,0.0,0.012036425888713745,0.0,0.0,0.0004197920514003445,0.002054484557005208,0.02358757334410478,0.0,0.0010291363584118002,0.004098991618327781,0.033219294112764954,0.0,0.001587574421750941,0.0,0.0,0.0,0.0,0.0,0.012691430406752593,0.010094999969385836,0.015213463219471993,0.0,0.03513393704027097,0.0,0.0,0.007878729875511758,0.013612605011999433,0.0,0.01655392523994602,0.0,0.017840908416227787,0.0,0.04944436987020513,0.019949741388664108,0.0,0.0,0.0,0.0,0.026088912571986596,0.0,0.00774641748295956,0.0,0.019428615645869677,0.0,0.03513393704027097,0.0027995468725299094,0.016358760385953706,0.0,0.0,0.0,0.0,0.010654613901582483,0.0,0.0004197920514003445,0.022708454231891557,0.0,0.0,0.0,0.019216921006875828,0.0,0.0,0.0,0.0016233752657945216,0.0,0.031423457223840066,0.0,0.019966340861460638,0.022854035925011257,0.0,0.0,0.038520573282262965,0.0,0.010127900804358242,0.006440782135630735,0.0,0.0,0.007441130682602298,0.0,0.009099616478799252,0.0,0.015200312241641322,0.03149029058925328,0.0,0.013243547596242806,0.04738291080214455,0.0,0.0,0.0,0.002489463207684374,0.0,0.0,0.0,0.0050533048744207595,0.0,0.0,0.0,0.0,0.008148807363008347,0.0,0.0,0.005315126024649119,0.0,0.0,0.006022824896145668,0.0,0.01640890404095574,0.0,0.0,0.0,0.021009911273715688,0.0,0.018313993882166223,0.0,0.03227845701818705,0.0017633164030201945,0.0,0.0,0.0004159979530079169,0.0,0.0,0.015132317113470323,0.033797752631396456,0.0,0.0,0.008416261534068555,0.0,0.0,0.0,0.0,0.006280430668779237,0.0,0.0,0.0,0.002105972253022337,0.0,0.0,0.0,0.04231579379517391,0.007196757644162,0.01986823382943006,0.0,0.0,0.0,0.0,0.0,0.0,0.0,0.0,0.019307260404402816,0.0,0.0,0.0,0.009584043904419151,0.0,0.0,0.024208291887945592,0.0,0.0
ENSG00000100292.17,0.045455983446264996,0.03568452370724829,0.0,0.02799420625315952,0.03891372959628941,0.02980668918205067,0.0007803613682391131,0.03205814301734464,0.009909428385566344,0.04068172585206586,0.017600307939195012,0.04040138317119464,0.042782739874826996,0.006847088141191213,0.0017360016293971221,0.03496523963973849,0.0,0.032820149305511824,0.03962723672641433,0.012583070017091143,0.0336982459329096,0.03889325669975514,0.04042560385641977,0.04040138317119464,0.0,0.017600307939195012,0.02238287895209786,0.017600307939195012,0.0019986355062669957,0.0056569460799801505,0.024876769795754823,0.0,0.010683574830346664,0.04040138317119464,0.03566681490324694,0.016193049607816368,0.038995133306585515,0.017600307939195012,0.01073157757530182,0.0,0.014519184143543286,0.0,0.0,0.01370183739337131,0.023368643324315333,0.013687639568510181,0.03138725018345377,0.018725618600178184,0.042782739874826996,0.0,0.029910639364668125,0.013473008436595466,0.03174703778722129,0.007397748431764405,0.026272693616208202,0.011619380388017228,0.014691999398469196,0.0007209842610314959,0.005971942465539344,0.010864668903359923,0.04040138317119464,0.008690437423692614,0.023976576804686033,0.008020631318416661,0.0266000297653309,0.03201935360328257,0.007884911977566703,0.02276280456831621,0.04259345989928099,0.030224884441695146,0.0034536770440458803,0.033428390335062966,0.044494536002893506,0.016360883139948195,0.042652837006488614,0.02400485778715814,0.022597299921275113,0.0028610605753001915,0.025656221588976617,0.044624438871231895,0.04131382927189466,0.036452391030014526,0.03240143638497388,0.0,0.019161691108449463,0.0,0.0266000297653309,0.028431188190245406,0.03559932203652212,0.03201935360328257,0.024764235655730212,0.0014548107106910763,0.02352174720341011,0.007662737066194213,0.04252342484847077,0.03138725018345377,0.03205814301734464,0.024115508487079478,0.015077166651118783,0.0016769905386615283,0.005231087322892361,0.0,0.021483670704874194,0.018470210581413037,0.011916879220200818,0.021483670704874194,0.01754095768570816,0.013958019371810019,0.008456463743790766,0.044236992484391266,0.007826375120083974,0.030224884441695146,0.03267106358378714,0.009159147052023961,0.016420260247155816,0.01324347012761828,0.023524810856483395,0.007084116275337449,0.026758713459583312,0.0,0.032924099488129285,0.0014548107106910763,0.01726061500483694,0.0307736000250695,0.010265534529687106,0.04680444078248902,0.04074690399553031,0.019603653320324602,0.0,0.015601270562877134,0.02628257010164525,0.018015253310872184,0.053219573210612624,0.019118642385110043,0.0383931951470632,0.003963754441407903,0.0,0.036283867705598355,0.035192440617147644,0.020358067184356867,0.0,0.035115381559659445,0.025650466681816444,0.016690679779999648,0.0017425190267606125,0.03493194747903915,0.02506065849970973,0.05110993081348329,0.0,0.03151338548574396,0.038811390406707676,0.028791311836861063,0.03127977224646282,0.041878465244158405,0.035115381559659445,0.04423332856186061,0.019319315148574684,0.025208738428006586,0.018042583558684697,0.020611658369465012,0.01719807615972786,0.03127977224646282,0.04230970598592674,0.04989093985160957,0.003117221743425491,0.029909227271220633,0.03618614958022483,0.03881502339878726,0.027825047571733503,0.028028512900612444,0.05834721243134236,0.010355125167112733,0.02239920733596607,0.025718758201641028,0.023589250201817562,0.025548590074986065,0.01667203858344251,0.016392504914006546,0.028028512900612444,0.028683562472198096,0.002528323038533495,0.03639435371645193,0.018078288448051635,0.02171298076178945,0.018674686978513495,0.04452722464830596,0.0,0.0004986626815209547,0.021829456346523626,0.03127977224646282,0.029691216478166887,0.021516622832351957,0.008777559398365088,0.01138435299058755,0.031071593012979258,0.03127977224646282,0.03127977224646282,0.0388615823386682,0.021829456346523626,0.028363187345512228
ENSG00000245848.3,0.0382071083318312,0.044628453673149424,0.0,0.03124085055691629,0.02430881060048509,0.011183705348803561,0.01083093813061374,0.02253685221414299,0.026305686325443008,0.04123749623645796,0.01520053172850204,0.031029359053715407,0.04400863817985507,0.0,0.0,0.02302174212952755,0.003830972188644057,0.027578172188056436,0.03999033489718358,0.0,0.023277483847196447,0.03674439820679789,0.031716172363996695,0.031029359053715407,0.001692237638739616,0.01520053172850204,0.008480602243024486,0.01520053172850204,0.0013584143894062525,0.007907677099720962,0.005510882555991702,0.001692237638739616,0.017344710481974834,0.031029359053715407,0.03588575318165536,0.0,0.036575147184070386,0.01520053172850204,0.015481175124437231,0.0,0.02291466612022193,0.0,0.0,0.009318698600416925,0.011225921709074188,0.02130693524888285,0.035389517990395025,0.015884385601226216,0.04400863817985507,0.0,0.015843992851411755,0.017977963200096776,0.03922774905762984,0.0,0.018705858259266267,0.0024165772380981,0.019585756839965465,0.0009142444901761859,0.02090498170992341,0.0,0.031029359053715407,0.02469789268557432,0.035875122820973444,0.0,0.02389729934049079,0.038804705703508205,0.007173594130838314,0.016723435067607668,0.03246581227861728,0.02401803250412404,0.0,0.02617280042925795,0.034973245199691874,0.015505405400858974,0.04238250591905483,0.02135638780585937,0.017813548857617573,0.012830109239513388,0.021318822547394298,0.03659937746049212,0.044652683949571156,0.029491548023689237,0.02801590491441816,0.0,0.027918887116956056,0.0,0.02389729934049079,0.029563757865949405,0.025784916768271035,0.038804705703508205,0.02145988136916417,0.018375897369868374,0.016266157297605083,0.029097765698565196,0.033828235517095004,0.035389517990395025,0.02253685221414299,0.029913844004448815,0.010438338329926584,0.0,0.0,0.008436397400638895,0.03098147260265818,0.014587005763405311,0.025556537710716854,0.03098147260265818,0.03561959137862403,0.016339820149579774,0.014888437045965399,0.0365993146919625,0.0037213602775516205,0.02401803250412404,0.028233986833896562,0.0,0.025422099041296525,0.007377460173138055,0.0217647550415211,0.0184001276462901,0.0207024485291311,0.0,0.03223845969066462,0.018375897369868374,0.025411454195881467,0.025132982663732338,0.0,0.027381454047422135,0.04627967941276731,0.026975699775355983,0.0,0.007787185980593921,0.03487319246653511,0.021209799416311424,0.034387925679100734,0.02861384282587297,0.02250891620846519,0.012384538864673205,0.0,0.02342731584591885,0.025375831509462828,0.028308969153516043,0.0002739080214827494,0.03705219066809075,0.03145800475342192,0.016906990565130765,0.0,0.015724217366200756,0.0,0.045153446376756626,0.0,0.003686467766702034,0.035343243363785665,0.028711030317916924,0.03148223502984365,0.023724427951609763,0.03705219066809075,0.03499584971132645,0.011922196424961048,0.027145547536437886,0.03027237555974656,0.0016870569313902559,0.014142038133876475,0.03148223502984365,0.04009446587122896,0.04354565273688794,0.0,0.011226092636872222,0.039281237854271955,0.009845509544264185,0.02515781222387708,0.019116481868800696,0.04133540680742945,0.012080032408705907,0.01909225159237897,0.002776091926123478,0.007791294134886967,0.03162725577614943,0.010016233166775128,0.023767213686541246,0.019116481868800696,0.055111345989623514,0.007365044827744353,0.03463733965555199,0.004470445036420141,0.026057300137902327,0.03368756327285974,0.028605434491225573,0.0,0.0,0.011302921966682061,0.03148223502984365,0.02688546444903304,0.01324431219627089,0.02372383302720854,0.02179318482864609,0.022597578123143204,0.03148223502984365,0.03148223502984365,0.04921958291368996,0.011302921966682061,0.017967783584181878
ENSG00000164751.15,0.031247884633138417,0.05034767387825669,0.0,0.04185481412917832,0.009798658788522145,0.0,0.005312140299936249,0.016785325103448427,0.018946584642814412,0.03822752151327555,0.022101697484308368,0.023713837723130498,0.042106272342747386,0.0,0.0,0.011601843794153199,0.0005097939404266616,0.014282549861365765,0.03363031158904985,0.0,0.016590916055556477,0.02404233704763953,0.0434291825420562,0.023713837723130498,0.0,0.022101697484308368,0.008874832007517701,0.022101697484308368,0.0,0.004117881571366187,0.0,0.0,0.00903011077689506,0.023713837723130498,0.0397012117822132,0.0,0.02958315317133618,0.022101697484308368,0.011790619359187099,0.0,0.024313738530598296,0.0,0.0,0.0,0.0,0.014576013121528581,0.02726933764953931,0.0,0.042106272342747386,0.0,0.004067796884145273,0.013469300009719062,0.029523230000856795,0.0,0.004630985400531338,0.0021323222433877465,0.005719719166023748,0.0,0.0,0.0,0.023713837723130498,0.026696165486509726,0.010477915289514306,0.0,0.024832317591065776,0.03131649606725297,0.0,0.011385969796828505,0.0245504539981209,0.0011273221862271102,0.0,0.012363791522216682,0.02806009288386504,0.0037176254119196186,0.048656206002543716,0.0,0.013890650812138708,0.0056095821432886675,0.009116980718539537,0.021510159224068712,0.04227467993098922,0.014555645144736517,0.023221002672418584,0.0,0.029502058066874406,0.0,0.024832317591065776,0.02448394388719783,0.020100554941300617,0.03131649606725297,0.0272672666271346,0.011478897591494352,0.0,0.018211638640179644,0.017631408394596874,0.02726933764953931,0.016785325103448427,0.007963711672395887,0.01593462412437692,0.0,0.015886045365764725,0.0,0.02378874068206848,0.0013491476447379247,0.011037290751936057,0.02378874068206848,0.04050610297127532,0.0,0.014990746684084403,0.038997465476833734,0.0,0.0011273221862271102,0.027908080840926133,0.0,0.027823377416342436,0.03239530979149547,0.008883194554745847,0.003405903644226875,0.01647469922505727,0.0,0.026507389921475822,0.011478897591494352,0.025992419181130266,0.025493960116121324,0.0,0.029507872674769148,0.05133825283288933,0.004614326991117405,0.0,0.0,0.02711745151904927,0.00665871009289281,0.028140810450697773,0.021951882376223045,0.007694786832427206,0.0,0.0,0.0100632645996089,0.022522983516847915,0.040335954448611794,0.0,0.030280926907771368,0.0230702931013356,0.02043640793185511,0.0,0.008646223590527649,0.0,0.03348323840298888,0.0,0.0,0.016979152194619103,0.028605854577361322,0.014997299154068132,0.027709228394373786,0.030280926907771368,0.02775151594795961,0.0,0.011921535904207779,0.02075647757953873,0.0,0.0016020952318583567,0.014997299154068132,0.03180153138491945,0.04123281924668419,0.0,0.0,0.030598048486520105,0.0,0.0016853710118850812,0.017357414374021683,0.024960210895290172,0.014735509248655864,0.025430408321289157,0.0,0.0,0.01752947697763895,0.0,0.016980119981801205,0.017357414374021683,0.041223762289858655,0.0,0.026197125341798688,0.0,0.0022458492239357114,0.024803635997252396,0.0242304273944408,0.0,0.0,0.0,0.014997299154068132,0.019074203674224674,0.0,0.015392149225035089,0.0,0.00795969623751213,0.014997299154068132,0.014997299154068132,0.037837404779118955,1.3877787807814457e-17,0.0
ENSG00000108622.11,0.015727083990548327,0.02547942662188936,0.0,0.0,0.024907425958141945,0.019432782261723115,0.0009222509964496861,0.030639712095045513,0.0,0.03161009150921992,0.0,0.032145991927528546,0.02553628082533703,0.0,0.00832415254394794,0.005384993016815765,0.0013540637375141912,0.009276225759214218,0.0038069169336296185,0.0,0.039986419445186,0.013855399451540809,0.03048051348461485,0.032145991927528546,0.0,0.0,0.0,0.0,0.0,0.0,0.022255584224695025,0.0,0.0,0.032145991927528546,0.0028487743788434064,0.011459313745903175,0.007353762333947012,0.0,0.0,0.0,0.0,0.0,0.0,0.015071167714572828,0.003964991748707292,0.0,0.0,0.014629261394508479,0.02553628082533703,0.003129074677878551,0.021803900953795977,3.2041755391440385e-05,0.030577830889315594,0.0008887556130938758,0.008170313614739196,0.0,0.0,0.0,0.0,0.008856424070966293,0.032145991927528546,0.0,0.0076486457341586045,0.0010720209062264688,0.03992956524173833,0.0,0.0,0.011107285041573087,0.024201659752958335,0.0,0.01592111848759214,0.0,0.027754222756474108,0.0,0.04335292176085094,0.023176040244158435,0.0014811912061604912,0.0,0.0033680049539430434,0.009937581820960186,0.02806324610890254,0.020304974622183163,0.015140261172107483,0.0,0.021767123250297234,0.0,0.03992956524173833,0.0,0.04353898244870177,0.0,0.0,0.0,0.0,0.0,0.016011392504843087,0.0,0.030639712095045513,0.0,0.0015219626271527273,0.0,0.0071692553959046,0.0,0.0,0.006162706642722001,0.0,0.0,0.01767865982847284,0.0,0.03212879844832181,0.033549224777696104,0.0,0.0,0.03563598312439826,0.0,0.002986839908363223,0.0052780937103931655,0.0,0.0,0.014391893888310893,0.0,0.011647344451287088,0.0,0.01821456024678146,0.03830335936620301,0.0,0.031499097771746164,0.03482432419955596,0.0,0.0,0.0,0.0,0.0,0.0013463554906076036,0.0,0.03547848572556947,0.0,0.0,0.013151356983318069,0.0,0.0,0.0033570790212684234,0.0014032328501675656,0.0,0.0,0.01875668109751087,0.019964589960459588,0.017643745848165738,0.03205709596868944,0.0,0.0,0.004107712214623457,0.02968545364061881,0.0,0.032968083511918725,0.0014032328501675656,0.05048681590730647,0.013559836981219531,0.004293582117340072,0.0,0.024738467320469228,0.008319473732518415,0.0,0.027009470587522892,0.04987923675583721,0.0,0.0,0.0,0.018203090823446687,0.0,0.0,0.013464143040227333,0.002567498319568158,0.0,0.019515751365139205,0.019389279267487743,0.003917817630580623,0.0,0.0,0.0,0.012863958655004594,0.0,0.022356713042730486,0.008950155110593973,0.002514584780413054,0.0,0.015187014806014691,0.0,0.0,0.0,0.0,0.03019714056038794,0.0,0.0,0.0,0.0060334985871955335,0.0,0.0,0.015979938157756904,0.0,0.0
ENSG00000143621.17,0.01367269923275069,0.01920500888163551,0.0,0.0,0.005140397205691927,0.0,0.0,0.0,0.0,0.014080628648778251,0.0,0.018269755352720116,0.0,0.0,0.014871158778274815,0.0,0.0,0.0,0.0,0.0,0.0069510817330446575,0.0,0.027951965534711996,0.018269755352720116,0.0,0.0,0.0,0.0,0.0,0.0,0.011555945670575898,0.0,0.0,0.018269755352720116,0.0,0.0,0.0,0.0,0.0,0.0,0.0,0.0,0.0,0.004569752014732385,0.0,0.0,0.0,0.015019744920337766,0.0,0.0,0.0,0.0,0.03616555501426583,0.0,0.0,0.0,0.0,0.0,0.0,0.0,0.018269755352720116,0.0,0.008101214947849829,0.0,0.026498803060616388,0.0,0.0,0.0,0.019486986903176587,0.0,0.016612662220077574,0.0,0.004796016214040785,0.0,0.025174584250341636,0.0,0.0007933192673489284,0.0019684389879598904,0.0,0.0,0.030924232656034917,0.0,0.015748266114812226,0.0,0.006893997771283231,0.0,0.026498803060616388,0.0,0.0,0.0,0.0,0.0,0.0,0.0,0.0,0.0,0.0,0.0,0.0,0.0,0.01777354322506179,0.0,0.0,0.0,0.0,0.0,0.017395841756477168,0.0,0.024689635935458042,0.030809835069455442,0.0,0.0,0.02097387267303518,0.0,0.0,0.0,0.0,0.0,0.0,0.005670793337203335,0.0,0.0,0.021584968460419032,0.0,0.0,0.01217825322581556,0.0007046947337998252,0.0,0.0,0.0,0.0,0.0,0.0,0.0,0.015869670706189505,0.0,0.0,0.0064882914072115425,0.0,0.0,0.0,0.0,0.0,0.0,0.0,0.008192200812881398,0.010373092574501752,0.01813315947018513,0.0,0.0,0.0,0.035757316086019036,0.0,0.0,0.0,0.012974896858307092,0.0,0.0,0.0,0.019388854157009354,0.0,0.0,0.006670248011251871,0.03527029530688988,0.0,0.0,0.0,0.011400840393332778,0.0,0.0,0.0,0.0014372759933911905,0.0,0.0062269925271100784,0.0,0.0,0.0,0.0,0.0,0.0017049639243547285,0.0,0.011318673619675465,0.0009015668421539641,0.0,0.0,0.0,0.0,0.0,0.0,0.0,0.0,0.0,0.0,0.0,0.0,0.0,0.0,0.0,0.0,0.0
ENSG00000044115.21,0.02301692418215845,0.037532266435571025,0.0035362346773934253,0.03197625920002721,0.018620680784717108,0.003854646109694805,4.004426069452449e-06,0.0218352579485806,0.006476596289369172,0.025756534954514018,0.017892247077933878,0.01925685394754139,0.028384170769798763,0.0,0.0030969182800468648,0.015903542576657777,0.018866099870362724,0.012745550144633144,0.026314155321586163,0.0,0.013977075002934287,0.027911198130007912,0.03688471647017534,0.01925685394754139,0.005947663541304046,0.017892247077933878,0.015619328019693748,0.017892247077933878,0.003996040859905535,0.02275621241601379,0.007841024906613592,0.005947663541304046,0.0,0.01925685394754139,0.031931708008457065,0.011005731641764167,0.026550568108905197,0.017892247077933878,0.009821229917999948,0.0062363743083900455,0.01165483257889351,0.0,0.001800965284998235,0.013662609454673978,0.016495369089080114,0.003176332237264212,0.01836381144703915,0.008449793603801738,0.028384170769798763,0.0,0.012143472342040721,0.012679144660081094,0.026657358793104626,0.0,0.016282410150704155,0.0017322775837353213,0.004203677231129049,0.0,0.0,0.0,0.01925685394754139,0.014952063718321223,0.02027080796054573,0.021806283229975378,0.02312517066870655,0.018127398659720115,0.0,0.013753191217588598,0.021014135650516505,0.0007610271958297284,0.013617326578986993,0.013232977646717874,0.023391718857157573,0.0,0.03723746578642719,0.023525259749310527,0.011548325034832899,0.0007353506762752329,0.005891152380615897,0.014538423840529155,0.025520122167194983,0.006394596293318271,0.03008941594068869,0.0,0.016890330527615734,0.0,0.02312517066870655,0.0250087091277749,0.016354658209575355,0.018127398659720115,0.024746644841951118,0.008029064837639044,0.0,0.012551727192843667,0.011910788025244402,0.01836381144703915,0.0218352579485806,0.012121526754526511,0.01451586093201214,0.0,0.022199499175062774,0.0,0.009794317213962424,0.000903413179024086,0.010931553839872068,0.009794317213962424,0.021012428327947287,0.005800720039550785,0.006605332561082811,0.0314923916111105,0.0,0.0007610271958297284,0.028641362400632687,0.011387991442178835,0.014032415785534571,0.021072158059570814,0.004663483413641149,0.0,0.0157354670162193,0.0,0.02103437637697906,0.008029064837639044,0.01451274732097466,0.031515056675963195,0.016131678987366324,0.029998691982784306,0.03908523239452808,0.004966616592726743,0.0,0.0033004472187519868,0.0186994389772743,0.011521968601361704,0.027037543578747186,0.011845041213257052,0.014593370533900238,0.0,0.015497935997147015,0.011499043004500054,0.02163962233688696,0.03192820264156703,0.00419010499840812,0.019159245159786405,0.018935851764593333,0.019230709055394063,0.0,0.010656956774452844,0.004934823195947562,0.02264951244944985,0.0,0.009421463934737646,0.011499751620035165,0.021250039451513887,0.006923707496217291,0.03659251075346943,0.019159245159786405,0.02735019819029256,0.016962719475760245,0.0014075157642911493,0.010749095102727285,0.007243780529349576,0.004292343210409819,0.006923707496217291,0.02461367607549365,0.031124979878401897,0.000599453235232944,0.007584747662806604,0.02726893321035103,0.01661214329561892,0.005296294540871958,0.01478522457286971,0.023032997674043498,0.013777923326124424,0.026797368841245756,0.014727147578374747,0.000770300557195909,0.020296481785696045,0.011410135269316606,0.010295442270700526,0.01478522457286971,0.03441185294964637,0.015862265107594795,0.027914123294245623,0.004116421107952788,0.008060944122126934,0.01051268231540825,0.02844185499988517,0.0,0.0,0.007135856335957452,0.006923707496217291,0.022634344349638524,0.0,0.010704200077313382,0.0,0.02518753191401603,0.006923707496217291,0.006923707496217291,0.028687303948884364,0.007135856335957452,0.0
ENSG00000071889.16,0.020306929430583737,0.033740191995169685,0.0,0.0,0.010704997741779708,0.015086168011544235,0.0012505876926710568,0.04006338525596484,0.0,0.04602714895365384,0.0,0.0419322990027681,0.04108425653196683,0.010558942336074947,0.010440112168429296,0.0,0.0,0.01403247504296189,0.009710087072190177,0.0,0.03825092148511572,0.004489592660315199,0.03452675316905226,0.0419322990027681,0.0,0.0,0.0,0.0,0.0,0.0,0.01639113296064735,0.0,0.004639296516492676,0.0419322990027681,0.0,0.0,0.009915737569971245,0.0,0.0,0.0,0.00017991830774925083,0.0,0.0,0.009321522760690273,0.0,0.0018700329078398248,0.0,0.0018155962143233395,0.04108425653196683,0.002333921737707568,0.007082402523120139,0.0048127592485544685,0.03277342529425707,0.0,0.019600332313653122,0.0,0.0,0.0,0.0,0.0,0.0419322990027681,0.0,0.0,0.0,0.03090685694831858,0.0,0.0,0.02150525684785721,0.043246443582005384,0.0,0.003171762944691736,0.0,0.047822303745896196,0.0,0.0669095162471887,0.00209911181101876,0.026188424660205586,0.0,0.0,0.021997044030674318,0.04582149845587276,0.023052908436927876,0.0038683493452502174,0.0,0.04055713837444086,0.0,0.03090685694831858,0.0,0.04282678164900652,0.0,0.0,0.0,0.0,0.0008297967352084365,0.026939936452361334,0.0,0.04006338525596484,0.0,0.006522471536475467,0.0,0.005847270755011208,0.0,0.016046023238456275,0.017099716207038623,0.002997950076840585,0.016046023238456275,0.040076128161435784,0.0,0.03724279311458467,0.03747292079402466,0.0,0.0,0.034793884963752034,0.0,0.004755778471640056,0.011940182894183908,0.0,0.0,0.00033999892528903397,0.0,0.006028709554537794,0.0,0.03598127821055004,0.019913072943100567,0.0,0.03314107660774973,0.0480742477785842,0.0,0.0,0.0,0.005545088555516914,0.0,0.014519966214893258,0.0,0.03575375229060045,0.0,0.0,0.0,0.0,0.0,0.0,0.013372667305257636,0.005750739053297982,0.0,0.017544891171815763,0.0464631339958619,0.011526730827716998,0.047607520731417545,0.0,0.0,0.0037574103576885065,0.03825081469903842,0.01783204551400106,0.0344438616977938,0.013372667305257636,0.03423504298232744,0.0,0.013945017498567608,0.0,0.01279537263142231,0.002711753508665808,0.01783204551400106,0.03687368813505228,0.06477351209485847,0.0,0.0,0.0,0.013550052641263327,0.0,0.0,0.025580725098399988,0.022712590854256982,0.0,0.009810449863543319,0.02923596183978501,0.00032459414364194306,0.0,0.0,0.0,0.003289928864729341,0.0,0.04223589490796243,0.0022087411114685707,0.004783972352385368,0.0,0.0024132067402978796,0.0,0.0,0.0,0.01783204551400106,0.03855451739031005,0.0,0.0,0.0,0.009099397630713768,0.01783204551400106,0.01783204551400106,0.014386871848916072,0.0,0.0
ENSG00000165240.20,0.026701106119915056,0.03437639866105941,0.0,0.022171622012874447,0.026706498157749683,0.03127603863413306,0.011008749543962588,0.05070202404025686,0.0,0.05067327002615743,0.0,0.04288496467196394,0.053987048462336526,0.017401053270470236,0.0013251810530343251,0.01636491037271586,0.002624482099899947,0.029520045447588055,0.02324881558761279,0.012385672583171997,0.0504289248225709,0.015195829321919152,0.03150127236998563,0.04288496467196394,0.0,0.0,0.0,0.0,0.0,0.00770672897886223,0.025026687118717108,0.0,0.018035960324949807,0.04288496467196394,0.022072205062830932,0.005219759662109379,0.03610689256453037,0.0,0.0,0.0003020942782774698,0.009929474927200116,0.0,0.0,0.01686049516866636,0.0,0.022774055759995866,0.03680940825028924,0.006775635665480017,0.053987048462336526,0.007145211779529918,0.03254876892476474,0.001303302708475014,0.02157182081619789,0.00295764586630971,0.03784196283675438,0.0,0.0,0.0,0.0,0.011480971727322074,0.04288496467196394,0.0064771843948978475,0.0,0.0,0.030818275021293803,0.023951331273371665,0.0,0.02259829411419295,0.044871157844326506,0.01762995130561747,0.008537347718032561,0.02238154288478536,0.04786958856846203,0.0,0.06231095007808775,0.014702595127883612,0.02185454665637212,0.0,0.02359184334363832,0.0395456869527108,0.03781519304923986,0.030917791690221103,0.007045161742222299,0.0,0.0221818893304167,0.0,0.030818275021293803,0.006084671519687342,0.05342735554670643,0.023951331273371665,0.00451827707006125,0.0,0.025173911456224433,0.0018475854458840021,0.03623190851653172,0.03680940825028924,0.05070202404025686,0.0,0.0029623878361582368,0.0,0.0,0.0001348815128226731,0.015844180887028023,0.017600174073573033,0.0,0.015844180887028023,0.026971763960474654,0.0,0.02341364032070904,0.03477847927421425,0.012129988281024899,0.01762995130561747,0.036132391847604424,0.006194592938938842,0.012927905651335649,0.015645860625703237,0.0014163155215241412,0.0,0.025029656486627118,0.0,0.030792775738219747,0.0,0.019183458606281168,0.025576628043410196,0.0,0.04020677272165395,0.060100505684720376,0.0,0.0,0.0,0.01150690380903481,0.0,0.03885368817476337,0.005578701705085072,0.044818917453946,0.0,0.0,0.02270685679794737,0.0036197943802484707,0.008680663253622177,0.011654612111528372,0.019697289776383135,0.024364980785952384,0.0,0.0192281489822317,0.04863832254237194,0.028946833073061715,0.049774787336344654,0.0,0.015984313941772618,0.031172830125430404,0.019722789059457183,0.027803775174132822,0.05127792602538335,0.019697289776383135,0.0393580078742545,0.013699369916158242,0.02248965834782221,0.025067496471711262,0.015660835322205177,0.007948780169269191,0.027803775174132822,0.04448724126626796,0.05785216049064386,0.0,0.014325228814089392,0.032472131172296026,0.02910003835657604,0.007487870281589454,0.0,0.04207121057824939,0.011550448020782936,0.0,0.020567346430614166,0.038044322657904785,0.0034539175433411715,0.011588950111667828,0.016570281149023883,0.0,0.018942989256118543,0.00976826682942996,0.039951081678516714,0.018367022219101407,0.011560402941090862,0.012209419494793684,0.03328163831591602,0.0,0.0,0.0037919198986338873,0.027803775174132822,0.047495041829123674,0.003350268303506196,0.018415855767681667,0.0,0.033504685758761164,0.027803775174132822,0.027803775174132822,0.04201907522590462,0.0037919198986338873,0.011652764931765744
ENSG00000071575.11,0.010700974788872247,0.0309198329560285,0.0,0.0,0.004229610474899573,0.0030756291266206513,0.0,0.016742349347212162,0.0,0.029523378791999698,0.0,0.027020597143715082,0.023995761395839872,0.0,0.0,0.0,0.0,0.006365070442285278,0.007306494262627125,0.0,0.025972634868819688,0.012986100852955207,0.02456833347337941,0.027020597143715082,0.0,0.0,0.0,0.0,0.0,0.003233708401188591,0.004985478693918386,0.0,0.0,0.027020597143715082,0.0,0.0,0.0009922171990872919,0.0,0.0,0.0,0.0,0.0,0.0,0.014221388962324385,0.0,0.0,0.0,0.013674852368381427,0.023995761395839872,0.0,0.002969090672067097,0.0,0.04172809500643583,0.0,0.004725636724614745,0.0,0.0,0.0,0.0,0.0,0.027020597143715082,0.0,0.02239970249125539,0.0,0.032896706429008306,0.0063110989268079926,0.0,0.0,0.018554816939337332,0.0,0.006892993003479231,0.0,0.02260159606706503,0.0,0.040687317364306586,0.01263341241771726,0.017370399493429202,0.0008055229008063977,0.001194133457086001,0.005910040098598312,0.035837655855539524,0.01670397228340257,0.012620137883141324,0.0,0.025245928474292478,0.0,0.032896706429008306,0.0,0.030019413996547385,0.0063110989268079926,0.0,0.0,0.0,0.001928287948255905,0.011437657494758138,0.0,0.016742349347212162,0.0,0.0,0.0,0.004588566799477493,0.0,8.859230144801084e-05,0.0,0.0059790314523443175,8.859230144801084e-05,0.0237019309948494,0.0,0.025678804467829202,0.02820621874717567,0.0,0.0,0.027630391640363877,0.0,0.0,0.01119197985127321,0.0,0.0,0.0015930953931665714,0.007209097600168923,0.0062585319877317275,0.0,0.02119914934656478,0.027182572852749373,0.0,0.014464238355886908,0.03688858961321919,0.0,0.0,0.0,0.0,0.0,0.0,0.0,0.02135353659875849,0.0,0.0,0.0,0.0,0.0,0.0,0.0,0.0,0.0,0.00028658890796052355,0.014123537546344815,0.0,0.029715564966895976,0.0,0.0,0.0037943211249777883,0.021790297457541637,0.0,0.008167994788232949,0.0,0.033742916172756016,0.004892985528709405,0.0,0.0,0.01483419376973135,0.0,0.0,0.026565282223769603,0.0472208089251994,0.0,0.0,0.0,0.0,0.0,0.0,0.0,0.0058258227437159305,0.0,0.003269033530993941,0.01572796372605008,0.001042562167161358,0.0,0.0,0.0,0.03440414153966522,0.01587188956403244,0.031240125569638892,0.00563475349886941,0.0,0.0,0.0,0.0,0.0,0.0,0.0,0.0301921632947435,0.0,0.0,0.0,0.0,0.0,0.0,0.02188261398855798,0.0,0.0
ENSG00000110031.12,0.015727083990548327,0.02547942662188936,0.0,0.0,0.024907425958141945,0.019432782261723115,0.0009222509964496861,0.030639712095045513,0.0,0.03161009150921992,0.0,0.032145991927528546,0.02553628082533703,0.0,0.00832415254394794,0.005384993016815765,0.0013540637375141912,0.009276225759214218,0.0038069169336296185,0.0,0.039986419445186,0.013855399451540809,0.03048051348461485,0.032145991927528546,0.0,0.0,0.0,0.0,0.0,0.0,0.022255584224695025,0.0,0.0,0.032145991927528546,0.0028487743788434064,0.011459313745903175,0.007353762333947012,0.0,0.0,0.0,0.0,0.0,0.0,0.015071167714572828,0.003964991748707292,0.0,0.0,0.014629261394508479,0.02553628082533703,0.003129074677878551,0.021803900953795977,3.2041755391440385e-05,0.030577830889315594,0.0008887556130938758,0.008170313614739196,0.0,0.0,0.0,0.0,0.008856424070966293,0.032145991927528546,0.0,0.0076486457341586045,0.0010720209062264688,0.03992956524173833,0.0,0.0,0.011107285041573087,0.024201659752958335,0.0,0.01592111848759214,0.0,0.027754222756474108,0.0,0.04335292176085094,0.023176040244158435,0.0014811912061604912,0.0,0.0033680049539430434,0.009937581820960186,0.02806324610890254,0.020304974622183163,0.015140261172107483,0.0,0.021767123250297234,0.0,0.03992956524173833,0.0,0.04353898244870177,0.0,0.0,0.0,0.0,0.0,0.016011392504843087,0.0,0.030639712095045513,0.0,0.0015219626271527273,0.0,0.0071692553959046,0.0,0.0,0.006162706642722001,0.0,0.0,0.01767865982847284,0.0,0.03212879844832181,0.033549224777696104,0.0,0.0,0.03563598312439826,0.0,0.002986839908363223,0.0052780937103931655,0.0,0.0,0.014391893888310893,0.0,0.011647344451287088,0.0,0.01821456024678146,0.03830335936620301,0.0,0.031499097771746164,0.03482432419955596,0.0,0.0,0.0,0.0,0.0,0.0013463554906076036,0.0,0.03547848572556947,0.0,0.0,0.013151356983318069,0.0,0.0,0.0033570790212684234,0.0014032328501675656,0.0,0.0,0.01875668109751087,0.019964589960459588,0.017643745848165738,0.03205709596868944,0.0,0.0,0.004107712214623457,0.02968545364061881,0.0,0.032968083511918725,0.0014032328501675656,0.05048681590730647,0.013559836981219531,0.004293582117340072,0.0,0.024738467320469228,0.008319473732518415,0.0,0.027009470587522892,0.04987923675583721,0.0,0.0,0.0,0.018203090823446687,0.0,0.0,0.013464143040227333,0.002567498319568158,0.0,0.019515751365139205,0.019389279267487743,0.003917817630580623,0.0,0.0,0.0,0.012863958655004594,0.0,0.022356713042730486,0.008950155110593973,0.002514584780413054,0.0,0.015187014806014691,0.0,0.0,0.0,0.0,0.03019714056038794,0.0,0.0,0.0,0.0060334985871955335,0.0,0.0,0.015979938157756904,0.0,0.0
ENSG00000131871.15,0.015727083990548327,0.02547942662188936,0.0,0.0,0.024907425958141945,0.019432782261723115,0.0009222509964496861,0.030639712095045513,0.0,0.03161009150921992,0.0,0.032145991927528546,0.02553628082533703,0.0,0.00832415254394794,0.005384993016815765,0.0013540637375141912,0.009276225759214218,0.0038069169336296185,0.0,0.039986419445186,0.013855399451540809,0.03048051348461485,0.032145991927528546,0.0,0.0,0.0,0.0,0.0,0.0,0.022255584224695025,0.0,0.0,0.032145991927528546,0.0028487743788434064,0.011459313745903175,0.007353762333947012,0.0,0.0,0.0,0.0,0.0,0.0,0.015071167714572828,0.003964991748707292,0.0,0.0,0.014629261394508479,0.02553628082533703,0.003129074677878551,0.021803900953795977,3.2041755391440385e-05,0.030577830889315594,0.0008887556130938758,0.008170313614739196,0.0,0.0,0.0,0.0,0.008856424070966293,0.032145991927528546,0.0,0.0076486457341586045,0.0010720209062264688,0.03992956524173833,0.0,0.0,0.011107285041573087,0.024201659752958335,0.0,0.01592111848759214,0.0,0.027754222756474108,0.0,0.04335292176085094,0.023176040244158435,0.0014811912061604912,0.0,0.0033680049539430434,0.009937581820960186,0.02806324610890254,0.020304974622183163,0.015140261172107483,0.0,0.021767123250297234,0.0,0.03992956524173833,0.0,0.04353898244870177,0.0,0.0,0.0,0.0,0.0,0.016011392504843087,0.0,0.030639712095045513,0.0,0.0015219626271527273,0.0,0.0071692553959046,0.0,0.0,0.006162706642722001,0.0,0.0,0.01767865982847284,0.0,0.03212879844832181,0.033549224777696104,0.0,0.0,0.03563598312439826,0.0,0.002986839908363223,0.0052780937103931655,0.0,0.0,0.014391893888310893,0.0,0.011647344451287088,0.0,0.01821456024678146,0.03830335936620301,0.0,0.031499097771746164,0.03482432419955596,0.0,0.0,0.0,0.0,0.0,0.0013463554906076036,0.0,0.03547848572556947,0.0,0.0,0.013151356983318069,0.0,0.0,0.0033570790212684234,0.0014032328501675656,0.0,0.0,0.01875668109751087,0.019964589960459588,0.017643745848165738,0.03205709596868944,0.0,0.0,0.004107712214623457,0.02968545364061881,0.0,0.032968083511918725,0.0014032328501675656,0.05048681590730647,0.013559836981219531,0.004293582117340072,0.0,0.024738467320469228,0.008319473732518415,0.0,0.027009470587522892,0.04987923675583721,0.0,0.0,0.0,0.018203090823446687,0.0,0.0,0.013464143040227333,0.002567498319568158,0.0,0.019515751365139205,0.019389279267487743,0.003917817630580623,0.0,0.0,0.0,0.012863958655004594,0.0,0.022356713042730486,0.008950155110593973,0.002514584780413054,0.0,0.015187014806014691,0.0,0.0,0.0,0.0,0.03019714056038794,0.0,0.0,0.0,0.0060334985871955335,0.0,0.0,0.015979938157756904,0.0,0.0
ENSG00000213654.10,0.0,0.00320396707506692,0.0,0.0,0.0,0.0,0.0,0.0068902845487073885,0.0,0.021315150962252394,0.0,0.01186172531213077,0.017007066594086802,0.0,0.0002735683719853818,0.0,0.0,0.0,0.0,0.0,0.023282996720454543,0.0,0.0,0.01186172531213077,0.0,0.0,0.0,0.0,0.0,0.0,0.0070610325621690735,0.0,0.0,0.01186172531213077,0.0,0.0,0.0,0.0,0.0,0.0,0.0,0.0,0.0,0.0,0.0,0.0,0.0,0.005044862161609254,0.017007066594086802,0.0,0.0,0.0,0.005680004829264104,0.0,0.0,0.0,0.0,0.0,0.0,0.0,0.01186172531213077,0.0,0.0,0.0,0.009479897201434655,0.0,0.0,0.0,0.0030412573113251865,0.0,0.0,0.0,0.0,0.0,0.02232472772875048,0.0,0.0,0.0,0.0,0.0,0.016464180078971984,0.004080824712654793,0.0,0.0,0.0005531047647314019,0.0,0.009479897201434655,0.0,0.018761840363238868,0.0,0.0,0.0,0.0,0.0,0.0,0.0,0.0068902845487073885,0.0,0.0,0.0,0.0,0.0,0.0,0.0,0.0,0.0,0.014527686772068699,0.0,0.02080361689843644,0.0029738422618127078,0.0,0.0,0.0029095966763912906,0.0,0.0,0.0,0.0,0.0,0.0,0.0,0.0,0.0,0.005074261121947074,0.0,0.0,0.0,0.001675679566806157,0.0,0.0,0.0,0.0,0.0,0.0,0.0,0.012986024236429188,0.0,0.0,0.0,0.0,0.0,0.0,0.0,0.0,0.0,2.5120202977131634e-05,0.0018298969470013152,0.0,0.014069266291952931,0.0,0.0,0.0,0.0,0.0,0.0,0.0,0.0,0.0,0.0,0.0,0.0,0.0,0.0,0.0059735185640366895,0.021113591345404158,0.0,0.0,0.0,0.0,0.0,0.0,0.0,0.0,0.0,0.0,0.005065787803672464,0.0,0.0,0.0,0.0,0.0013107039584534588,0.0,0.003024378835639531,0.0,0.0,0.0,0.0,0.0,0.0,0.0,0.0,0.014445650243963305,0.0,0.0,0.0,0.0,0.0,0.0,0.0,0.0,0.0
ENSG00000183735.10,0.031247884633138417,0.05034767387825669,0.0,0.04185481412917832,0.009798658788522145,0.0,0.005312140299936249,0.016785325103448427,0.018946584642814412,0.03822752151327555,0.022101697484308368,0.023713837723130498,0.042106272342747386,0.0,0.0,0.011601843794153199,0.0005097939404266616,0.014282549861365765,0.03363031158904985,0.0,0.016590916055556477,0.02404233704763953,0.0434291825420562,0.023713837723130498,0.0,0.022101697484308368,0.008874832007517701,0.022101697484308368,0.0,0.004117881571366187,0.0,0.0,0.00903011077689506,0.023713837723130498,0.0397012117822132,0.0,0.02958315317133618,0.022101697484308368,0.011790619359187099,0.0,0.024313738530598296,0.0,0.0,0.0,0.0,0.014576013121528581,0.02726933764953931,0.0,0.042106272342747386,0.0,0.004067796884145273,0.013469300009719062,0.029523230000856795,0.0,0.004630985400531338,0.0021323222433877465,0.005719719166023748,0.0,0.0,0.0,0.023713837723130498,0.026696165486509726,0.010477915289514306,0.0,0.024832317591065776,0.03131649606725297,0.0,0.011385969796828505,0.0245504539981209,0.0011273221862271102,0.0,0.012363791522216682,0.02806009288386504,0.0037176254119196186,0.048656206002543716,0.0,0.013890650812138708,0.0056095821432886675,0.009116980718539537,0.021510159224068712,0.04227467993098922,0.014555645144736517,0.023221002672418584,0.0,0.029502058066874406,0.0,0.024832317591065776,0.02448394388719783,0.020100554941300617,0.03131649606725297,0.0272672666271346,0.011478897591494352,0.0,0.018211638640179644,0.017631408394596874,0.02726933764953931,0.016785325103448427,0.007963711672395887,0.01593462412437692,0.0,0.015886045365764725,0.0,0.02378874068206848,0.0013491476447379247,0.011037290751936057,0.02378874068206848,0.04050610297127532,0.0,0.014990746684084403,0.038997465476833734,0.0,0.0011273221862271102,0.027908080840926133,0.0,0.027823377416342436,0.03239530979149547,0.008883194554745847,0.003405903644226875,0.01647469922505727,0.0,0.026507389921475822,0.011478897591494352,0.025992419181130266,0.025493960116121324,0.0,0.029507872674769148,0.05133825283288933,0.004614326991117405,0.0,0.0,0.02711745151904927,0.00665871009289281,0.028140810450697773,0.021951882376223045,0.007694786832427206,0.0,0.0,0.0100632645996089,0.022522983516847915,0.040335954448611794,0.0,0.030280926907771368,0.0230702931013356,0.02043640793185511,0.0,0.008646223590527649,0.0,0.03348323840298888,0.0,0.0,0.016979152194619103,0.028605854577361322,0.014997299154068132,0.027709228394373786,0.030280926907771368,0.02775151594795961,0.0,0.011921535904207779,0.02075647757953873,0.0,0.0016020952318583567,0.014997299154068132,0.03180153138491945,0.04123281924668419,0.0,0.0,0.030598048486520105,0.0,0.0016853710118850812,0.017357414374021683,0.024960210895290172,0.014735509248655864,0.025430408321289157,0.0,0.0,0.01752947697763895,0.0,0.016980119981801205,0.017357414374021683,0.041223762289858655,0.0,0.026197125341798688,0.0,0.0022458492239357114,0.024803635997252396,0.0242304273944408,0.0,0.0,1.3877787807814457e-17,0.014997299154068132,0.019074203674224674,0.0,0.015392149225035089,0.0,0.00795969623751213,0.014997299154068132,0.014997299154068132,0.037837404779118955,0.0,0.0
ENSG00000196961.12,0.02946032723140529,0.04240174989924932,0.0,0.036272596790407216,0.02073386023431021,0.016938859473605683,0.005400793849610307,0.03488322391589702,0.01031419380831139,0.036024886271269915,0.013457851732663808,0.020802207296699946,0.0383635173475458,0.014132702484653911,0.0,0.04435402583503383,0.004905636723433415,0.029550925977990507,0.03187973888308353,0.005740406134475413,0.03723044081832973,0.02470598793623668,0.03332849952452732,0.020802207296699946,0.0016787556636529422,0.013457851732663808,0.0027397199258360136,0.013457851732663808,0.00034371478614129286,0.01885073281790725,0.011264180790547397,0.0016787556636529422,0.0,0.020802207296699946,0.0372870697088601,0.020530945581899926,0.03682898242954455,0.013457851732663808,0.0050033928272601655,0.0,0.006537927745261407,0.0,0.0,0.016143602528039987,0.015167961430084132,0.0025804757689602276,0.027952485578604344,0.01630766221157244,0.0383635173475458,0.002601045258101918,0.03569590590032849,0.0,0.02297748988260784,0.0033182479289013064,0.027585568917273463,0.008699542667682955,0.0,0.0,0.0,0.021997726286374905,0.020802207296699946,0.008957339396939643,0.016773525150869828,0.00940614905915757,0.04126867337003326,0.02300324203214331,0.0,0.005852761834744313,0.023769848741753488,0.011748029939130232,0.022054603216722,0.02399853900892486,0.025885929646549607,0.0,0.038746571738991285,0.020902879382986635,0.01800361337724814,0.0,0.022707747733972446,0.02550287525510412,0.031075642724808884,0.03464323415399699,0.027090934022069097,0.0,0.001889823412909216,0.0,0.04126867337003326,0.030375402636904282,0.03934652172312586,0.02300324203214331,0.020301029976681862,0.002045672324983816,0.028176263460760013,0.00630832688446404,0.023164244178828237,0.027952485578604344,0.03488322391589702,0.018295262208236168,0.00018245517393531557,0.004901199744492317,0.019301406308916812,0.0010707802960403037,0.004474410466517264,0.0,0.0,0.004474410466517264,0.014996421482683063,0.0,0.013863344953467006,0.02810347282003355,0.027596245905615137,0.011748029939130232,0.029789683394864503,0.013868294514682702,0.008654008650057526,0.027320723167680465,0.0005204638968377903,0.0,0.03261962572749119,0.0,0.04830797240471332,0.002045672324983816,0.0,0.048903217566338364,0.01756184198773885,0.03076852855954463,0.038898331037828845,0.0,0.0,0.0,0.012497484145538494,0.005898135921348059,0.038436837963002346,0.005654305901520433,0.026496468070628137,0.0,0.022449767511633238,0.02831140976131543,0.01699799648126265,0.025434871981364505,0.011860041607585865,0.013421886040892679,0.01744672769199951,0.012936395483182699,0.004731606574236477,0.0179984249465671,0.019926083009529125,0.0327218527758507,0.0,0.021347434540644042,0.021305638536152693,0.00638258700621263,0.006120620517559072,0.04905572619476621,0.013421886040892679,0.0448917221820541,0.024816168773691805,0.01759961049272784,0.008570230841059304,0.026359798382664786,0.011364407616322424,0.006120620517559072,0.04011371704576951,0.03136499836447895,0.0,0.019404186956820585,0.03597555925762555,0.030735189650495973,0.0,0.010154818237244588,0.0350793611982572,0.00853323663322185,0.02148092541168503,0.02301978516368941,0.033739425873643855,0.005323733198691644,0.021853797280320802,0.017652383826429044,0.010154818237244588,0.03805444802547663,0.021737218601820985,0.033199116438591456,0.005827022147476192,0.0,0.0036209872945982755,0.044327248643479124,0.0,0.0,0.013196243635649661,0.006120620517559072,0.04962734996022124,0.006214724670765982,0.013972202440095192,0.0,0.035608642596294676,0.006120620517559072,0.006120620517559072,0.03768046281675333,0.013196243635649661,0.0
