Gene,OnsetIndex,Rank,Percentile,Phase
ENSG00000188976.11,0,1,0.0,Phase I
ENSG00000187608.9,0,1,0.0,Phase I
ENSG00000186827.11,16,3231,92.62976770863206,Phase III
ENSG00000078808.16,0,1,0.0,Phase I
ENSG00000160087.20,0,1,0.0,Phase I
ENSG00000224051.7,0,1,0.0,Phase I
ENSG00000175756.13,0,1,0.0,Phase I
ENSG00000160072.19,0,1,0.0,Phase I
ENSG00000197785.13,18,3289,94.29308861485518,Phase IV
ENSG00000197530.12,0,1,0.0,Phase I
ENSG00000078369.18,0,1,0.0,Phase I
ENSG00000067606.17,0,1,0.0,Phase I
ENSG00000157873.17,0,1,0.0,Phase I
ENSG00000069424.14,0,1,0.0,Phase I
ENSG00000116251.11,0,1,0.0,Phase I
ENSG00000215788.10,0,1,0.0,Phase I
ENSG00000162413.16,0,1,0.0,Phase I
ENSG00000049245.13,0,1,0.0,Phase I
ENSG00000049249.8,0,1,0.0,Phase I
ENSG00000116288.13,0,1,0.0,Phase I
ENSG00000142583.17,0,1,0.0,Phase I
ENSG00000171621.14,33,3413,97.84915400057356,Phase IV
ENSG00000171608.15,0,1,0.0,Phase I
ENSG00000171603.17,0,1,0.0,Phase I
ENSG00000178585.15,0,1,0.0,Phase I
ENSG00000120948.17,0,1,0.0,Phase I
ENSG00000198793.12,0,1,0.0,Phase I
ENSG00000116661.11,18,3289,94.29308861485518,Phase IV
ENSG00000132879.14,0,1,0.0,Phase I
ENSG00000116663.11,0,1,0.0,Phase I
ENSG00000116670.15,0,1,0.0,Phase I
ENSG00000120949.15,0,1,0.0,Phase I
ENSG00000028137.19,0,1,0.0,Phase I
ENSG00000132906.18,0,1,0.0,Phase I
ENSG00000116809.11,0,1,0.0,Phase I
ENSG00000117115.13,0,1,0.0,Phase I
ENSG00000179051.14,0,1,0.0,Phase I
ENSG00000127481.15,0,1,0.0,Phase I
ENSG00000077549.18,0,1,0.0,Phase I
ENSG00000158747.14,0,1,0.0,Phase I
ENSG00000162545.6,4,3014,86.40665328362489,Phase II
ENSG00000090432.7,0,1,0.0,Phase I
ENSG00000158825.6,0,1,0.0,Phase I
ENSG00000158828.8,0,1,0.0,Phase I
ENSG00000244038.9,0,1,0.0,Phase I
ENSG00000075151.20,0,1,0.0,Phase I
ENSG00000076864.19,0,1,0.0,Phase I
ENSG00000142798.20,0,1,0.0,Phase I
ENSG00000070831.16,0,1,0.0,Phase I
ENSG00000173372.17,18,3289,94.29308861485518,Phase IV
ENSG00000159189.12,3,2996,85.89045024376254,Phase II
ENSG00000173369.16,41,3439,98.59478061370804,Phase IV
ENSG00000133216.16,17,3246,93.05993690851734,Phase III
ENSG00000142676.14,0,1,0.0,Phase I
ENSG00000179163.11,0,1,0.0,Phase I
ENSG00000185436.12,0,1,0.0,Phase I
ENSG00000020633.18,0,1,0.0,Phase I
ENSG00000157978.11,0,1,0.0,Phase I
ENSG00000117632.23,0,1,0.0,Phase I
ENSG00000176083.17,18,3289,94.29308861485518,Phase IV
ENSG00000198830.11,0,1,0.0,Phase I
ENSG00000117676.14,0,1,0.0,Phase I
ENSG00000117713.20,0,1,0.0,Phase I
ENSG00000204160.12,0,1,0.0,Phase I
ENSG00000198746.13,0,1,0.0,Phase I
ENSG00000158195.11,0,1,0.0,Phase I
ENSG00000000938.13,0,1,0.0,Phase I
ENSG00000126709.15,0,1,0.0,Phase I
ENSG00000130775.16,0,1,0.0,Phase I
ENSG00000130768.15,20,3349,96.01376541439632,Phase IV
ENSG00000169403.12,0,1,0.0,Phase I
ENSG00000204138.13,0,1,0.0,Phase I
ENSG00000180198.16,0,1,0.0,Phase I
ENSG00000198492.16,0,1,0.0,Phase I
ENSG00000162511.8,0,1,0.0,Phase I
ENSG00000162517.13,0,1,0.0,Phase I
ENSG00000121774.18,0,1,0.0,Phase I
ENSG00000025800.14,0,1,0.0,Phase I
ENSG00000084652.16,0,1,0.0,Phase I
ENSG00000182866.17,0,1,0.0,Phase I
ENSG00000116478.12,0,1,0.0,Phase I
ENSG00000116514.16,0,1,0.0,Phase I
ENSG00000116525.14,0,1,0.0,Phase I
ENSG00000126067.12,0,1,0.0,Phase I
ENSG00000119535.17,0,1,0.0,Phase I
ENSG00000163874.11,0,1,0.0,Phase I
ENSG00000134690.11,0,1,0.0,Phase I
ENSG00000174574.16,0,1,0.0,Phase I
ENSG00000183682.8,5,3079,88.27071981646114,Phase II
ENSG00000084072.16,0,1,0.0,Phase I
ENSG00000116985.12,103,3488,100.0,Phase IV
ENSG00000131236.17,0,1,0.0,Phase I
ENSG00000084073.9,0,1,0.0,Phase I
ENSG00000171793.15,0,1,0.0,Phase I
ENSG00000171960.11,0,1,0.0,Phase I
ENSG00000164010.15,0,1,0.0,Phase I
ENSG00000117394.21,0,1,0.0,Phase I
ENSG00000117400.17,0,1,0.0,Phase I
ENSG00000117399.14,0,1,0.0,Phase I
ENSG00000117410.14,0,1,0.0,Phase I
ENSG00000187147.18,0,1,0.0,Phase I
ENSG00000142945.13,0,1,0.0,Phase I
ENSG00000142937.12,0,1,0.0,Phase I
ENSG00000173846.13,0,1,0.0,Phase I
ENSG00000070785.16,0,1,0.0,Phase I
ENSG00000126107.15,0,1,0.0,Phase I
ENSG00000086015.21,0,1,0.0,Phase I
ENSG00000117461.15,0,1,0.0,Phase I
ENSG00000132128.16,0,1,0.0,Phase I
ENSG00000185104.20,0,1,0.0,Phase I
ENSG00000085832.17,0,1,0.0,Phase I
ENSG00000157193.16,0,1,0.0,Phase I
ENSG00000058804.12,0,1,0.0,Phase I
ENSG00000243725.7,0,1,0.0,Phase I
ENSG00000021852.13,4,3014,86.40665328362489,Phase II
ENSG00000184292.6,30,3405,97.6197304273014,Phase IV
ENSG00000177606.6,0,1,0.0,Phase I
ENSG00000134716.11,18,3289,94.29308861485518,Phase IV
ENSG00000079739.17,0,1,0.0,Phase I
ENSG00000185483.12,39,3428,98.27932320045883,Phase IV
ENSG00000162434.12,0,1,0.0,Phase I
ENSG00000116678.19,0,1,0.0,Phase I
ENSG00000184588.18,0,1,0.0,Phase I
ENSG00000118473.22,17,3246,93.05993690851734,Phase III
ENSG00000198160.14,0,1,0.0,Phase I
ENSG00000162594.15,48,3453,98.99627186693432,Phase IV
ENSG00000081985.11,0,1,0.0,Phase I
ENSG00000116729.14,0,1,0.0,Phase I
ENSG00000033122.19,32,3408,97.70576426727844,Phase IV
ENSG00000050628.20,0,1,0.0,Phase I
ENSG00000122420.10,54,3460,99.19701749354746,Phase IV
ENSG00000137959.16,0,1,0.0,Phase I
ENSG00000142875.19,0,1,0.0,Phase I
ENSG00000174021.11,0,1,0.0,Phase I
ENSG00000162643.13,39,3428,98.27932320045883,Phase IV
ENSG00000142867.13,0,1,0.0,Phase I
ENSG00000097033.14,0,1,0.0,Phase I
ENSG00000065243.20,0,1,0.0,Phase I
ENSG00000137947.12,0,1,0.0,Phase I
ENSG00000117226.12,0,1,0.0,Phase I
ENSG00000117228.10,0,1,0.0,Phase I
ENSG00000162645.13,0,1,0.0,Phase I
ENSG00000213512.3,10,3149,90.27817608259248,Phase III
ENSG00000162654.9,0,1,0.0,Phase I
ENSG00000154451.14,0,1,0.0,Phase I
ENSG00000183347.14,0,1,0.0,Phase I
ENSG00000174842.17,0,1,0.0,Phase I
ENSG00000162676.12,0,1,0.0,Phase I
ENSG00000122406.13,0,1,0.0,Phase I
ENSG00000122481.17,0,1,0.0,Phase I
ENSG00000162688.17,0,1,0.0,Phase I
ENSG00000079335.20,0,1,0.0,Phase I
ENSG00000162692.12,12,3162,90.65098938915972,Phase III
ENSG00000170989.9,0,1,0.0,Phase I
ENSG00000134215.16,0,1,0.0,Phase I
ENSG00000116266.11,0,1,0.0,Phase I
ENSG00000031698.13,0,1,0.0,Phase I
ENSG00000143106.13,0,1,0.0,Phase I
ENSG00000065135.11,0,1,0.0,Phase I
ENSG00000184371.14,0,1,0.0,Phase I
ENSG00000168710.18,0,1,0.0,Phase I
ENSG00000134248.13,0,1,0.0,Phase I
ENSG00000143119.14,0,1,0.0,Phase I
ENSG00000121933.19,0,1,0.0,Phase I
ENSG00000282608.1,0,1,0.0,Phase I
ENSG00000116473.14,0,1,0.0,Phase I
ENSG00000116489.13,0,1,0.0,Phase I
ENSG00000155363.18,0,1,0.0,Phase I
ENSG00000155366.16,0,1,0.0,Phase I
ENSG00000134242.16,0,1,0.0,Phase I
ENSG00000163349.22,0,1,0.0,Phase I
ENSG00000213281.5,0,1,0.0,Phase I
ENSG00000052723.11,0,1,0.0,Phase I
ENSG00000116815.16,0,1,0.0,Phase I
ENSG00000116824.5,0,1,0.0,Phase I
ENSG00000134256.12,0,1,0.0,Phase I
ENSG00000116830.12,0,1,0.0,Phase I
ENSG00000134250.20,0,1,0.0,Phase I
ENSG00000265808.3,0,1,0.0,Phase I
ENSG00000198019.12,0,1,0.0,Phase I
ENSG00000117262.19,0,1,0.0,Phase I
ENSG00000117281.15,6,3102,88.93031258961858,Phase II
ENSG00000265491.5,0,1,0.0,Phase I
ENSG00000186141.9,0,1,0.0,Phase I
ENSG00000131788.16,0,1,0.0,Phase I
ENSG00000121851.13,0,1,0.0,Phase I
ENSG00000265972.5,0,1,0.0,Phase I
ENSG00000131791.8,0,1,0.0,Phase I
ENSG00000188092.14,0,1,0.0,Phase I
ENSG00000150337.13,0,1,0.0,Phase I
ENSG00000203814.6,0,1,0.0,Phase I
ENSG00000183598.3,0,1,0.0,Phase I
ENSG00000270882.2,4,3014,86.40665328362489,Phase II
ENSG00000184678.10,0,1,0.0,Phase I
ENSG00000159164.10,27,3369,96.58732434757673,Phase IV
ENSG00000264522.6,0,1,0.0,Phase I
ENSG00000143369.15,14,3203,91.82678520217952,Phase III
ENSG00000143384.13,0,1,0.0,Phase I
ENSG00000163131.11,0,1,0.0,Phase I
ENSG00000143387.13,0,1,0.0,Phase I
ENSG00000143437.21,0,1,0.0,Phase I
ENSG00000143379.12,0,1,0.0,Phase I
ENSG00000143434.15,70,3480,99.77057642672784,Phase IV
ENSG00000163154.6,0,1,0.0,Phase I
ENSG00000163159.12,0,1,0.0,Phase I
ENSG00000159352.15,0,1,0.0,Phase I
ENSG00000159377.11,0,1,0.0,Phase I
ENSG00000143376.14,0,1,0.0,Phase I
ENSG00000143365.18,26,3361,96.35790077430455,Phase IV
ENSG00000159445.13,0,1,0.0,Phase I
ENSG00000197747.9,0,1,0.0,Phase I
ENSG00000163191.6,0,1,0.0,Phase I
ENSG00000163220.11,0,1,0.0,Phase I
ENSG00000163221.9,0,1,0.0,Phase I
ENSG00000143546.10,0,1,0.0,Phase I
ENSG00000196154.12,0,1,0.0,Phase I
ENSG00000189171.14,84,3484,99.88528821336392,Phase IV
ENSG00000143621.17,0,1,0.0,Phase I
ENSG00000143578.16,2,2968,85.08746773731,Phase II
ENSG00000143543.15,0,1,0.0,Phase I
ENSG00000177954.13,0,1,0.0,Phase I
ENSG00000143575.14,0,1,0.0,Phase I
ENSG00000160712.13,0,1,0.0,Phase I
ENSG00000160714.10,0,1,0.0,Phase I
ENSG00000160710.16,0,1,0.0,Phase I
ENSG00000160691.18,0,1,0.0,Phase I
ENSG00000160685.13,0,1,0.0,Phase I
ENSG00000163357.10,15,3216,92.19959850874676,Phase III
ENSG00000169242.12,9,3145,90.1634642959564,Phase III
ENSG00000163462.18,45,3444,98.73817034700316,Phase IV
ENSG00000185499.16,3,2996,85.89045024376254,Phase II
ENSG00000177628.16,0,1,0.0,Phase I
ENSG00000132718.9,0,1,0.0,Phase I
ENSG00000116584.18,0,1,0.0,Phase I
ENSG00000116586.11,0,1,0.0,Phase I
ENSG00000196189.13,0,1,0.0,Phase I
ENSG00000198400.11,18,3289,94.29308861485518,Phase IV
ENSG00000160856.21,0,1,0.0,Phase I
ENSG00000158473.6,0,1,0.0,Phase I
ENSG00000158477.7,20,3349,96.01376541439632,Phase IV
ENSG00000158481.13,1,2950,84.57126469744767,Phase II
ENSG00000158488.16,4,3014,86.40665328362489,Phase II
ENSG00000163563.8,0,1,0.0,Phase I
ENSG00000163564.14,0,1,0.0,Phase I
ENSG00000163565.18,0,1,0.0,Phase I
ENSG00000163568.15,0,1,0.0,Phase I
ENSG00000213088.11,21,3354,96.15715514769144,Phase IV
ENSG00000179639.10,39,3428,98.27932320045883,Phase IV
ENSG00000158714.11,18,3289,94.29308861485518,Phase IV
ENSG00000162736.17,0,1,0.0,Phase I
ENSG00000162739.14,0,1,0.0,Phase I
ENSG00000066294.14,0,1,0.0,Phase I
ENSG00000117090.15,0,1,0.0,Phase I
ENSG00000026751.17,0,1,0.0,Phase I
ENSG00000122224.18,0,1,0.0,Phase I
ENSG00000122223.13,0,1,0.0,Phase I
ENSG00000179914.5,16,3231,92.62976770863206,Phase III
ENSG00000158769.18,0,1,0.0,Phase I
ENSG00000158869.11,0,1,0.0,Phase I
ENSG00000143226.13,0,1,0.0,Phase I
ENSG00000173110.8,0,1,0.0,Phase I
ENSG00000203747.11,0,1,0.0,Phase I
ENSG00000162747.11,0,1,0.0,Phase I
ENSG00000072694.20,0,1,0.0,Phase I
ENSG00000132185.16,0,1,0.0,Phase I
ENSG00000162746.14,18,3289,94.29308861485518,Phase IV
ENSG00000198574.6,0,1,0.0,Phase I
ENSG00000185630.18,0,1,0.0,Phase I
ENSG00000143195.13,66,3478,99.7132205334098,Phase IV
ENSG00000143190.23,0,1,0.0,Phase I
ENSG00000198821.10,0,1,0.0,Phase I
ENSG00000143162.9,0,1,0.0,Phase I
ENSG00000143185.4,26,3361,96.35790077430455,Phase IV
ENSG00000143184.5,18,3289,94.29308861485518,Phase IV
ENSG00000174175.17,0,1,0.0,Phase I
ENSG00000188404.9,0,1,0.0,Phase I
ENSG00000075945.13,0,1,0.0,Phase I
ENSG00000197959.14,0,1,0.0,Phase I
ENSG00000117560.8,0,1,0.0,Phase I
ENSG00000117586.11,0,1,0.0,Phase I
ENSG00000076321.11,0,1,0.0,Phase I
ENSG00000185278.15,0,1,0.0,Phase I
ENSG00000135870.11,0,1,0.0,Phase I
ENSG00000143322.20,0,1,0.0,Phase I
ENSG00000057252.13,0,1,0.0,Phase I
ENSG00000116260.17,0,1,0.0,Phase I
ENSG00000153029.14,0,1,0.0,Phase I
ENSG00000135828.11,0,1,0.0,Phase I
ENSG00000135829.17,0,1,0.0,Phase I
ENSG00000135862.6,0,1,0.0,Phase I
ENSG00000116701.14,0,1,0.0,Phase I
ENSG00000162704.16,0,1,0.0,Phase I
ENSG00000047410.14,0,1,0.0,Phase I
ENSG00000073756.12,0,1,0.0,Phase I
ENSG00000116711.10,0,1,0.0,Phase I
ENSG00000116747.12,0,1,0.0,Phase I
ENSG00000134371.12,0,1,0.0,Phase I
ENSG00000000971.15,1,2950,84.57126469744767,Phase II
ENSG00000213047.13,0,1,0.0,Phase I
ENSG00000081237.20,0,1,0.0,Phase I
ENSG00000116833.14,13,3192,91.5113277889303,Phase III
ENSG00000118193.12,0,1,0.0,Phase I
ENSG00000163362.11,4,3014,86.40665328362489,Phase II
ENSG00000163435.16,2,2968,85.08746773731,Phase II
ENSG00000143862.8,0,1,0.0,Phase I
ENSG00000143851.15,0,1,0.0,Phase I
ENSG00000117153.16,0,1,0.0,Phase I
ENSG00000159346.13,0,1,0.0,Phase I
ENSG00000133048.13,0,1,0.0,Phase I
ENSG00000133063.16,0,1,0.0,Phase I
ENSG00000122188.12,0,1,0.0,Phase I
ENSG00000143842.15,17,3246,93.05993690851734,Phase III
ENSG00000163531.15,4,3014,86.40665328362489,Phase II
ENSG00000069275.13,0,1,0.0,Phase I
ENSG00000117280.13,0,1,0.0,Phase I
ENSG00000196188.11,43,3440,98.62345856036708,Phase IV
ENSG00000263961.8,18,3289,94.29308861485518,Phase IV
ENSG00000263528.8,0,1,0.0,Phase I
ENSG00000266094.7,0,1,0.0,Phase I
ENSG00000162889.10,0,1,0.0,Phase I
ENSG00000136634.6,8,3128,89.67593920275309,Phase III
ENSG00000162894.12,0,1,0.0,Phase I
ENSG00000162896.6,34,3415,97.9065098938916,Phase IV
ENSG00000123838.11,7,3113,89.2457700028678,Phase II
ENSG00000196352.15,0,1,0.0,Phase I
ENSG00000117322.17,0,1,0.0,Phase I
ENSG00000203710.11,0,1,0.0,Phase I
ENSG00000197721.16,0,1,0.0,Phase I
ENSG00000117335.19,0,1,0.0,Phase I
ENSG00000174059.16,4,3014,86.40665328362489,Phase II
ENSG00000009790.15,0,1,0.0,Phase I
ENSG00000117595.12,51,3458,99.13966160022942,Phase IV
ENSG00000082512.15,0,1,0.0,Phase I
ENSG00000170385.10,0,1,0.0,Phase I
ENSG00000066027.12,0,1,0.0,Phase I
ENSG00000123685.9,40,3436,98.508746773731,Phase IV
ENSG00000117707.15,27,3369,96.58732434757673,Phase IV
ENSG00000152104.12,17,3246,93.05993690851734,Phase III
ENSG00000092969.12,26,3361,96.35790077430455,Phase IV
ENSG00000136628.18,0,1,0.0,Phase I
ENSG00000143507.18,0,1,0.0,Phase I
ENSG00000154305.17,0,1,0.0,Phase I
ENSG00000187554.13,0,1,0.0,Phase I
ENSG00000143502.15,16,3231,92.62976770863206,Phase III
ENSG00000143753.13,0,1,0.0,Phase I
ENSG00000154380.17,8,3128,89.67593920275309,Phase III
ENSG00000196187.12,0,1,0.0,Phase I
ENSG00000143799.13,0,1,0.0,Phase I
ENSG00000154370.16,0,1,0.0,Phase I
ENSG00000215811.6,11,3155,90.4502437625466,Phase III
ENSG00000116574.6,0,1,0.0,Phase I
ENSG00000069248.12,0,1,0.0,Phase I
ENSG00000116903.7,0,1,0.0,Phase I
ENSG00000212916.4,6,3102,88.93031258961858,Phase II
ENSG00000168264.10,0,1,0.0,Phase I
ENSG00000143669.13,0,1,0.0,Phase I
ENSG00000077585.14,0,1,0.0,Phase I
ENSG00000186197.14,17,3246,93.05993690851734,Phase III
ENSG00000180875.5,2,2968,85.08746773731,Phase II
ENSG00000117020.17,0,1,0.0,Phase I
ENSG00000153187.20,0,1,0.0,Phase I
ENSG00000162711.17,0,1,0.0,Phase I
ENSG00000162722.9,0,1,0.0,Phase I
ENSG00000115705.21,4,3014,86.40665328362489,Phase II
ENSG00000171863.14,0,1,0.0,Phase I
ENSG00000134321.12,0,1,0.0,Phase I
ENSG00000115738.10,0,1,0.0,Phase I
ENSG00000119185.12,0,1,0.0,Phase I
ENSG00000151694.13,0,1,0.0,Phase I
ENSG00000134308.14,0,1,0.0,Phase I
ENSG00000134318.14,0,1,0.0,Phase I
ENSG00000071575.11,0,1,0.0,Phase I
ENSG00000079785.15,0,1,0.0,Phase I
ENSG00000163029.16,0,1,0.0,Phase I
ENSG00000115884.11,13,3192,91.5113277889303,Phase III
ENSG00000143878.9,0,1,0.0,Phase I
ENSG00000143869.7,5,3079,88.27071981646114,Phase II
ENSG00000084674.14,4,3014,86.40665328362489,Phase II
ENSG00000138031.14,0,1,0.0,Phase I
ENSG00000115138.11,27,3369,96.58732434757673,Phase IV
ENSG00000143970.16,0,1,0.0,Phase I
ENSG00000084731.15,0,1,0.0,Phase I
ENSG00000084733.11,0,1,0.0,Phase I
ENSG00000115163.15,0,1,0.0,Phase I
ENSG00000084693.16,0,1,0.0,Phase I
ENSG00000138080.13,18,3289,94.29308861485518,Phase IV
ENSG00000115211.15,0,1,0.0,Phase I
ENSG00000213639.10,0,1,0.0,Phase I
ENSG00000119801.13,0,1,0.0,Phase I
ENSG00000021574.12,0,1,0.0,Phase I
ENSG00000091106.19,0,1,0.0,Phase I
ENSG00000115760.14,0,1,0.0,Phase I
ENSG00000152689.18,0,1,0.0,Phase I
ENSG00000055332.18,0,1,0.0,Phase I
ENSG00000115828.17,0,1,0.0,Phase I
ENSG00000138061.12,0,1,0.0,Phase I
ENSG00000115904.12,0,1,0.0,Phase I
ENSG00000011566.15,0,1,0.0,Phase I
ENSG00000152518.8,0,1,0.0,Phase I
ENSG00000138032.21,0,1,0.0,Phase I
ENSG00000171132.14,0,1,0.0,Phase I
ENSG00000250565.7,0,1,0.0,Phase I
ENSG00000171150.9,0,1,0.0,Phase I
ENSG00000143933.17,0,1,0.0,Phase I
ENSG00000095002.14,0,1,0.0,Phase I
ENSG00000116062.15,0,1,0.0,Phase I
ENSG00000138081.20,0,1,0.0,Phase I
ENSG00000242441.8,32,3408,97.70576426727844,Phase IV
ENSG00000119737.5,3,2996,85.89045024376254,Phase II
ENSG00000068878.15,0,1,0.0,Phase I
ENSG00000115306.16,0,1,0.0,Phase I
ENSG00000143947.13,0,1,0.0,Phase I
ENSG00000138035.15,0,1,0.0,Phase I
ENSG00000028116.17,0,1,0.0,Phase I
ENSG00000162924.14,0,1,0.0,Phase I
ENSG00000162929.13,0,1,0.0,Phase I
ENSG00000082898.16,0,1,0.0,Phase I
ENSG00000173163.10,0,1,0.0,Phase I
ENSG00000197329.12,0,1,0.0,Phase I
ENSG00000138069.18,0,1,0.0,Phase I
ENSG00000138071.13,0,1,0.0,Phase I
ENSG00000221823.11,0,1,0.0,Phase I
ENSG00000196975.16,0,1,0.0,Phase I
ENSG00000135636.14,0,1,0.0,Phase I
ENSG00000144036.15,0,1,0.0,Phase I
ENSG00000163013.11,0,1,0.0,Phase I
ENSG00000124356.16,0,1,0.0,Phase I
ENSG00000204843.12,0,1,0.0,Phase I
ENSG00000114993.16,34,3415,97.9065098938916,Phase IV
ENSG00000115317.11,0,1,0.0,Phase I
ENSG00000115318.12,0,1,0.0,Phase I
ENSG00000135622.13,0,1,0.0,Phase I
ENSG00000176407.18,0,1,0.0,Phase I
ENSG00000118640.11,0,1,0.0,Phase I
ENSG00000115523.16,0,1,0.0,Phase I
ENSG00000115561.16,0,1,0.0,Phase I
ENSG00000153563.15,0,1,0.0,Phase I
ENSG00000172116.22,0,1,0.0,Phase I
ENSG00000172071.12,0,1,0.0,Phase I
ENSG00000211592.8,0,1,0.0,Phase I
ENSG00000239951.1,0,1,0.0,Phase I
ENSG00000168758.11,0,1,0.0,Phase I
ENSG00000115073.7,0,1,0.0,Phase I
ENSG00000115085.13,0,1,0.0,Phase I
ENSG00000158411.11,0,1,0.0,Phase I
ENSG00000144214.9,57,3468,99.42644106681962,Phase IV
ENSG00000144218.18,0,1,0.0,Phase I
ENSG00000170485.17,17,3246,93.05993690851734,Phase III
ENSG00000071082.11,0,1,0.0,Phase I
ENSG00000115590.14,0,1,0.0,Phase I
ENSG00000115594.12,0,1,0.0,Phase I
ENSG00000115598.10,15,3216,92.19959850874676,Phase III
ENSG00000115602.16,0,1,0.0,Phase I
ENSG00000115604.10,0,1,0.0,Phase I
ENSG00000115607.9,0,1,0.0,Phase I
ENSG00000071051.14,0,1,0.0,Phase I
ENSG00000169756.16,0,1,0.0,Phase I
ENSG00000153201.16,0,1,0.0,Phase I
ENSG00000135960.10,0,1,0.0,Phase I
ENSG00000186522.15,2,2968,85.08746773731,Phase II
ENSG00000153094.23,0,1,0.0,Phase I
ENSG00000153107.13,0,1,0.0,Phase I
ENSG00000153208.16,0,1,0.0,Phase I
ENSG00000144161.13,0,1,0.0,Phase I
ENSG00000144136.11,0,1,0.0,Phase I
ENSG00000125538.11,0,1,0.0,Phase I
ENSG00000136689.18,0,1,0.0,Phase I
ENSG00000115091.11,0,1,0.0,Phase I
ENSG00000088179.9,0,1,0.0,Phase I
ENSG00000163083.6,3,2996,85.89045024376254,Phase II
ENSG00000072163.19,27,3369,96.58732434757673,Phase IV
ENSG00000144231.11,0,1,0.0,Phase I
ENSG00000136699.19,0,1,0.0,Phase I
ENSG00000072135.13,0,1,0.0,Phase I
ENSG00000121966.6,0,1,0.0,Phase I
ENSG00000115919.15,0,1,0.0,Phase I
ENSG00000121989.15,0,1,0.0,Phase I
ENSG00000168280.17,0,1,0.0,Phase I
ENSG00000123610.5,0,1,0.0,Phase I
ENSG00000115145.10,0,1,0.0,Phase I
ENSG00000196504.16,0,1,0.0,Phase I
ENSG00000153234.14,10,3149,90.27817608259248,Phase III
ENSG00000123612.16,6,3102,88.93031258961858,Phase II
ENSG00000115170.13,0,1,0.0,Phase I
ENSG00000144283.21,0,1,0.0,Phase I
ENSG00000054219.11,0,1,0.0,Phase I
ENSG00000153246.13,4,3014,86.40665328362489,Phase II
ENSG00000136560.13,0,1,0.0,Phase I
ENSG00000115233.12,0,1,0.0,Phase I
ENSG00000197635.10,0,1,0.0,Phase I
ENSG00000115267.7,0,1,0.0,Phase I
ENSG00000115271.11,0,1,0.0,Phase I
ENSG00000198648.11,0,1,0.0,Phase I
ENSG00000077380.15,0,1,0.0,Phase I
ENSG00000091428.18,4,3014,86.40665328362489,Phase II
ENSG00000115935.17,0,1,0.0,Phase I
ENSG00000115966.17,0,1,0.0,Phase I
ENSG00000116044.16,0,1,0.0,Phase I
ENSG00000170035.16,0,1,0.0,Phase I
ENSG00000115232.14,0,1,0.0,Phase I
ENSG00000061676.15,0,1,0.0,Phase I
ENSG00000163002.13,0,1,0.0,Phase I
ENSG00000138448.12,0,1,0.0,Phase I
ENSG00000064989.13,15,3216,92.19959850874676,Phase III
ENSG00000168542.14,4,3014,86.40665328362489,Phase II
ENSG00000115415.18,0,1,0.0,Phase I
ENSG00000138378.19,0,1,0.0,Phase I
ENSG00000196950.14,0,1,0.0,Phase I
ENSG00000118997.14,14,3203,91.82678520217952,Phase III
ENSG00000138411.13,0,1,0.0,Phase I
ENSG00000144381.17,0,1,0.0,Phase I
ENSG00000003402.20,0,1,0.0,Phase I
ENSG00000003400.14,0,1,0.0,Phase I
ENSG00000064012.21,0,1,0.0,Phase I
ENSG00000116030.16,0,1,0.0,Phase I
ENSG00000204217.13,0,1,0.0,Phase I
ENSG00000138443.16,0,1,0.0,Phase I
ENSG00000178562.18,0,1,0.0,Phase I
ENSG00000163599.16,0,1,0.0,Phase I
ENSG00000163600.12,0,1,0.0,Phase I
ENSG00000118260.15,0,1,0.0,Phase I
ENSG00000163251.4,0,1,0.0,Phase I
ENSG00000138413.13,0,1,0.0,Phase I
ENSG00000115020.17,0,1,0.0,Phase I
ENSG00000144407.9,14,3203,91.82678520217952,Phase III
ENSG00000021826.15,12,3162,90.65098938915972,Phase III
ENSG00000178568.15,4,3014,86.40665328362489,Phase II
ENSG00000115414.19,18,3289,94.29308861485518,Phase IV
ENSG00000079246.16,0,1,0.0,Phase I
ENSG00000197756.9,0,1,0.0,Phase I
ENSG00000115457.10,26,3361,96.35790077430455,Phase IV
ENSG00000188282.12,18,3289,94.29308861485518,Phase IV
ENSG00000180871.8,0,1,0.0,Phase I
ENSG00000163464.7,0,1,0.0,Phase I
ENSG00000163466.16,0,1,0.0,Phase I
ENSG00000179921.15,0,1,0.0,Phase I
ENSG00000127837.9,0,1,0.0,Phase I
ENSG00000135926.15,0,1,0.0,Phase I
ENSG00000018280.17,0,1,0.0,Phase I
ENSG00000163481.8,0,1,0.0,Phase I
ENSG00000187736.12,0,1,0.0,Phase I
ENSG00000144589.22,0,1,0.0,Phase I
ENSG00000123983.14,0,1,0.0,Phase I
ENSG00000152056.17,0,1,0.0,Phase I
ENSG00000036257.13,0,1,0.0,Phase I
ENSG00000135905.19,0,1,0.0,Phase I
ENSG00000169047.5,0,1,0.0,Phase I
ENSG00000153823.18,2,2968,85.08746773731,Phase II
ENSG00000153827.13,0,1,0.0,Phase I
ENSG00000067066.17,0,1,0.0,Phase I
ENSG00000135932.11,0,1,0.0,Phase I
ENSG00000135916.16,0,1,0.0,Phase I
ENSG00000135898.10,0,1,0.0,Phase I
ENSG00000135930.14,0,1,0.0,Phase I
ENSG00000168918.14,0,1,0.0,Phase I
ENSG00000144481.17,4,3014,86.40665328362489,Phase II
ENSG00000144476.6,66,3478,99.7132205334098,Phase IV
ENSG00000198612.11,0,1,0.0,Phase I
ENSG00000124831.19,0,1,0.0,Phase I
ENSG00000184182.18,0,1,0.0,Phase I
ENSG00000132326.12,0,1,0.0,Phase I
ENSG00000204104.12,0,1,0.0,Phase I
ENSG00000065802.12,0,1,0.0,Phase I
ENSG00000068024.16,0,1,0.0,Phase I
ENSG00000178623.12,0,1,0.0,Phase I
ENSG00000168385.18,0,1,0.0,Phase I
ENSG00000006607.14,0,1,0.0,Phase I
ENSG00000188389.11,27,3369,96.58732434757673,Phase IV
ENSG00000091181.19,0,1,0.0,Phase I
ENSG00000150995.19,0,1,0.0,Phase I
ENSG00000196220.16,0,1,0.0,Phase I
ENSG00000241553.12,0,1,0.0,Phase I
ENSG00000250151.9,0,1,0.0,Phase I
ENSG00000171135.14,0,1,0.0,Phase I
ENSG00000163701.19,34,3415,97.9065098938916,Phase IV
ENSG00000163702.20,18,3289,94.29308861485518,Phase IV
ENSG00000254999.4,0,1,0.0,Phase I
ENSG00000134086.7,0,1,0.0,Phase I
ENSG00000134070.5,0,1,0.0,Phase I
ENSG00000157017.15,0,1,0.0,Phase I
ENSG00000157020.18,0,1,0.0,Phase I
ENSG00000197548.12,0,1,0.0,Phase I
ENSG00000157150.5,4,3014,86.40665328362489,Phase II
ENSG00000132170.21,2,2968,85.08746773731,Phase II
ENSG00000075975.16,0,1,0.0,Phase I
ENSG00000132155.11,0,1,0.0,Phase I
ENSG00000144713.12,0,1,0.0,Phase I
ENSG00000132182.12,0,1,0.0,Phase I
ENSG00000163517.15,45,3444,98.73817034700316,Phase IV
ENSG00000131381.12,0,1,0.0,Phase I
ENSG00000131378.14,0,1,0.0,Phase I
ENSG00000183960.9,4,3014,86.40665328362489,Phase II
ENSG00000144566.11,0,1,0.0,Phase I
ENSG00000114166.8,0,1,0.0,Phase I
ENSG00000182247.10,0,1,0.0,Phase I
ENSG00000170142.11,0,1,0.0,Phase I
ENSG00000197885.10,0,1,0.0,Phase I
ENSG00000174748.20,0,1,0.0,Phase I
ENSG00000174738.13,0,1,0.0,Phase I
ENSG00000077097.15,0,1,0.0,Phase I
ENSG00000163512.14,0,1,0.0,Phase I
ENSG00000144642.21,17,3246,93.05993690851734,Phase III
ENSG00000163513.17,0,1,0.0,Phase I
ENSG00000091317.8,0,1,0.0,Phase I
ENSG00000144635.9,0,1,0.0,Phase I
ENSG00000206557.6,8,3128,89.67593920275309,Phase III
ENSG00000183813.6,0,1,0.0,Phase I
ENSG00000170266.16,0,1,0.0,Phase I
ENSG00000153560.12,0,1,0.0,Phase I
ENSG00000170248.15,0,1,0.0,Phase I
ENSG00000008226.19,0,1,0.0,Phase I
ENSG00000060971.18,0,1,0.0,Phase I
ENSG00000172936.14,0,1,0.0,Phase I
ENSG00000172939.9,0,1,0.0,Phase I
ENSG00000172940.12,35,3420,98.0498996271867,Phase IV
ENSG00000114739.14,0,1,0.0,Phase I
ENSG00000168329.13,0,1,0.0,Phase I
ENSG00000179934.6,2,2968,85.08746773731,Phase II
ENSG00000168028.14,0,1,0.0,Phase I
ENSG00000188846.13,0,1,0.0,Phase I
ENSG00000168036.18,0,1,0.0,Phase I
ENSG00000114812.13,0,1,0.0,Phase I
ENSG00000196653.12,16,3231,92.62976770863206,Phase III
ENSG00000163808.17,0,1,0.0,Phase I
ENSG00000173585.16,5,3079,88.27071981646114,Phase II
ENSG00000172215.6,0,1,0.0,Phase I
ENSG00000173578.7,43,3440,98.62345856036708,Phase IV
ENSG00000183625.15,0,1,0.0,Phase I
ENSG00000163823.4,0,1,0.0,Phase I
ENSG00000121807.5,0,1,0.0,Phase I
ENSG00000160791.13,0,1,0.0,Phase I
ENSG00000121797.10,0,1,0.0,Phase I
ENSG00000012223.12,0,1,0.0,Phase I
ENSG00000160796.17,0,1,0.0,Phase I
ENSG00000181555.20,0,1,0.0,Phase I
ENSG00000076201.15,0,1,0.0,Phase I
ENSG00000173473.11,0,1,0.0,Phase I
ENSG00000164047.5,0,1,0.0,Phase I
ENSG00000213689.14,0,1,0.0,Phase I
ENSG00000164054.15,0,1,0.0,Phase I
ENSG00000225697.13,0,1,0.0,Phase I
ENSG00000213672.8,0,1,0.0,Phase I
ENSG00000068745.15,0,1,0.0,Phase I
ENSG00000114302.16,0,1,0.0,Phase I
ENSG00000177479.19,0,1,0.0,Phase I
ENSG00000178035.12,0,1,0.0,Phase I
ENSG00000185909.15,0,1,0.0,Phase I
ENSG00000067560.11,0,1,0.0,Phase I
ENSG00000145022.4,0,1,0.0,Phase I
ENSG00000173402.11,0,1,0.0,Phase I
ENSG00000164062.13,0,1,0.0,Phase I
ENSG00000164068.16,0,1,0.0,Phase I
ENSG00000182179.13,0,1,0.0,Phase I
ENSG00000183763.9,47,3446,98.7955262403212,Phase IV
ENSG00000114353.17,0,1,0.0,Phase I
ENSG00000012171.19,0,1,0.0,Phase I
ENSG00000114378.17,15,3216,92.19959850874676,Phase III
ENSG00000068001.14,0,1,0.0,Phase I
ENSG00000114383.10,0,1,0.0,Phase I
ENSG00000114737.15,0,1,0.0,Phase I
ENSG00000114738.11,0,1,0.0,Phase I
ENSG00000145041.15,0,1,0.0,Phase I
ENSG00000041880.14,0,1,0.0,Phase I
ENSG00000162244.11,0,1,0.0,Phase I
ENSG00000164086.10,0,1,0.0,Phase I
ENSG00000239732.3,0,1,0.0,Phase I
ENSG00000114841.17,0,1,0.0,Phase I
ENSG00000010319.6,18,3289,94.29308861485518,Phase IV
ENSG00000010327.10,0,1,0.0,Phase I
ENSG00000163939.18,0,1,0.0,Phase I
ENSG00000163938.17,0,1,0.0,Phase I
ENSG00000055955.16,0,1,0.0,Phase I
ENSG00000163932.14,0,1,0.0,Phase I
ENSG00000056736.10,4,3014,86.40665328362489,Phase II
ENSG00000163946.13,0,1,0.0,Phase I
ENSG00000157500.12,0,1,0.0,Phase I
ENSG00000174840.9,0,1,0.0,Phase I
ENSG00000136068.14,0,1,0.0,Phase I
ENSG00000163687.13,4,3014,86.40665328362489,Phase II
ENSG00000168297.15,0,1,0.0,Phase I
ENSG00000168301.13,1,2950,84.57126469744767,Phase II
ENSG00000163634.12,0,1,0.0,Phase I
ENSG00000163636.10,0,1,0.0,Phase I
ENSG00000163376.11,0,1,0.0,Phase I
ENSG00000144744.17,0,1,0.0,Phase I
ENSG00000114861.20,0,1,0.0,Phase I
ENSG00000163412.13,0,1,0.0,Phase I
ENSG00000170837.2,0,1,0.0,Phase I
ENSG00000163421.9,0,1,0.0,Phase I
ENSG00000169855.20,0,1,0.0,Phase I
ENSG00000083937.9,0,1,0.0,Phase I
ENSG00000184500.15,0,1,0.0,Phase I
ENSG00000154165.5,0,1,0.0,Phase I
ENSG00000064225.12,0,1,0.0,Phase I
ENSG00000114021.12,0,1,0.0,Phase I
ENSG00000154174.7,0,1,0.0,Phase I
ENSG00000114354.14,0,1,0.0,Phase I
ENSG00000138468.16,0,1,0.0,Phase I
ENSG00000144802.11,0,1,0.0,Phase I
ENSG00000114423.21,0,1,0.0,Phase I
ENSG00000196776.16,0,1,0.0,Phase I
ENSG00000198919.13,0,1,0.0,Phase I
ENSG00000163519.13,0,1,0.0,Phase I
ENSG00000153283.12,0,1,0.0,Phase I
ENSG00000174500.13,0,1,0.0,Phase I
ENSG00000091972.18,18,3289,94.29308861485518,Phase IV
ENSG00000186265.10,0,1,0.0,Phase I
ENSG00000163606.11,0,1,0.0,Phase I
ENSG00000114573.10,0,1,0.0,Phase I
ENSG00000181847.12,0,1,0.0,Phase I
ENSG00000181722.16,0,1,0.0,Phase I
ENSG00000176142.13,0,1,0.0,Phase I
ENSG00000121594.12,0,1,0.0,Phase I
ENSG00000082701.15,0,1,0.0,Phase I
ENSG00000144840.9,0,1,0.0,Phase I
ENSG00000153767.10,0,1,0.0,Phase I
ENSG00000163833.8,17,3246,93.05993690851734,Phase III
ENSG00000180353.11,0,1,0.0,Phase I
ENSG00000163406.11,0,1,0.0,Phase I
ENSG00000114013.16,0,1,0.0,Phase I
ENSG00000114030.13,0,1,0.0,Phase I
ENSG00000138496.16,0,1,0.0,Phase I
ENSG00000163840.10,0,1,0.0,Phase I
ENSG00000173193.15,0,1,0.0,Phase I
ENSG00000082781.12,0,1,0.0,Phase I
ENSG00000163848.19,0,1,0.0,Phase I
ENSG00000114520.11,0,1,0.0,Phase I
ENSG00000144909.8,0,1,0.0,Phase I
ENSG00000114631.11,8,3128,89.67593920275309,Phase III
ENSG00000074416.14,0,1,0.0,Phase I
ENSG00000058262.10,0,1,0.0,Phase I
ENSG00000179348.11,0,1,0.0,Phase I
ENSG00000075785.12,0,1,0.0,Phase I
ENSG00000169714.16,0,1,0.0,Phase I
ENSG00000183624.14,0,1,0.0,Phase I
ENSG00000196455.8,0,1,0.0,Phase I
ENSG00000017260.19,0,1,0.0,Phase I
ENSG00000014257.16,0,1,0.0,Phase I
ENSG00000138246.17,0,1,0.0,Phase I
ENSG00000081307.12,0,1,0.0,Phase I
ENSG00000129055.12,0,1,0.0,Phase I
ENSG00000182923.17,0,1,0.0,Phase I
ENSG00000158092.7,0,1,0.0,Phase I
ENSG00000174564.13,0,1,0.0,Phase I
ENSG00000114098.17,0,1,0.0,Phase I
ENSG00000158234.12,0,1,0.0,Phase I
ENSG00000051382.8,0,1,0.0,Phase I
ENSG00000155903.11,0,1,0.0,Phase I
ENSG00000114125.14,0,1,0.0,Phase I
ENSG00000144935.15,40,3436,98.508746773731,Phase IV
ENSG00000175040.6,0,1,0.0,Phase I
ENSG00000188313.13,0,1,0.0,Phase I
ENSG00000163754.17,0,1,0.0,Phase I
ENSG00000018408.14,17,3246,93.05993690851734,Phase III
ENSG00000181788.4,0,1,0.0,Phase I
ENSG00000169313.9,0,1,0.0,Phase I
ENSG00000181467.4,0,1,0.0,Phase I
ENSG00000174953.14,0,1,0.0,Phase I
ENSG00000196549.10,0,1,0.0,Phase I
ENSG00000163661.4,47,3446,98.7955262403212,Phase IV
ENSG00000168811.7,5,3079,88.27071981646114,Phase II
ENSG00000213186.8,0,1,0.0,Phase I
ENSG00000186432.9,0,1,0.0,Phase I
ENSG00000163558.13,0,1,0.0,Phase I
ENSG00000163584.18,0,1,0.0,Phase I
ENSG00000121858.11,0,1,0.0,Phase I
ENSG00000114346.13,0,1,0.0,Phase I
ENSG00000169760.17,5,3079,88.27071981646114,Phase II
ENSG00000121879.5,0,1,0.0,Phase I
ENSG00000121864.10,0,1,0.0,Phase I
ENSG00000114450.10,0,1,0.0,Phase I
ENSG00000136518.17,0,1,0.0,Phase I
ENSG00000114416.18,0,1,0.0,Phase I
ENSG00000058063.16,0,1,0.0,Phase I
ENSG00000078081.8,11,3155,90.4502437625466,Phase III
ENSG00000145191.14,0,1,0.0,Phase I
ENSG00000161203.13,0,1,0.0,Phase I
ENSG00000175166.17,0,1,0.0,Phase I
ENSG00000114867.20,0,1,0.0,Phase I
ENSG00000163882.9,0,1,0.0,Phase I
ENSG00000182580.3,2,2968,85.08746773731,Phase II
ENSG00000113790.11,2,2968,85.08746773731,Phase II
ENSG00000073803.14,0,1,0.0,Phase I
ENSG00000073792.15,0,1,0.0,Phase I
ENSG00000156976.17,0,1,0.0,Phase I
ENSG00000163923.10,18,3289,94.29308861485518,Phase IV
ENSG00000136514.3,0,1,0.0,Phase I
ENSG00000113916.18,0,1,0.0,Phase I
ENSG00000196083.10,0,1,0.0,Phase I
ENSG00000114315.4,18,3289,94.29308861485518,Phase IV
ENSG00000176945.17,7,3113,89.2457700028678,Phase II
ENSG00000145113.22,4,3014,86.40665328362489,Phase II
ENSG00000072274.13,0,1,0.0,Phase I
ENSG00000163961.4,0,1,0.0,Phase I
ENSG00000174004.6,0,1,0.0,Phase I
ENSG00000180370.10,0,1,0.0,Phase I
ENSG00000163975.12,20,3349,96.01376541439632,Phase IV
ENSG00000075711.20,0,1,0.0,Phase I
ENSG00000182899.16,0,1,0.0,Phase I
ENSG00000215375.6,0,1,0.0,Phase I
ENSG00000159692.15,0,1,0.0,Phase I
ENSG00000063978.16,0,1,0.0,Phase I
ENSG00000168884.14,0,1,0.0,Phase I
ENSG00000145220.14,0,1,0.0,Phase I
ENSG00000168826.16,0,1,0.0,Phase I
ENSG00000163993.7,0,1,0.0,Phase I
ENSG00000118564.14,0,1,0.0,Phase I
ENSG00000109743.11,0,1,0.0,Phase I
ENSG00000004468.13,0,1,0.0,Phase I
ENSG00000169762.17,0,1,0.0,Phase I
ENSG00000145147.20,4,3014,86.40665328362489,Phase II
ENSG00000109819.9,35,3420,98.0498996271867,Phase IV
ENSG00000109606.13,0,1,0.0,Phase I
ENSG00000109618.12,0,1,0.0,Phase I
ENSG00000053900.10,0,1,0.0,Phase I
ENSG00000168214.20,0,1,0.0,Phase I
ENSG00000169299.14,0,1,0.0,Phase I
ENSG00000174123.11,0,1,0.0,Phase I
ENSG00000174125.8,0,1,0.0,Phase I
ENSG00000174130.12,0,1,0.0,Phase I
ENSG00000109790.16,0,1,0.0,Phase I
ENSG00000163682.16,0,1,0.0,Phase I
ENSG00000121897.14,0,1,0.0,Phase I
ENSG00000078140.14,0,1,0.0,Phase I
ENSG00000121892.15,0,1,0.0,Phase I
ENSG00000168421.13,0,1,0.0,Phase I
ENSG00000163694.15,0,1,0.0,Phase I
ENSG00000124406.16,0,1,0.0,Phase I
ENSG00000074966.11,0,1,0.0,Phase I
ENSG00000135605.13,0,1,0.0,Phase I
ENSG00000163069.12,0,1,0.0,Phase I
ENSG00000157404.15,7,3113,89.2457700028678,Phase II
ENSG00000134852.15,0,1,0.0,Phase I
ENSG00000084093.17,0,1,0.0,Phase I
ENSG00000047315.16,0,1,0.0,Phase I
ENSG00000033178.13,0,1,0.0,Phase I
ENSG00000132465.11,0,1,0.0,Phase I
ENSG00000132463.14,0,1,0.0,Phase I
ENSG00000132466.18,0,1,0.0,Phase I
ENSG00000169429.11,5,3079,88.27071981646114,Phase II
ENSG00000124875.10,17,3246,93.05993690851734,Phase III
ENSG00000109272.4,0,1,0.0,Phase I
ENSG00000163739.4,14,3203,91.82678520217952,Phase III
ENSG00000163737.3,0,1,0.0,Phase I
ENSG00000163736.4,0,1,0.0,Phase I
ENSG00000163735.7,0,1,0.0,Phase I
ENSG00000163734.4,12,3162,90.65098938915972,Phase III
ENSG00000081041.9,27,3369,96.58732434757673,Phase IV
ENSG00000124882.4,38,3425,98.1932893604818,Phase IV
ENSG00000163743.13,0,1,0.0,Phase I
ENSG00000138757.14,0,1,0.0,Phase I
ENSG00000138755.5,12,3162,90.65098938915972,Phase III
ENSG00000169245.6,27,3369,96.58732434757673,Phase IV
ENSG00000169248.12,5,3079,88.27071981646114,Phase II
ENSG00000138750.15,0,1,0.0,Phase I
ENSG00000118804.8,0,1,0.0,Phase I
ENSG00000138758.11,0,1,0.0,Phase I
ENSG00000138772.13,0,1,0.0,Phase I
ENSG00000163297.17,0,1,0.0,Phase I
ENSG00000152785.7,4,3014,86.40665328362489,Phase II
ENSG00000152795.17,0,1,0.0,Phase I
ENSG00000138674.17,0,1,0.0,Phase I
ENSG00000145287.10,0,1,0.0,Phase I
ENSG00000173083.15,0,1,0.0,Phase I
ENSG00000163624.6,27,3369,96.58732434757673,Phase IV
ENSG00000109339.22,17,3246,93.05993690851734,Phase III
ENSG00000163629.13,1,2950,84.57126469744767,Phase II
ENSG00000138642.14,0,1,0.0,Phase I
ENSG00000138646.9,0,1,0.0,Phase I
ENSG00000138641.17,0,1,0.0,Phase I
ENSG00000145335.15,0,1,0.0,Phase I
ENSG00000151247.12,0,1,0.0,Phase I
ENSG00000070190.13,0,1,0.0,Phase I
ENSG00000109270.13,0,1,0.0,Phase I
ENSG00000138814.17,0,1,0.0,Phase I
ENSG00000153064.12,0,1,0.0,Phase I
ENSG00000138821.13,0,1,0.0,Phase I
ENSG00000109320.12,0,1,0.0,Phase I
ENSG00000109323.9,0,1,0.0,Phase I
ENSG00000109332.20,0,1,0.0,Phase I
ENSG00000138778.11,0,1,0.0,Phase I
ENSG00000138795.10,0,1,0.0,Phase I
ENSG00000109475.16,0,1,0.0,Phase I
ENSG00000138802.11,0,1,0.0,Phase I
ENSG00000138660.11,0,1,0.0,Phase I
ENSG00000145365.11,0,1,0.0,Phase I
ENSG00000073331.18,0,1,0.0,Phase I
ENSG00000174720.16,0,1,0.0,Phase I
ENSG00000145349.17,0,1,0.0,Phase I
ENSG00000150961.15,0,1,0.0,Phase I
ENSG00000050730.16,63,3474,99.59850874677372,Phase IV
ENSG00000145386.10,0,1,0.0,Phase I
ENSG00000138686.9,0,1,0.0,Phase I
ENSG00000138684.8,27,3369,96.58732434757673,Phase IV
ENSG00000181004.10,0,1,0.0,Phase I
ENSG00000151014.6,0,1,0.0,Phase I
ENSG00000085871.9,0,1,0.0,Phase I
ENSG00000179387.10,0,1,0.0,Phase I
ENSG00000164136.17,0,1,0.0,Phase I
ENSG00000109458.8,0,1,0.0,Phase I
ENSG00000164162.14,0,1,0.0,Phase I
ENSG00000164163.11,0,1,0.0,Phase I
ENSG00000164164.16,0,1,0.0,Phase I
ENSG00000071205.11,0,1,0.0,Phase I
ENSG00000151623.15,0,1,0.0,Phase I
ENSG00000145425.10,0,1,0.0,Phase I
ENSG00000109670.15,0,1,0.0,Phase I
ENSG00000109654.15,6,3102,88.93031258961858,Phase II
ENSG00000121210.16,0,1,0.0,Phase I
ENSG00000137462.7,0,1,0.0,Phase I
ENSG00000145423.5,17,3246,93.05993690851734,Phase III
ENSG00000164114.19,0,1,0.0,Phase I
ENSG00000256043.3,0,1,0.0,Phase I
ENSG00000171497.5,0,1,0.0,Phase I
ENSG00000109756.9,0,1,0.0,Phase I
ENSG00000109466.14,0,1,0.0,Phase I
ENSG00000137628.17,0,1,0.0,Phase I
ENSG00000181381.13,0,1,0.0,Phase I
ENSG00000154447.15,0,1,0.0,Phase I
ENSG00000164104.11,0,1,0.0,Phase I
ENSG00000150630.4,49,3454,99.02494981359334,Phase IV
ENSG00000038002.9,0,1,0.0,Phase I
ENSG00000168310.11,0,1,0.0,Phase I
ENSG00000164305.19,0,1,0.0,Phase I
ENSG00000151726.14,0,1,0.0,Phase I
ENSG00000151729.11,0,1,0.0,Phase I
ENSG00000164342.12,63,3474,99.59850874677372,Phase IV
ENSG00000164344.16,0,1,0.0,Phase I
ENSG00000249915.8,0,1,0.0,Phase I
ENSG00000180104.16,0,1,0.0,Phase I
ENSG00000188818.12,16,3231,92.62976770863206,Phase III
ENSG00000153395.10,0,1,0.0,Phase I
ENSG00000078295.16,12,3162,90.65098938915972,Phase III
ENSG00000112902.12,26,3361,96.35790077430455,Phase IV
ENSG00000112977.15,0,1,0.0,Phase I
ENSG00000038382.20,0,1,0.0,Phase I
ENSG00000154124.4,0,1,0.0,Phase I
ENSG00000145555.15,0,1,0.0,Phase I
ENSG00000113361.13,10,3149,90.27817608259248,Phase III
ENSG00000113360.16,0,1,0.0,Phase I
ENSG00000133401.16,15,3216,92.19959850874676,Phase III
ENSG00000113384.14,0,1,0.0,Phase I
ENSG00000151388.11,4,3014,86.40665328362489,Phase II
ENSG00000082196.20,47,3446,98.7955262403212,Phase IV
ENSG00000113494.17,30,3405,97.6197304273014,Phase IV
ENSG00000168685.15,0,1,0.0,Phase I
ENSG00000145604.15,0,1,0.0,Phase I
ENSG00000164190.18,0,1,0.0,Phase I
ENSG00000113569.16,0,1,0.0,Phase I
ENSG00000113594.10,4,3014,86.40665328362489,Phase II
ENSG00000145623.13,4,3014,86.40665328362489,Phase II
ENSG00000164327.13,0,1,0.0,Phase I
ENSG00000082074.17,0,1,0.0,Phase I
ENSG00000113600.11,0,1,0.0,Phase I
ENSG00000171522.6,0,1,0.0,Phase I
ENSG00000132356.11,0,1,0.0,Phase I
ENSG00000145592.14,0,1,0.0,Phase I
ENSG00000151876.13,0,1,0.0,Phase I
ENSG00000172262.11,0,1,0.0,Phase I
ENSG00000151882.11,0,1,0.0,Phase I
ENSG00000172239.14,0,1,0.0,Phase I
ENSG00000164171.11,0,1,0.0,Phase I
ENSG00000178996.14,0,1,0.0,Phase I
ENSG00000164509.14,18,3289,94.29308861485518,Phase IV
ENSG00000134352.20,0,1,0.0,Phase I
ENSG00000095015.6,0,1,0.0,Phase I
ENSG00000145632.15,8,3128,89.67593920275309,Phase III
ENSG00000175857.8,0,1,0.0,Phase I
ENSG00000113448.19,0,1,0.0,Phase I
ENSG00000068796.16,0,1,0.0,Phase I
ENSG00000186105.8,0,1,0.0,Phase I
ENSG00000113597.18,0,1,0.0,Phase I
ENSG00000112851.14,0,1,0.0,Phase I
ENSG00000134061.5,0,1,0.0,Phase I
ENSG00000145675.15,0,1,0.0,Phase I
ENSG00000273841.5,0,1,0.0,Phase I
ENSG00000197822.11,18,3289,94.29308861485518,Phase IV
ENSG00000183474.15,0,1,0.0,Phase I
ENSG00000249437.7,0,1,0.0,Phase I
ENSG00000145736.14,0,1,0.0,Phase I
ENSG00000171617.14,0,1,0.0,Phase I
ENSG00000049860.14,0,1,0.0,Phase I
ENSG00000122012.14,26,3361,96.35790077430455,Phase IV
ENSG00000145703.16,0,1,0.0,Phase I
ENSG00000181104.7,0,1,0.0,Phase I
ENSG00000164251.5,0,1,0.0,Phase I
ENSG00000145708.11,7,3113,89.2457700028678,Phase II
ENSG00000164253.14,0,1,0.0,Phase I
ENSG00000085365.18,0,1,0.0,Phase I
ENSG00000113273.17,0,1,0.0,Phase I
ENSG00000164300.17,0,1,0.0,Phase I
ENSG00000186468.13,0,1,0.0,Phase I
ENSG00000145715.14,0,1,0.0,Phase I
ENSG00000081189.15,0,1,0.0,Phase I
ENSG00000113356.12,0,1,0.0,Phase I
ENSG00000164307.13,0,1,0.0,Phase I
ENSG00000164308.16,0,1,0.0,Phase I
ENSG00000113441.16,0,1,0.0,Phase I
ENSG00000153922.10,0,1,0.0,Phase I
ENSG00000173930.9,0,1,0.0,Phase I
ENSG00000181751.10,0,1,0.0,Phase I
ENSG00000184349.13,43,3440,98.62345856036708,Phase IV
ENSG00000145743.15,0,1,0.0,Phase I
ENSG00000151422.13,0,1,0.0,Phase I
ENSG00000198961.10,0,1,0.0,Phase I
ENSG00000152495.11,0,1,0.0,Phase I
ENSG00000134982.17,0,1,0.0,Phase I
ENSG00000047188.16,0,1,0.0,Phase I
ENSG00000152503.9,0,1,0.0,Phase I
ENSG00000251201.8,0,1,0.0,Phase I
ENSG00000243414.5,0,1,0.0,Phase I
ENSG00000129596.5,12,3162,90.65098938915972,Phase III
ENSG00000145782.13,0,1,0.0,Phase I
ENSG00000092421.16,17,3246,93.05993690851734,Phase III
ENSG00000113368.12,0,1,0.0,Phase I
ENSG00000064651.14,0,1,0.0,Phase I
ENSG00000217128.12,0,1,0.0,Phase I
ENSG00000164398.13,0,1,0.0,Phase I
ENSG00000197375.12,0,1,0.0,Phase I
ENSG00000125347.14,0,1,0.0,Phase I
ENSG00000113520.11,4,3014,86.40665328362489,Phase II
ENSG00000131437.15,0,1,0.0,Phase I
ENSG00000164402.14,1,2950,84.57126469744767,Phase II
ENSG00000164406.7,0,1,0.0,Phase I
ENSG00000081059.20,0,1,0.0,Phase I
ENSG00000113558.18,0,1,0.0,Phase I
ENSG00000113575.10,0,1,0.0,Phase I
ENSG00000119048.7,0,1,0.0,Phase I
ENSG00000152700.14,0,1,0.0,Phase I
ENSG00000113615.13,0,1,0.0,Phase I
ENSG00000146021.15,0,1,0.0,Phase I
ENSG00000177733.6,0,1,0.0,Phase I
ENSG00000112984.12,0,1,0.0,Phase I
ENSG00000094880.11,0,1,0.0,Phase I
ENSG00000120738.8,17,3246,93.05993690851734,Phase III
ENSG00000113013.14,0,1,0.0,Phase I
ENSG00000044115.21,0,1,0.0,Phase I
ENSG00000170476.15,0,1,0.0,Phase I
ENSG00000184584.13,0,1,0.0,Phase I
ENSG00000131508.16,0,1,0.0,Phase I
ENSG00000171604.12,0,1,0.0,Phase I
ENSG00000120306.11,0,1,0.0,Phase I
ENSG00000113070.8,17,3246,93.05993690851734,Phase III
ENSG00000170458.14,0,1,0.0,Phase I
ENSG00000131495.8,0,1,0.0,Phase I
ENSG00000253953.2,18,3289,94.29308861485518,Phase IV
ENSG00000240184.7,18,3289,94.29308861485518,Phase IV
ENSG00000131504.17,0,1,0.0,Phase I
ENSG00000171720.10,0,1,0.0,Phase I
ENSG00000013561.18,0,1,0.0,Phase I
ENSG00000113552.16,0,1,0.0,Phase I
ENSG00000131507.11,0,1,0.0,Phase I
ENSG00000145868.16,0,1,0.0,Phase I
ENSG00000169252.5,0,1,0.0,Phase I
ENSG00000182578.13,0,1,0.0,Phase I
ENSG00000070814.19,0,1,0.0,Phase I
ENSG00000019582.15,0,1,0.0,Phase I
ENSG00000164587.13,0,1,0.0,Phase I
ENSG00000132912.12,0,1,0.0,Phase I
ENSG00000237693.4,28,3401,97.50501864066533,Phase IV
ENSG00000145901.15,0,1,0.0,Phase I
ENSG00000196743.8,0,1,0.0,Phase I
ENSG00000177556.12,0,1,0.0,Phase I
ENSG00000145907.15,0,1,0.0,Phase I
ENSG00000037749.12,0,1,0.0,Phase I
ENSG00000155506.17,0,1,0.0,Phase I
ENSG00000170624.13,26,3361,96.35790077430455,Phase IV
ENSG00000113249.12,18,3289,94.29308861485518,Phase IV
ENSG00000135077.9,0,1,0.0,Phase I
ENSG00000113263.12,0,1,0.0,Phase I
ENSG00000055163.20,0,1,0.0,Phase I
ENSG00000134516.16,0,1,0.0,Phase I
ENSG00000043462.12,0,1,0.0,Phase I
ENSG00000181163.13,0,1,0.0,Phase I
ENSG00000072803.17,0,1,0.0,Phase I
ENSG00000072786.13,0,1,0.0,Phase I
ENSG00000120129.6,0,1,0.0,Phase I
ENSG00000037241.7,0,1,0.0,Phase I
ENSG00000113732.9,0,1,0.0,Phase I
ENSG00000113749.7,0,1,0.0,Phase I
ENSG00000051596.9,0,1,0.0,Phase I
ENSG00000175416.13,0,1,0.0,Phase I
ENSG00000113194.13,0,1,0.0,Phase I
ENSG00000169228.14,0,1,0.0,Phase I
ENSG00000169230.10,0,1,0.0,Phase I
ENSG00000131187.9,5,3079,88.27071981646114,Phase II
ENSG00000146094.14,0,1,0.0,Phase I
ENSG00000183258.12,0,1,0.0,Phase I
ENSG00000127022.15,0,1,0.0,Phase I
ENSG00000161011.20,0,1,0.0,Phase I
ENSG00000113269.14,0,1,0.0,Phase I
ENSG00000050748.17,0,1,0.0,Phase I
ENSG00000037280.16,40,3436,98.508746773731,Phase IV
ENSG00000113303.11,1,2950,84.57126469744767,Phase II
ENSG00000168903.8,13,3192,91.5113277889303,Phase III
ENSG00000165810.17,5,3079,88.27071981646114,Phase II
ENSG00000146054.18,2,2968,85.08746773731,Phase II
ENSG00000146063.20,0,1,0.0,Phase I
ENSG00000183718.5,0,1,0.0,Phase I
ENSG00000137265.15,0,1,0.0,Phase I
ENSG00000112685.14,0,1,0.0,Phase I
ENSG00000054598.8,3,2996,85.89045024376254,Phase II
ENSG00000021355.13,0,1,0.0,Phase I
ENSG00000170542.6,0,1,0.0,Phase I
ENSG00000124570.19,0,1,0.0,Phase I
ENSG00000137275.14,0,1,0.0,Phase I
ENSG00000124491.15,0,1,0.0,Phase I
ENSG00000112799.9,0,1,0.0,Phase I
ENSG00000124782.20,0,1,0.0,Phase I
ENSG00000153162.9,0,1,0.0,Phase I
ENSG00000239264.8,0,1,0.0,Phase I
ENSG00000111859.17,0,1,0.0,Phase I
ENSG00000111863.12,0,1,0.0,Phase I
ENSG00000078401.7,12,3162,90.65098938915972,Phase III
ENSG00000180537.13,0,1,0.0,Phase I
ENSG00000007944.15,0,1,0.0,Phase I
ENSG00000124789.11,0,1,0.0,Phase I
ENSG00000137177.20,0,1,0.0,Phase I
ENSG00000137393.9,0,1,0.0,Phase I
ENSG00000112242.15,0,1,0.0,Phase I
ENSG00000124766.6,0,1,0.0,Phase I
ENSG00000172179.12,34,3415,97.9065098938916,Phase IV
ENSG00000112293.15,0,1,0.0,Phase I
ENSG00000111913.18,0,1,0.0,Phase I
ENSG00000079691.18,0,1,0.0,Phase I
ENSG00000112343.11,0,1,0.0,Phase I
ENSG00000278637.1,0,1,0.0,Phase I
ENSG00000278705.1,0,1,0.0,Phase I
ENSG00000276410.3,0,1,0.0,Phase I
ENSG00000010704.18,0,1,0.0,Phase I
ENSG00000197061.4,0,1,0.0,Phase I
ENSG00000180596.7,0,1,0.0,Phase I
ENSG00000158373.8,0,1,0.0,Phase I
ENSG00000274290.2,0,1,0.0,Phase I
ENSG00000277157.1,0,1,0.0,Phase I
ENSG00000277224.2,0,1,0.0,Phase I
ENSG00000276966.2,0,1,0.0,Phase I
ENSG00000273802.2,0,1,0.0,Phase I
ENSG00000274618.1,0,1,0.0,Phase I
ENSG00000277775.1,0,1,0.0,Phase I
ENSG00000275713.2,0,1,0.0,Phase I
ENSG00000278588.1,0,1,0.0,Phase I
ENSG00000158406.4,0,1,0.0,Phase I
ENSG00000186470.14,0,1,0.0,Phase I
ENSG00000124508.16,0,1,0.0,Phase I
ENSG00000026950.17,0,1,0.0,Phase I
ENSG00000124549.14,0,1,0.0,Phase I
ENSG00000111801.16,0,1,0.0,Phase I
ENSG00000112763.17,0,1,0.0,Phase I
ENSG00000124635.8,0,1,0.0,Phase I
ENSG00000276180.1,0,1,0.0,Phase I
ENSG00000197903.7,0,1,0.0,Phase I
ENSG00000185130.5,0,1,0.0,Phase I
ENSG00000273703.1,0,1,0.0,Phase I
ENSG00000197238.4,27,3369,96.58732434757673,Phase IV
ENSG00000273542.1,5,3079,88.27071981646114,Phase II
ENSG00000233822.4,0,1,0.0,Phase I
ENSG00000275126.1,0,1,0.0,Phase I
ENSG00000274641.1,0,1,0.0,Phase I
ENSG00000204713.11,0,1,0.0,Phase I
ENSG00000204642.14,0,1,0.0,Phase I
ENSG00000204632.11,0,1,0.0,Phase I
ENSG00000206503.13,0,1,0.0,Phase I
ENSG00000204619.8,0,1,0.0,Phase I
ENSG00000204614.9,5,3079,88.27071981646114,Phase II
ENSG00000204613.11,0,1,0.0,Phase I
ENSG00000234127.9,0,1,0.0,Phase I
ENSG00000204599.14,0,1,0.0,Phase I
ENSG00000204592.9,0,1,0.0,Phase I
ENSG00000204590.12,0,1,0.0,Phase I
ENSG00000204568.12,0,1,0.0,Phase I
ENSG00000204560.10,0,1,0.0,Phase I
ENSG00000196230.13,0,1,0.0,Phase I
ENSG00000137312.15,0,1,0.0,Phase I
ENSG00000213780.11,0,1,0.0,Phase I
ENSG00000204525.16,0,1,0.0,Phase I
ENSG00000234745.11,0,1,0.0,Phase I
ENSG00000204520.13,0,1,0.0,Phase I
ENSG00000204516.10,0,1,0.0,Phase I
ENSG00000198563.14,0,1,0.0,Phase I
ENSG00000213760.10,8,3128,89.67593920275309,Phase III
ENSG00000204498.11,3,2996,85.89045024376254,Phase II
ENSG00000226979.8,28,3401,97.50501864066533,Phase IV
ENSG00000232810.4,0,1,0.0,Phase I
ENSG00000227507.2,0,1,0.0,Phase I
ENSG00000204482.10,0,1,0.0,Phase I
ENSG00000204475.10,60,3470,99.48379696013764,Phase IV
ENSG00000204472.13,0,1,0.0,Phase I
ENSG00000204435.13,0,1,0.0,Phase I
ENSG00000204389.9,0,1,0.0,Phase I
ENSG00000204388.7,0,1,0.0,Phase I
ENSG00000243649.8,27,3369,96.58732434757673,Phase IV
ENSG00000244731.8,4,3014,86.40665328362489,Phase II
ENSG00000213676.13,0,1,0.0,Phase I
ENSG00000204310.13,0,1,0.0,Phase I
ENSG00000204305.14,0,1,0.0,Phase I
ENSG00000213654.10,0,1,0.0,Phase I
ENSG00000204287.14,0,1,0.0,Phase I
ENSG00000198502.6,0,1,0.0,Phase I
ENSG00000196126.11,0,1,0.0,Phase I
ENSG00000196735.11,0,1,0.0,Phase I
ENSG00000179344.16,0,1,0.0,Phase I
ENSG00000237541.3,95,3486,99.94264410668195,Phase IV
ENSG00000232629.9,2,2968,85.08746773731,Phase II
ENSG00000241106.8,0,1,0.0,Phase I
ENSG00000204264.10,0,1,0.0,Phase I
ENSG00000240065.8,0,1,0.0,Phase I
ENSG00000242574.9,0,1,0.0,Phase I
ENSG00000204257.15,0,1,0.0,Phase I
ENSG00000204252.14,0,1,0.0,Phase I
ENSG00000231389.7,0,1,0.0,Phase I
ENSG00000223865.11,0,1,0.0,Phase I
ENSG00000204231.10,0,1,0.0,Phase I
ENSG00000112473.18,0,1,0.0,Phase I
ENSG00000231925.11,0,1,0.0,Phase I
ENSG00000030110.13,0,1,0.0,Phase I
ENSG00000096433.11,0,1,0.0,Phase I
ENSG00000137309.19,0,1,0.0,Phase I
ENSG00000124614.15,0,1,0.0,Phase I
ENSG00000196821.10,0,1,0.0,Phase I
ENSG00000064995.17,0,1,0.0,Phase I
ENSG00000112033.14,0,1,0.0,Phase I
ENSG00000198755.11,0,1,0.0,Phase I
ENSG00000096063.16,0,1,0.0,Phase I
ENSG00000112062.10,0,1,0.0,Phase I
ENSG00000156711.17,0,1,0.0,Phase I
ENSG00000124762.13,0,1,0.0,Phase I
ENSG00000255587.9,0,1,0.0,Phase I
ENSG00000137193.14,0,1,0.0,Phase I
ENSG00000112130.17,0,1,0.0,Phase I
ENSG00000124767.7,0,1,0.0,Phase I
ENSG00000124721.17,18,3289,94.29308861485518,Phase IV
ENSG00000124602.10,0,1,0.0,Phase I
ENSG00000161911.11,0,1,0.0,Phase I
ENSG00000112195.9,0,1,0.0,Phase I
ENSG00000188056.11,32,3408,97.70576426727844,Phase IV
ENSG00000124731.13,0,1,0.0,Phase I
ENSG00000112561.18,0,1,0.0,Phase I
ENSG00000112576.12,0,1,0.0,Phase I
ENSG00000137413.16,0,1,0.0,Phase I
ENSG00000024048.10,0,1,0.0,Phase I
ENSG00000171611.9,0,1,0.0,Phase I
ENSG00000137161.16,0,1,0.0,Phase I
ENSG00000112640.15,0,1,0.0,Phase I
ENSG00000044090.8,0,1,0.0,Phase I
ENSG00000137171.15,0,1,0.0,Phase I
ENSG00000112658.8,0,1,0.0,Phase I
ENSG00000172426.16,13,3192,91.5113277889303,Phase III
ENSG00000112715.21,0,1,0.0,Phase I
ENSG00000096384.20,0,1,0.0,Phase I
ENSG00000157593.19,0,1,0.0,Phase I
ENSG00000146232.16,0,1,0.0,Phase I
ENSG00000001561.7,0,1,0.0,Phase I
ENSG00000146070.16,22,3356,96.21451104100946,Phase IV
ENSG00000146072.6,17,3246,93.05993690851734,Phase III
ENSG00000198087.7,0,1,0.0,Phase I
ENSG00000096006.11,0,1,0.0,Phase I
ENSG00000170927.14,12,3162,90.65098938915972,Phase III
ENSG00000096093.16,0,1,0.0,Phase I
ENSG00000112146.16,0,1,0.0,Phase I
ENSG00000112210.12,0,1,0.0,Phase I
ENSG00000164430.16,0,1,0.0,Phase I
ENSG00000156508.18,0,1,0.0,Phase I
ENSG00000112697.16,0,1,0.0,Phase I
ENSG00000146243.14,0,1,0.0,Phase I
ENSG00000118420.17,0,1,0.0,Phase I
ENSG00000135318.12,0,1,0.0,Phase I
ENSG00000271793.1,0,1,0.0,Phase I
ENSG00000135316.17,0,1,0.0,Phase I
ENSG00000135336.14,0,1,0.0,Phase I
ENSG00000135334.9,0,1,0.0,Phase I
ENSG00000198833.7,0,1,0.0,Phase I
ENSG00000135341.18,0,1,0.0,Phase I
ENSG00000014123.10,0,1,0.0,Phase I
ENSG00000123545.6,0,1,0.0,Phase I
ENSG00000112234.9,0,1,0.0,Phase I
ENSG00000085382.12,0,1,0.0,Phase I
ENSG00000057657.17,0,1,0.0,Phase I
ENSG00000057663.16,0,1,0.0,Phase I
ENSG00000272398.6,0,1,0.0,Phase I
ENSG00000081087.15,0,1,0.0,Phase I
ENSG00000112335.15,0,1,0.0,Phase I
ENSG00000118689.15,0,1,0.0,Phase I
ENSG00000112290.13,3,2996,85.89045024376254,Phase II
ENSG00000056972.19,0,1,0.0,Phase I
ENSG00000010810.17,0,1,0.0,Phase I
ENSG00000196591.12,0,1,0.0,Phase I
ENSG00000111816.8,12,3162,90.65098938915972,Phase III
ENSG00000196911.10,0,1,0.0,Phase I
ENSG00000146373.16,0,1,0.0,Phase I
ENSG00000172673.10,0,1,0.0,Phase I
ENSG00000196569.12,18,3289,94.29308861485518,Phase IV
ENSG00000118520.14,0,1,0.0,Phase I
ENSG00000154269.15,16,3231,92.62976770863206,Phase III
ENSG00000197594.13,5,3079,88.27071981646114,Phase II
ENSG00000079950.14,0,1,0.0,Phase I
ENSG00000146399.1,12,3162,90.65098938915972,Phase III
ENSG00000112299.8,0,1,0.0,Phase I
ENSG00000112306.8,0,1,0.0,Phase I
ENSG00000028839.10,0,1,0.0,Phase I
ENSG00000027697.14,0,1,0.0,Phase I
ENSG00000118503.15,0,1,0.0,Phase I
ENSG00000051620.11,0,1,0.0,Phase I
ENSG00000001036.13,0,1,0.0,Phase I
ENSG00000118496.5,0,1,0.0,Phase I
ENSG00000111961.18,1,2950,84.57126469744767,Phase II
ENSG00000055208.19,0,1,0.0,Phase I
ENSG00000177688.6,0,1,0.0,Phase I
ENSG00000120253.14,0,1,0.0,Phase I
ENSG00000131019.11,17,3246,93.05993690851734,Phase III
ENSG00000181472.5,0,1,0.0,Phase I
ENSG00000091831.23,0,1,0.0,Phase I
ENSG00000112038.18,4,3014,86.40665328362489,Phase II
ENSG00000049618.23,0,1,0.0,Phase I
ENSG00000130340.15,0,1,0.0,Phase I
ENSG00000146425.11,0,1,0.0,Phase I
ENSG00000092820.18,0,1,0.0,Phase I
ENSG00000120438.12,0,1,0.0,Phase I
ENSG00000197081.13,0,1,0.0,Phase I
ENSG00000185345.21,27,3369,96.58732434757673,Phase IV
ENSG00000071242.12,0,1,0.0,Phase I
ENSG00000026297.15,0,1,0.0,Phase I
ENSG00000112486.16,0,1,0.0,Phase I
ENSG00000130396.20,0,1,0.0,Phase I
ENSG00000130024.15,0,1,0.0,Phase I
ENSG00000198719.9,16,3231,92.62976770863206,Phase III
ENSG00000112584.13,0,1,0.0,Phase I
ENSG00000008018.9,0,1,0.0,Phase I
ENSG00000112592.14,0,1,0.0,Phase I
ENSG00000188191.15,0,1,0.0,Phase I
ENSG00000164850.15,3,2996,85.89045024376254,Phase II
ENSG00000164877.19,17,3246,93.05993690851734,Phase III
ENSG00000002822.15,0,1,0.0,Phase I
ENSG00000106003.13,0,1,0.0,Phase I
ENSG00000198286.9,0,1,0.0,Phase I
ENSG00000155034.19,0,1,0.0,Phase I
ENSG00000075624.15,0,1,0.0,Phase I
ENSG00000075618.18,16,3231,92.62976770863206,Phase III
ENSG00000011275.18,0,1,0.0,Phase I
ENSG00000136238.18,0,1,0.0,Phase I
ENSG00000164535.15,0,1,0.0,Phase I
ENSG00000106443.16,0,1,0.0,Phase I
ENSG00000006747.15,8,3128,89.67593920275309,Phase III
ENSG00000106546.14,0,1,0.0,Phase I
ENSG00000048052.21,0,1,0.0,Phase I
ENSG00000136243.17,0,1,0.0,Phase I
ENSG00000136235.16,18,3289,94.29308861485518,Phase IV
ENSG00000136231.14,0,1,0.0,Phase I
ENSG00000105928.15,18,3289,94.29308861485518,Phase IV
ENSG00000172115.8,0,1,0.0,Phase I
ENSG00000122566.21,0,1,0.0,Phase I
ENSG00000086300.15,0,1,0.0,Phase I
ENSG00000106052.13,0,1,0.0,Phase I
ENSG00000146592.17,0,1,0.0,Phase I
ENSG00000180354.16,0,1,0.0,Phase I
ENSG00000180233.11,0,1,0.0,Phase I
ENSG00000106100.11,0,1,0.0,Phase I
ENSG00000240583.12,6,3102,88.93031258961858,Phase II
ENSG00000122643.20,0,1,0.0,Phase I
ENSG00000122507.20,0,1,0.0,Phase I
ENSG00000122545.19,0,1,0.0,Phase I
ENSG00000011426.11,0,1,0.0,Phase I
ENSG00000136250.11,0,1,0.0,Phase I
ENSG00000155849.15,0,1,0.0,Phase I
ENSG00000227191.8,0,1,0.0,Phase I
ENSG00000211689.7,0,1,0.0,Phase I
ENSG00000006451.8,0,1,0.0,Phase I
ENSG00000065883.16,0,1,0.0,Phase I
ENSG00000122641.11,82,3483,99.8566102667049,Phase IV
ENSG00000106571.14,12,3162,90.65098938915972,Phase III
ENSG00000106588.11,0,1,0.0,Phase I
ENSG00000078967.13,0,1,0.0,Phase I
ENSG00000136279.20,0,1,0.0,Phase I
ENSG00000136271.10,0,1,0.0,Phase I
ENSG00000158604.15,0,1,0.0,Phase I
ENSG00000196262.14,0,1,0.0,Phase I
ENSG00000136286.16,0,1,0.0,Phase I
ENSG00000136280.16,0,1,0.0,Phase I
ENSG00000179869.15,0,1,0.0,Phase I
ENSG00000185811.18,0,1,0.0,Phase I
ENSG00000106070.19,0,1,0.0,Phase I
ENSG00000132432.14,0,1,0.0,Phase I
ENSG00000146648.18,4,3014,86.40665328362489,Phase II
ENSG00000169919.17,0,1,0.0,Phase I
ENSG00000241258.7,0,1,0.0,Phase I
ENSG00000169902.15,3,2996,85.89045024376254,Phase II
ENSG00000243335.9,0,1,0.0,Phase I
ENSG00000196313.11,0,1,0.0,Phase I
ENSG00000106089.12,0,1,0.0,Phase I
ENSG00000106683.15,0,1,0.0,Phase I
ENSG00000086730.17,0,1,0.0,Phase I
ENSG00000158517.13,0,1,0.0,Phase I
ENSG00000272391.6,0,1,0.0,Phase I
ENSG00000189077.11,0,1,0.0,Phase I
ENSG00000106211.9,0,1,0.0,Phase I
ENSG00000170027.7,0,1,0.0,Phase I
ENSG00000188372.15,17,3246,93.05993690851734,Phase III
ENSG00000127951.7,0,1,0.0,Phase I
ENSG00000127947.16,0,1,0.0,Phase I
ENSG00000127955.17,17,3246,93.05993690851734,Phase III
ENSG00000135218.19,0,1,0.0,Phase I
ENSG00000075223.14,0,1,0.0,Phase I
ENSG00000075213.11,27,3369,96.58732434757673,Phase IV
ENSG00000153993.13,27,3369,96.58732434757673,Phase IV
ENSG00000127954.12,0,1,0.0,Phase I
ENSG00000157224.16,0,1,0.0,Phase I
ENSG00000105810.9,0,1,0.0,Phase I
ENSG00000127920.5,0,1,0.0,Phase I
ENSG00000164692.17,12,3162,90.65098938915972,Phase III
ENSG00000158560.14,38,3425,98.1932893604818,Phase IV
ENSG00000127922.9,0,1,0.0,Phase I
ENSG00000198742.9,0,1,0.0,Phase I
ENSG00000241685.10,0,1,0.0,Phase I
ENSG00000130429.14,0,1,0.0,Phase I
ENSG00000106244.13,0,1,0.0,Phase I
ENSG00000146833.15,0,1,0.0,Phase I
ENSG00000213413.2,0,1,0.0,Phase I
ENSG00000085514.16,0,1,0.0,Phase I
ENSG00000172354.10,0,1,0.0,Phase I
ENSG00000087077.14,0,1,0.0,Phase I
ENSG00000169871.13,0,1,0.0,Phase I
ENSG00000106366.8,0,1,0.0,Phase I
ENSG00000106367.15,0,1,0.0,Phase I
ENSG00000106404.13,0,1,0.0,Phase I
ENSG00000160999.10,0,1,0.0,Phase I
ENSG00000160991.16,0,1,0.0,Phase I
ENSG00000005075.15,0,1,0.0,Phase I
ENSG00000161040.16,0,1,0.0,Phase I
ENSG00000161048.11,0,1,0.0,Phase I
ENSG00000161057.12,0,1,0.0,Phase I
ENSG00000005483.20,0,1,0.0,Phase I
ENSG00000135250.17,0,1,0.0,Phase I
ENSG00000128536.16,56,3463,99.28305133352453,Phase IV
ENSG00000105851.11,0,1,0.0,Phase I
ENSG00000005249.13,0,1,0.0,Phase I
ENSG00000105879.12,0,1,0.0,Phase I
ENSG00000091136.14,34,3415,97.9065098938916,Phase IV
ENSG00000128590.5,0,1,0.0,Phase I
ENSG00000135272.10,0,1,0.0,Phase I
ENSG00000105971.15,14,3203,91.82678520217952,Phase III
ENSG00000105974.12,43,3440,98.62345856036708,Phase IV
ENSG00000105976.15,12,3162,90.65098938915972,Phase III
ENSG00000198898.14,0,1,0.0,Phase I
ENSG00000106278.12,4,3014,86.40665328362489,Phase II
ENSG00000106299.8,0,1,0.0,Phase I
ENSG00000197157.11,0,1,0.0,Phase I
ENSG00000174697.5,35,3420,98.0498996271867,Phase IV
ENSG00000135245.10,0,1,0.0,Phase I
ENSG00000128524.5,0,1,0.0,Phase I
ENSG00000128604.20,0,1,0.0,Phase I
ENSG00000186591.12,0,1,0.0,Phase I
ENSG00000131558.15,0,1,0.0,Phase I
ENSG00000085662.14,0,1,0.0,Phase I
ENSG00000155561.15,0,1,0.0,Phase I
ENSG00000243317.8,0,1,0.0,Phase I
ENSG00000105887.11,0,1,0.0,Phase I
ENSG00000182158.15,0,1,0.0,Phase I
ENSG00000105939.13,0,1,0.0,Phase I
ENSG00000133606.11,0,1,0.0,Phase I
ENSG00000257335.8,0,1,0.0,Phase I
ENSG00000258227.7,0,1,0.0,Phase I
ENSG00000211751.9,0,1,0.0,Phase I
ENSG00000211772.11,0,1,0.0,Phase I
ENSG00000106144.20,0,1,0.0,Phase I
ENSG00000146904.9,0,1,0.0,Phase I
ENSG00000055130.16,0,1,0.0,Phase I
ENSG00000171130.18,0,1,0.0,Phase I
ENSG00000106526.10,0,1,0.0,Phase I
ENSG00000002726.20,15,3216,92.19959850874676,Phase III
ENSG00000164867.11,17,3246,93.05993690851734,Phase III
ENSG00000164889.14,0,1,0.0,Phase I
ENSG00000082014.16,0,1,0.0,Phase I
ENSG00000013374.16,0,1,0.0,Phase I
ENSG00000106617.14,0,1,0.0,Phase I
ENSG00000133627.18,0,1,0.0,Phase I
ENSG00000157212.18,0,1,0.0,Phase I
ENSG00000009335.18,0,1,0.0,Phase I
ENSG00000155093.19,0,1,0.0,Phase I
ENSG00000164821.4,0,1,0.0,Phase I
ENSG00000206047.2,3,2996,85.89045024376254,Phase II
ENSG00000239839.7,0,1,0.0,Phase I
ENSG00000147324.11,0,1,0.0,Phase I
ENSG00000136573.14,0,1,0.0,Phase I
ENSG00000164733.21,0,1,0.0,Phase I
ENSG00000154359.13,0,1,0.0,Phase I
ENSG00000164741.15,36,3423,98.13593346716377,Phase IV
ENSG00000038945.15,2,2968,85.08746773731,Phase II
ENSG00000198791.12,0,1,0.0,Phase I
ENSG00000129422.14,56,3463,99.28305133352453,Phase IV
ENSG00000104763.19,0,1,0.0,Phase I
ENSG00000147416.11,0,1,0.0,Phase I
ENSG00000158856.18,0,1,0.0,Phase I
ENSG00000168495.13,0,1,0.0,Phase I
ENSG00000120910.14,0,1,0.0,Phase I
ENSG00000147439.12,0,1,0.0,Phase I
ENSG00000179388.9,11,3155,90.4502437625466,Phase III
ENSG00000120889.13,0,1,0.0,Phase I
ENSG00000173535.14,0,1,0.0,Phase I
ENSG00000173530.6,0,1,0.0,Phase I
ENSG00000104689.9,0,1,0.0,Phase I
ENSG00000147457.14,0,1,0.0,Phase I
ENSG00000167034.10,0,1,0.0,Phase I
ENSG00000147459.18,0,1,0.0,Phase I
ENSG00000104765.16,0,1,0.0,Phase I
ENSG00000104228.13,0,1,0.0,Phase I
ENSG00000120899.18,0,1,0.0,Phase I
ENSG00000120885.21,0,1,0.0,Phase I
ENSG00000189233.12,0,1,0.0,Phase I
ENSG00000012232.8,0,1,0.0,Phase I
ENSG00000197892.13,0,1,0.0,Phase I
ENSG00000120875.9,49,3454,99.02494981359334,Phase IV
ENSG00000104671.8,0,1,0.0,Phase I
ENSG00000197265.9,0,1,0.0,Phase I
ENSG00000104695.13,0,1,0.0,Phase I
ENSG00000157168.19,6,3102,88.93031258961858,Phase II
ENSG00000156735.11,0,1,0.0,Phase I
ENSG00000147535.17,0,1,0.0,Phase I
ENSG00000168615.12,0,1,0.0,Phase I
ENSG00000131203.13,0,1,0.0,Phase I
ENSG00000104332.12,4,3014,86.40665328362489,Phase II
ENSG00000147533.16,0,1,0.0,Phase I
ENSG00000104365.15,0,1,0.0,Phase I
ENSG00000070501.12,0,1,0.0,Phase I
ENSG00000078668.14,0,1,0.0,Phase I
ENSG00000168172.9,0,1,0.0,Phase I
ENSG00000165102.15,0,1,0.0,Phase I
ENSG00000221869.4,0,1,0.0,Phase I
ENSG00000253729.7,0,1,0.0,Phase I
ENSG00000169139.12,0,1,0.0,Phase I
ENSG00000147488.11,4,3014,86.40665328362489,Phase II
ENSG00000047249.18,0,1,0.0,Phase I
ENSG00000254087.8,0,1,0.0,Phase I
ENSG00000008988.9,0,1,0.0,Phase I
ENSG00000137575.12,0,1,0.0,Phase I
ENSG00000198846.6,0,1,0.0,Phase I
ENSG00000171316.12,0,1,0.0,Phase I
ENSG00000137563.12,0,1,0.0,Phase I
ENSG00000185728.17,0,1,0.0,Phase I
ENSG00000172817.4,56,3463,99.28305133352453,Phase IV
ENSG00000104218.14,0,1,0.0,Phase I
ENSG00000137573.14,4,3014,86.40665328362489,Phase II
ENSG00000147604.14,0,1,0.0,Phase I
ENSG00000104343.20,0,1,0.0,Phase I
ENSG00000154582.16,0,1,0.0,Phase I
ENSG00000154589.6,0,1,0.0,Phase I
ENSG00000164751.15,0,1,0.0,Phase I
ENSG00000104432.14,47,3446,98.7955262403212,Phase IV
ENSG00000076554.15,0,1,0.0,Phase I
ENSG00000076641.4,0,1,0.0,Phase I
ENSG00000133742.13,0,1,0.0,Phase I
ENSG00000123124.13,0,1,0.0,Phase I
ENSG00000085719.13,0,1,0.0,Phase I
ENSG00000104312.8,0,1,0.0,Phase I
ENSG00000180694.14,0,1,0.0,Phase I
ENSG00000079102.16,17,3246,93.05993690851734,Phase III
ENSG00000175305.17,0,1,0.0,Phase I
ENSG00000147649.10,0,1,0.0,Phase I
ENSG00000156482.11,0,1,0.0,Phase I
ENSG00000147669.11,0,1,0.0,Phase I
ENSG00000034677.13,0,1,0.0,Phase I
ENSG00000070756.16,0,1,0.0,Phase I
ENSG00000164924.18,0,1,0.0,Phase I
ENSG00000155097.12,0,1,0.0,Phase I
ENSG00000169946.14,8,3128,89.67593920275309,Phase III
ENSG00000164754.14,0,1,0.0,Phase I
ENSG00000136999.5,26,3361,96.35790077430455,Phase IV
ENSG00000172172.7,0,1,0.0,Phase I
ENSG00000156804.7,0,1,0.0,Phase I
ENSG00000180938.6,0,1,0.0,Phase I
ENSG00000173334.4,0,1,0.0,Phase I
ENSG00000136997.18,0,1,0.0,Phase I
ENSG00000147697.9,12,3162,90.65098938915972,Phase III
ENSG00000153310.19,0,1,0.0,Phase I
ENSG00000042832.12,0,1,0.0,Phase I
ENSG00000123908.12,0,1,0.0,Phase I
ENSG00000169398.19,0,1,0.0,Phase I
ENSG00000184489.11,0,1,0.0,Phase I
ENSG00000181790.11,27,3369,96.58732434757673,Phase IV
ENSG00000160932.11,0,1,0.0,Phase I
ENSG00000104518.11,0,1,0.0,Phase I
ENSG00000147813.16,0,1,0.0,Phase I
ENSG00000104529.17,0,1,0.0,Phase I
ENSG00000104522.16,0,1,0.0,Phase I
ENSG00000180900.19,0,1,0.0,Phase I
ENSG00000178685.14,0,1,0.0,Phase I
ENSG00000178896.9,0,1,0.0,Phase I
ENSG00000179526.17,0,1,0.0,Phase I
ENSG00000185122.11,0,1,0.0,Phase I
ENSG00000185000.12,0,1,0.0,Phase I
ENSG00000160959.8,0,1,0.0,Phase I
ENSG00000161016.17,0,1,0.0,Phase I
ENSG00000107099.15,0,1,0.0,Phase I
ENSG00000107104.18,0,1,0.0,Phase I
ENSG00000080503.24,0,1,0.0,Phase I
ENSG00000080298.15,0,1,0.0,Phase I
ENSG00000205808.5,0,1,0.0,Phase I
ENSG00000096968.13,0,1,0.0,Phase I
ENSG00000120217.14,0,1,0.0,Phase I
ENSG00000197646.7,5,3079,88.27071981646114,Phase II
ENSG00000175893.11,0,1,0.0,Phase I
ENSG00000164985.15,0,1,0.0,Phase I
ENSG00000155876.5,0,1,0.0,Phase I
ENSG00000137154.12,0,1,0.0,Phase I
ENSG00000198642.6,0,1,0.0,Phase I
ENSG00000099810.20,0,1,0.0,Phase I
ENSG00000147889.17,12,3162,90.65098938915972,Phase III
ENSG00000147883.11,2,2968,85.08746773731,Phase II
ENSG00000137055.15,0,1,0.0,Phase I
ENSG00000120156.21,17,3246,93.05993690851734,Phase III
ENSG00000107201.10,0,1,0.0,Phase I
ENSG00000197579.8,0,1,0.0,Phase I
ENSG00000086062.12,0,1,0.0,Phase I
ENSG00000086065.14,0,1,0.0,Phase I
ENSG00000086102.19,0,1,0.0,Phase I
ENSG00000165272.16,0,1,0.0,Phase I
ENSG00000107341.5,0,1,0.0,Phase I
ENSG00000137100.16,0,1,0.0,Phase I
ENSG00000137070.17,0,1,0.0,Phase I
ENSG00000165280.16,0,1,0.0,Phase I
ENSG00000165283.16,0,1,0.0,Phase I
ENSG00000107140.16,0,1,0.0,Phase I
ENSG00000137101.12,0,1,0.0,Phase I
ENSG00000137078.9,0,1,0.0,Phase I
ENSG00000107175.12,0,1,0.0,Phase I
ENSG00000159899.14,53,3459,99.16833954688845,Phase IV
ENSG00000122705.17,0,1,0.0,Phase I
ENSG00000196092.13,0,1,0.0,Phase I
ENSG00000147912.13,0,1,0.0,Phase I
ENSG00000107371.13,0,1,0.0,Phase I
ENSG00000198887.9,0,1,0.0,Phase I
ENSG00000135046.14,0,1,0.0,Phase I
ENSG00000134996.11,0,1,0.0,Phase I
ENSG00000187210.14,0,1,0.0,Phase I
ENSG00000156052.10,0,1,0.0,Phase I
ENSG00000196781.15,0,1,0.0,Phase I
ENSG00000165119.21,0,1,0.0,Phase I
ENSG00000196730.13,0,1,0.0,Phase I
ENSG00000135047.15,0,1,0.0,Phase I
ENSG00000187764.11,0,1,0.0,Phase I
ENSG00000165025.15,0,1,0.0,Phase I
ENSG00000165030.4,0,1,0.0,Phase I
ENSG00000165233.18,0,1,0.0,Phase I
ENSG00000131669.10,0,1,0.0,Phase I
ENSG00000081377.16,0,1,0.0,Phase I
ENSG00000136937.13,0,1,0.0,Phase I
ENSG00000106785.15,0,1,0.0,Phase I
ENSG00000106799.13,0,1,0.0,Phase I
ENSG00000106803.10,0,1,0.0,Phase I
ENSG00000119508.18,18,3289,94.29308861485518,Phase IV
ENSG00000023318.8,0,1,0.0,Phase I
ENSG00000136826.15,0,1,0.0,Phase I
ENSG00000165124.18,17,3246,93.05993690851734,Phase III
ENSG00000198121.13,0,1,0.0,Phase I
ENSG00000242616.4,0,1,0.0,Phase I
ENSG00000148154.10,0,1,0.0,Phase I
ENSG00000176386.9,0,1,0.0,Phase I
ENSG00000148218.16,0,1,0.0,Phase I
ENSG00000229314.5,0,1,0.0,Phase I
ENSG00000228278.4,3,2996,85.89045024376254,Phase II
ENSG00000106948.16,0,1,0.0,Phase I
ENSG00000136888.7,0,1,0.0,Phase I
ENSG00000181634.8,5,3079,88.27071981646114,Phase II
ENSG00000106952.7,0,1,0.0,Phase I
ENSG00000041982.16,4,3014,86.40665328362489,Phase II
ENSG00000119401.10,0,1,0.0,Phase I
ENSG00000136869.15,0,1,0.0,Phase I
ENSG00000119402.17,0,1,0.0,Phase I
ENSG00000095261.14,0,1,0.0,Phase I
ENSG00000056558.11,0,1,0.0,Phase I
ENSG00000106804.7,0,1,0.0,Phase I
ENSG00000119396.11,0,1,0.0,Phase I
ENSG00000148180.19,0,1,0.0,Phase I
ENSG00000148175.12,0,1,0.0,Phase I
ENSG00000056586.16,0,1,0.0,Phase I
ENSG00000186130.5,0,1,0.0,Phase I
ENSG00000171448.9,0,1,0.0,Phase I
ENSG00000119408.16,0,1,0.0,Phase I
ENSG00000136930.13,0,1,0.0,Phase I
ENSG00000136942.15,0,1,0.0,Phase I
ENSG00000136950.13,0,1,0.0,Phase I
ENSG00000119414.11,0,1,0.0,Phase I
ENSG00000044574.8,0,1,0.0,Phase I
ENSG00000119487.17,0,1,0.0,Phase I
ENSG00000177125.5,0,1,0.0,Phase I
ENSG00000197958.13,0,1,0.0,Phase I
ENSG00000148356.13,0,1,0.0,Phase I
ENSG00000136807.13,0,1,0.0,Phase I
ENSG00000167106.12,0,1,0.0,Phase I
ENSG00000148334.15,0,1,0.0,Phase I
ENSG00000148346.12,0,1,0.0,Phase I
ENSG00000106976.20,3,2996,85.89045024376254,Phase II
ENSG00000167123.19,13,3192,91.5113277889303,Phase III
ENSG00000197694.15,0,1,0.0,Phase I
ENSG00000095319.14,0,1,0.0,Phase I
ENSG00000148331.12,0,1,0.0,Phase I
ENSG00000148344.11,2,2968,85.08746773731,Phase II
ENSG00000136878.13,0,1,0.0,Phase I
ENSG00000097007.18,0,1,0.0,Phase I
ENSG00000126883.17,0,1,0.0,Phase I
ENSG00000107263.18,0,1,0.0,Phase I
ENSG00000148303.17,0,1,0.0,Phase I
ENSG00000148248.14,0,1,0.0,Phase I
ENSG00000160293.17,0,1,0.0,Phase I
ENSG00000186350.11,0,1,0.0,Phase I
ENSG00000085265.11,0,1,0.0,Phase I
ENSG00000130560.8,0,1,0.0,Phase I
ENSG00000238227.8,0,1,0.0,Phase I
ENSG00000187796.14,0,1,0.0,Phase I
ENSG00000165689.17,0,1,0.0,Phase I
ENSG00000148400.11,0,1,0.0,Phase I
ENSG00000172889.16,3,2996,85.89045024376254,Phase II
ENSG00000169692.13,0,1,0.0,Phase I
ENSG00000054148.17,0,1,0.0,Phase I
ENSG00000127191.18,0,1,0.0,Phase I
ENSG00000159069.14,0,1,0.0,Phase I
ENSG00000180549.7,0,1,0.0,Phase I
ENSG00000107281.10,63,3474,99.59850874677372,Phase IV
ENSG00000176978.14,0,1,0.0,Phase I
ENSG00000176248.9,0,1,0.0,Phase I
ENSG00000188229.6,0,1,0.0,Phase I
ENSG00000015171.19,0,1,0.0,Phase I
ENSG00000067082.15,0,1,0.0,Phase I
ENSG00000187134.14,25,3359,96.30054488098652,Phase IV
ENSG00000196372.13,1,2950,84.57126469744767,Phase II
ENSG00000057608.17,0,1,0.0,Phase I
ENSG00000134470.21,0,1,0.0,Phase I
ENSG00000134460.17,0,1,0.0,Phase I
ENSG00000065675.14,0,1,0.0,Phase I
ENSG00000107485.17,0,1,0.0,Phase I
ENSG00000065665.21,0,1,0.0,Phase I
ENSG00000183049.12,0,1,0.0,Phase I
ENSG00000151468.11,8,3128,89.67593920275309,Phase III
ENSG00000123240.17,0,1,0.0,Phase I
ENSG00000077943.8,12,3162,90.65098938915972,Phase III
ENSG00000026025.16,0,1,0.0,Phase I
ENSG00000136738.15,0,1,0.0,Phase I
ENSG00000260314.3,3,2996,85.89045024376254,Phase II
ENSG00000148444.16,0,1,0.0,Phase I
ENSG00000136754.17,0,1,0.0,Phase I
ENSG00000107890.16,0,1,0.0,Phase I
ENSG00000099246.16,0,1,0.0,Phase I
ENSG00000197321.14,0,1,0.0,Phase I
ENSG00000107968.10,0,1,0.0,Phase I
ENSG00000148516.21,0,1,0.0,Phase I
ENSG00000170759.11,0,1,0.0,Phase I
ENSG00000150093.19,0,1,0.0,Phase I
ENSG00000108094.14,0,1,0.0,Phase I
ENSG00000165731.19,11,3155,90.4502437625466,Phase III
ENSG00000169813.16,0,1,0.0,Phase I
ENSG00000012779.11,0,1,0.0,Phase I
ENSG00000172661.18,0,1,0.0,Phase I
ENSG00000204179.10,4,3014,86.40665328362489,Phase II
ENSG00000107643.16,0,1,0.0,Phase I
ENSG00000188611.14,9,3145,90.1634642959564,Phase III
ENSG00000185532.17,2,2968,85.08746773731,Phase II
ENSG00000072401.15,0,1,0.0,Phase I
ENSG00000151150.22,0,1,0.0,Phase I
ENSG00000170312.15,0,1,0.0,Phase I
ENSG00000182010.11,0,1,0.0,Phase I
ENSG00000122877.16,5,3079,88.27071981646114,Phase II
ENSG00000183230.17,17,3246,93.05993690851734,Phase III
ENSG00000096717.12,0,1,0.0,Phase I
ENSG00000148634.15,0,1,0.0,Phase I
ENSG00000165732.13,0,1,0.0,Phase I
ENSG00000122862.5,0,1,0.0,Phase I
ENSG00000042286.15,0,1,0.0,Phase I
ENSG00000180644.8,0,1,0.0,Phase I
ENSG00000107736.20,0,1,0.0,Phase I
ENSG00000107738.20,0,1,0.0,Phase I
ENSG00000168209.5,0,1,0.0,Phase I
ENSG00000107758.15,0,1,0.0,Phase I
ENSG00000176986.16,0,1,0.0,Phase I
ENSG00000148660.20,0,1,0.0,Phase I
ENSG00000122861.16,2,2968,85.08746773731,Phase II
ENSG00000035403.17,0,1,0.0,Phase I
ENSG00000151208.17,1,2950,84.57126469744767,Phase II
ENSG00000148606.13,0,1,0.0,Phase I
ENSG00000138326.19,0,1,0.0,Phase I
ENSG00000108175.17,0,1,0.0,Phase I
ENSG00000122378.14,0,1,0.0,Phase I
ENSG00000108219.15,0,1,0.0,Phase I
ENSG00000062650.19,0,1,0.0,Phase I
ENSG00000107779.13,0,1,0.0,Phase I
ENSG00000173269.14,4,3014,86.40665328362489,Phase II
ENSG00000122376.11,0,1,0.0,Phase I
ENSG00000171862.11,0,1,0.0,Phase I
ENSG00000026103.22,0,1,0.0,Phase I
ENSG00000119922.10,0,1,0.0,Phase I
ENSG00000119917.14,0,1,0.0,Phase I
ENSG00000204010.3,0,1,0.0,Phase I
ENSG00000185745.10,0,1,0.0,Phase I
ENSG00000152778.9,0,1,0.0,Phase I
ENSG00000138182.14,0,1,0.0,Phase I
ENSG00000148680.16,16,3231,92.62976770863206,Phase III
ENSG00000165338.16,0,1,0.0,Phase I
ENSG00000138160.6,0,1,0.0,Phase I
ENSG00000152804.11,0,1,0.0,Phase I
ENSG00000138190.16,0,1,0.0,Phase I
ENSG00000187553.9,24,3358,96.2718669343275,Phase IV
ENSG00000138180.15,0,1,0.0,Phase I
ENSG00000119969.15,0,1,0.0,Phase I
ENSG00000138185.20,0,1,0.0,Phase I
ENSG00000095585.16,0,1,0.0,Phase I
ENSG00000155629.15,0,1,0.0,Phase I
ENSG00000187122.17,28,3401,97.50501864066533,Phase IV
ENSG00000213341.11,0,1,0.0,Phase I
ENSG00000166167.18,0,1,0.0,Phase I
ENSG00000107829.14,0,1,0.0,Phase I
ENSG00000166197.16,0,1,0.0,Phase I
ENSG00000077150.19,0,1,0.0,Phase I
ENSG00000107872.12,18,3289,94.29308861485518,Phase IV
ENSG00000107874.11,0,1,0.0,Phase I
ENSG00000138107.13,0,1,0.0,Phase I
ENSG00000171206.14,0,1,0.0,Phase I
ENSG00000138175.9,0,1,0.0,Phase I
ENSG00000076685.18,0,1,0.0,Phase I
ENSG00000148834.13,0,1,0.0,Phase I
ENSG00000108055.9,0,1,0.0,Phase I
ENSG00000150593.18,0,1,0.0,Phase I
ENSG00000150594.6,49,3454,99.02494981359334,Phase IV
ENSG00000197142.10,0,1,0.0,Phase I
ENSG00000148737.17,0,1,0.0,Phase I
ENSG00000165806.19,0,1,0.0,Phase I
ENSG00000043591.5,12,3162,90.65098938915972,Phase III
ENSG00000169129.15,0,1,0.0,Phase I
ENSG00000187164.20,1,2950,84.57126469744767,Phase II
ENSG00000165672.7,0,1,0.0,Phase I
ENSG00000107679.14,0,1,0.0,Phase I
ENSG00000175029.17,0,1,0.0,Phase I
ENSG00000150760.12,13,3192,91.5113277889303,Phase III
ENSG00000176171.11,0,1,0.0,Phase I
ENSG00000151651.16,0,1,0.0,Phase I
ENSG00000214279.13,39,3428,98.27932320045883,Phase IV
ENSG00000185627.18,0,1,0.0,Phase I
ENSG00000174885.12,0,1,0.0,Phase I
ENSG00000185201.16,0,1,0.0,Phase I
ENSG00000185885.16,0,1,0.0,Phase I
ENSG00000142089.16,0,1,0.0,Phase I
ENSG00000185187.13,0,1,0.0,Phase I
ENSG00000174775.17,0,1,0.0,Phase I
ENSG00000185507.20,0,1,0.0,Phase I
ENSG00000177156.11,0,1,0.0,Phase I
ENSG00000177595.18,16,3231,92.62976770863206,Phase III
ENSG00000177600.9,0,1,0.0,Phase I
ENSG00000177700.6,0,1,0.0,Phase I
ENSG00000177830.17,0,1,0.0,Phase I
ENSG00000183020.13,0,1,0.0,Phase I
ENSG00000078902.16,0,1,0.0,Phase I
ENSG00000117984.14,0,1,0.0,Phase I
ENSG00000130592.15,0,1,0.0,Phase I
ENSG00000167244.20,7,3113,89.2457700028678,Phase II
ENSG00000064201.15,0,1,0.0,Phase I
ENSG00000110651.11,0,1,0.0,Phase I
ENSG00000110713.17,0,1,0.0,Phase I
ENSG00000177105.10,0,1,0.0,Phase I
ENSG00000167323.11,0,1,0.0,Phase I
ENSG00000132109.10,0,1,0.0,Phase I
ENSG00000167333.13,0,1,0.0,Phase I
ENSG00000121236.21,8,3128,89.67593920275309,Phase III
ENSG00000258588.3,0,1,0.0,Phase I
ENSG00000258659.6,0,1,0.0,Phase I
ENSG00000132256.18,0,1,0.0,Phase I
ENSG00000132274.16,0,1,0.0,Phase I
ENSG00000166311.10,0,1,0.0,Phase I
ENSG00000110171.20,0,1,0.0,Phase I
ENSG00000166333.13,0,1,0.0,Phase I
ENSG00000166341.8,0,1,0.0,Phase I
ENSG00000166441.13,0,1,0.0,Phase I
ENSG00000175348.11,0,1,0.0,Phase I
ENSG00000166471.11,0,1,0.0,Phase I
ENSG00000148926.10,0,1,0.0,Phase I
ENSG00000133805.15,0,1,0.0,Phase I
ENSG00000133800.8,2,2968,85.08746773731,Phase II
ENSG00000198730.9,0,1,0.0,Phase I
ENSG00000110321.17,0,1,0.0,Phase I
ENSG00000133794.17,0,1,0.0,Phase I
ENSG00000129083.12,0,1,0.0,Phase I
ENSG00000129084.17,0,1,0.0,Phase I
ENSG00000110700.7,0,1,0.0,Phase I
ENSG00000188211.8,0,1,0.0,Phase I
ENSG00000110768.12,0,1,0.0,Phase I
ENSG00000074319.13,0,1,0.0,Phase I
ENSG00000177054.14,0,1,0.0,Phase I
ENSG00000129173.13,0,1,0.0,Phase I
ENSG00000198168.9,0,1,0.0,Phase I
ENSG00000205213.14,17,3246,93.05993690851734,Phase III
ENSG00000121621.7,0,1,0.0,Phase I
ENSG00000170959.14,4,3014,86.40665328362489,Phase II
ENSG00000085063.16,0,1,0.0,Phase I
ENSG00000110429.14,0,1,0.0,Phase I
ENSG00000026508.18,0,1,0.0,Phase I
ENSG00000166326.7,0,1,0.0,Phase I
ENSG00000110442.12,0,1,0.0,Phase I
ENSG00000175104.15,0,1,0.0,Phase I
ENSG00000166349.9,18,3289,94.29308861485518,Phase IV
ENSG00000157613.10,12,3162,90.65098938915972,Phase III
ENSG00000149091.15,0,1,0.0,Phase I
ENSG00000110492.15,12,3162,90.65098938915972,Phase III
ENSG00000110497.14,0,1,0.0,Phase I
ENSG00000025434.19,0,1,0.0,Phase I
ENSG00000066336.11,0,1,0.0,Phase I
ENSG00000165915.14,0,1,0.0,Phase I
ENSG00000165916.8,0,1,0.0,Phase I
ENSG00000149187.18,0,1,0.0,Phase I
ENSG00000030066.13,0,1,0.0,Phase I
ENSG00000149177.13,0,1,0.0,Phase I
ENSG00000156587.16,0,1,0.0,Phase I
ENSG00000149131.15,0,1,0.0,Phase I
ENSG00000156599.11,0,1,0.0,Phase I
ENSG00000198561.13,0,1,0.0,Phase I
ENSG00000110031.12,0,1,0.0,Phase I
ENSG00000186660.15,0,1,0.0,Phase I
ENSG00000242689.3,0,1,0.0,Phase I
ENSG00000166801.15,0,1,0.0,Phase I
ENSG00000110042.8,0,1,0.0,Phase I
ENSG00000197629.5,0,1,0.0,Phase I
ENSG00000166900.17,0,1,0.0,Phase I
ENSG00000134827.8,0,1,0.0,Phase I
ENSG00000149516.14,0,1,0.0,Phase I
ENSG00000149534.9,39,3428,98.27932320045883,Phase IV
ENSG00000156738.17,0,1,0.0,Phase I
ENSG00000013725.14,0,1,0.0,Phase I
ENSG00000167986.13,0,1,0.0,Phase I
ENSG00000149476.15,0,1,0.0,Phase I
ENSG00000134780.10,7,3113,89.2457700028678,Phase II
ENSG00000167996.16,0,1,0.0,Phase I
ENSG00000149503.13,0,1,0.0,Phase I
ENSG00000168000.14,0,1,0.0,Phase I
ENSG00000168002.12,0,1,0.0,Phase I
ENSG00000185475.11,0,1,0.0,Phase I
ENSG00000149781.12,0,1,0.0,Phase I
ENSG00000173511.9,0,1,0.0,Phase I
ENSG00000149782.11,0,1,0.0,Phase I
ENSG00000002330.13,0,1,0.0,Phase I
ENSG00000173264.14,0,1,0.0,Phase I
ENSG00000126432.14,0,1,0.0,Phase I
ENSG00000168071.22,0,1,0.0,Phase I
ENSG00000162302.13,0,1,0.0,Phase I
ENSG00000068831.19,0,1,0.0,Phase I
ENSG00000133895.14,0,1,0.0,Phase I
ENSG00000068971.14,0,1,0.0,Phase I
ENSG00000168062.10,0,1,0.0,Phase I
ENSG00000149806.11,0,1,0.0,Phase I
ENSG00000162298.18,0,1,0.0,Phase I
ENSG00000014216.15,0,1,0.0,Phase I
ENSG00000126391.14,0,1,0.0,Phase I
ENSG00000213445.10,0,1,0.0,Phase I
ENSG00000173039.19,0,1,0.0,Phase I
ENSG00000172977.13,0,1,0.0,Phase I
ENSG00000172757.13,0,1,0.0,Phase I
ENSG00000175602.3,84,3484,99.88528821336392,Phase IV
ENSG00000175467.15,0,1,0.0,Phase I
ENSG00000175334.8,0,1,0.0,Phase I
ENSG00000174744.14,0,1,0.0,Phase I
ENSG00000174516.15,0,1,0.0,Phase I
ENSG00000174080.11,56,3463,99.28305133352453,Phase IV
ENSG00000173898.13,4,3014,86.40665328362489,Phase II
ENSG00000175505.11,16,3231,92.62976770863206,Phase III
ENSG00000172531.15,0,1,0.0,Phase I
ENSG00000175463.11,0,1,0.0,Phase I
ENSG00000084207.16,0,1,0.0,Phase I
ENSG00000110057.8,0,1,0.0,Phase I
ENSG00000006534.16,0,1,0.0,Phase I
ENSG00000110719.10,0,1,0.0,Phase I
ENSG00000110066.15,0,1,0.0,Phase I
ENSG00000162337.12,95,3486,99.94264410668195,Phase IV
ENSG00000110090.13,0,1,0.0,Phase I
ENSG00000162341.17,0,1,0.0,Phase I
ENSG00000110092.3,4,3014,86.40665328362489,Phase II
ENSG00000168040.4,0,1,0.0,Phase I
ENSG00000085733.16,0,1,0.0,Phase I
ENSG00000137496.17,0,1,0.0,Phase I
ENSG00000149357.10,0,1,0.0,Phase I
ENSG00000110203.9,0,1,0.0,Phase I
ENSG00000165457.14,2,2968,85.08746773731,Phase II
ENSG00000165458.14,0,1,0.0,Phase I
ENSG00000162129.13,0,1,0.0,Phase I
ENSG00000186642.16,0,1,0.0,Phase I
ENSG00000175591.11,0,1,0.0,Phase I
ENSG00000054967.13,0,1,0.0,Phase I
ENSG00000175582.19,0,1,0.0,Phase I
ENSG00000175567.9,0,1,0.0,Phase I
ENSG00000137486.17,0,1,0.0,Phase I
ENSG00000149273.15,0,1,0.0,Phase I
ENSG00000198382.9,0,1,0.0,Phase I
ENSG00000149269.9,0,1,0.0,Phase I
ENSG00000048649.13,0,1,0.0,Phase I
ENSG00000151366.13,0,1,0.0,Phase I
ENSG00000033327.13,0,1,0.0,Phase I
ENSG00000137509.11,0,1,0.0,Phase I
ENSG00000137494.13,0,1,0.0,Phase I
ENSG00000109861.16,0,1,0.0,Phase I
ENSG00000110218.9,0,1,0.0,Phase I
ENSG00000020922.12,0,1,0.0,Phase I
ENSG00000196371.3,0,1,0.0,Phase I
ENSG00000023445.14,0,1,0.0,Phase I
ENSG00000110330.8,0,1,0.0,Phase I
ENSG00000118113.12,0,1,0.0,Phase I
ENSG00000196611.5,2,2968,85.08746773731,Phase II
ENSG00000196954.14,0,1,0.0,Phase I
ENSG00000137752.24,0,1,0.0,Phase I
ENSG00000204397.7,0,1,0.0,Phase I
ENSG00000255221.3,0,1,0.0,Phase I
ENSG00000166266.14,0,1,0.0,Phase I
ENSG00000149311.18,0,1,0.0,Phase I
ENSG00000110777.12,0,1,0.0,Phase I
ENSG00000137713.15,0,1,0.0,Phase I
ENSG00000150782.12,0,1,0.0,Phase I
ENSG00000149294.16,0,1,0.0,Phase I
ENSG00000109906.13,0,1,0.0,Phase I
ENSG00000182985.17,60,3470,99.48379696013764,Phase IV
ENSG00000168092.14,0,1,0.0,Phase I
ENSG00000110324.10,0,1,0.0,Phase I
ENSG00000137648.17,21,3354,96.15715514769144,Phase IV
ENSG00000160593.18,0,1,0.0,Phase I
ENSG00000198851.9,0,1,0.0,Phase I
ENSG00000167286.9,0,1,0.0,Phase I
ENSG00000160654.10,0,1,0.0,Phase I
ENSG00000110344.9,0,1,0.0,Phase I
ENSG00000160683.4,0,1,0.0,Phase I
ENSG00000118181.11,0,1,0.0,Phase I
ENSG00000160703.16,0,1,0.0,Phase I
ENSG00000110395.6,0,1,0.0,Phase I
ENSG00000173456.4,0,1,0.0,Phase I
ENSG00000137642.13,0,1,0.0,Phase I
ENSG00000154127.10,0,1,0.0,Phase I
ENSG00000109943.9,0,1,0.0,Phase I
ENSG00000109971.14,0,1,0.0,Phase I
ENSG00000149564.12,0,1,0.0,Phase I
ENSG00000149554.12,0,1,0.0,Phase I
ENSG00000150455.13,0,1,0.0,Phase I
ENSG00000110080.18,0,1,0.0,Phase I
ENSG00000134954.14,0,1,0.0,Phase I
ENSG00000084234.17,0,1,0.0,Phase I
ENSG00000166086.12,0,1,0.0,Phase I
ENSG00000060237.17,0,1,0.0,Phase I
ENSG00000082805.20,0,1,0.0,Phase I
ENSG00000111186.13,3,2996,85.89045024376254,Phase II
ENSG00000171823.7,0,1,0.0,Phase I
ENSG00000006831.10,0,1,0.0,Phase I
ENSG00000130038.9,0,1,0.0,Phase I
ENSG00000118971.8,0,1,0.0,Phase I
ENSG00000010278.14,0,1,0.0,Phase I
ENSG00000067182.7,0,1,0.0,Phase I
ENSG00000111321.11,0,1,0.0,Phase I
ENSG00000139193.3,0,1,0.0,Phase I
ENSG00000139190.16,0,1,0.0,Phase I
ENSG00000111640.15,0,1,0.0,Phase I
ENSG00000111642.15,0,1,0.0,Phase I
ENSG00000089693.10,0,1,0.0,Phase I
ENSG00000089692.9,0,1,0.0,Phase I
ENSG00000010610.10,0,1,0.0,Phase I
ENSG00000111671.9,0,1,0.0,Phase I
ENSG00000111679.17,0,1,0.0,Phase I
ENSG00000215021.8,0,1,0.0,Phase I
ENSG00000111684.11,0,1,0.0,Phase I
ENSG00000182326.15,17,3246,93.05993690851734,Phase III
ENSG00000159403.17,0,1,0.0,Phase I
ENSG00000177575.12,1,2950,84.57126469744767,Phase II
ENSG00000198178.10,5,3079,88.27071981646114,Phase II
ENSG00000059804.16,0,1,0.0,Phase I
ENSG00000171860.4,0,1,0.0,Phase I
ENSG00000111729.14,0,1,0.0,Phase I
ENSG00000205846.3,2,2968,85.08746773731,Phase II
ENSG00000166527.8,0,1,0.0,Phase I
ENSG00000166523.7,0,1,0.0,Phase I
ENSG00000111732.11,4,3014,86.40665328362489,Phase II
ENSG00000139187.10,0,1,0.0,Phase I
ENSG00000111796.3,0,1,0.0,Phase I
ENSG00000069493.15,0,1,0.0,Phase I
ENSG00000184293.7,74,3481,99.79925437338689,Phase IV
ENSG00000150045.12,1,2950,84.57126469744767,Phase II
ENSG00000172322.14,0,1,0.0,Phase I
ENSG00000165682.14,0,1,0.0,Phase I
ENSG00000256660.6,1,2950,84.57126469744767,Phase II
ENSG00000197992.7,5,3079,88.27071981646114,Phase II
ENSG00000172243.17,0,1,0.0,Phase I
ENSG00000173391.9,17,3246,93.05993690851734,Phase III
ENSG00000134539.17,0,1,0.0,Phase I
ENSG00000213809.9,0,1,0.0,Phase I
ENSG00000183542.5,1,2950,84.57126469744767,Phase II
ENSG00000205810.8,0,1,0.0,Phase I
ENSG00000205809.9,6,3102,88.93031258961858,Phase II
ENSG00000134545.13,0,1,0.0,Phase I
ENSG00000060138.13,0,1,0.0,Phase I
ENSG00000212128.2,7,3113,89.2457700028678,Phase II
ENSG00000070018.9,0,1,0.0,Phase I
ENSG00000111269.3,0,1,0.0,Phase I
ENSG00000111276.11,0,1,0.0,Phase I
ENSG00000070019.5,17,3246,93.05993690851734,Phase III
ENSG00000111348.9,0,1,0.0,Phase I
ENSG00000023697.13,0,1,0.0,Phase I
ENSG00000008394.13,0,1,0.0,Phase I
ENSG00000048540.15,4,3014,86.40665328362489,Phase II
ENSG00000111711.10,0,1,0.0,Phase I
ENSG00000118308.15,0,1,0.0,Phase I
ENSG00000133703.11,0,1,0.0,Phase I
ENSG00000123104.12,0,1,0.0,Phase I
ENSG00000087448.11,0,1,0.0,Phase I
ENSG00000174718.12,0,1,0.0,Phase I
ENSG00000057294.14,0,1,0.0,Phase I
ENSG00000173208.4,0,1,0.0,Phase I
ENSG00000188906.16,0,1,0.0,Phase I
ENSG00000205592.14,18,3289,94.29308861485518,Phase IV
ENSG00000139174.12,0,1,0.0,Phase I
ENSG00000198001.13,0,1,0.0,Phase I
ENSG00000177119.16,0,1,0.0,Phase I
ENSG00000189079.16,0,1,0.0,Phase I
ENSG00000079337.16,8,3128,89.67593920275309,Phase III
ENSG00000061273.18,0,1,0.0,Phase I
ENSG00000177981.11,0,1,0.0,Phase I
ENSG00000174233.11,12,3162,90.65098938915972,Phase III
ENSG00000169884.14,18,3289,94.29308861485518,Phase IV
ENSG00000181929.12,0,1,0.0,Phase I
ENSG00000167550.11,27,3369,96.58732434757673,Phase IV
ENSG00000139636.15,0,1,0.0,Phase I
ENSG00000161800.13,0,1,0.0,Phase I
ENSG00000066117.14,0,1,0.0,Phase I
ENSG00000050426.16,0,1,0.0,Phase I
ENSG00000110934.11,0,1,0.0,Phase I
ENSG00000139567.12,32,3408,97.70576426727844,Phase IV
ENSG00000135503.13,0,1,0.0,Phase I
ENSG00000123358.20,7,3113,89.2457700028678,Phase II
ENSG00000167768.4,0,1,0.0,Phase I
ENSG00000139626.16,0,1,0.0,Phase I
ENSG00000135476.11,0,1,0.0,Phase I
ENSG00000094914.13,0,1,0.0,Phase I
ENSG00000197111.15,0,1,0.0,Phase I
ENSG00000139546.10,0,1,0.0,Phase I
ENSG00000139572.4,0,1,0.0,Phase I
ENSG00000161642.17,0,1,0.0,Phase I
ENSG00000161638.11,0,1,0.0,Phase I
ENSG00000123338.13,0,1,0.0,Phase I
ENSG00000123360.12,0,1,0.0,Phase I
ENSG00000135426.16,0,1,0.0,Phase I
ENSG00000135404.11,0,1,0.0,Phase I
ENSG00000135414.9,0,1,0.0,Phase I
ENSG00000123374.11,0,1,0.0,Phase I
ENSG00000111540.16,0,1,0.0,Phase I
ENSG00000170515.14,0,1,0.0,Phase I
ENSG00000229117.9,0,1,0.0,Phase I
ENSG00000139613.12,0,1,0.0,Phase I
ENSG00000181852.17,0,1,0.0,Phase I
ENSG00000110944.9,27,3369,96.58732434757673,Phase IV
ENSG00000170581.14,0,1,0.0,Phase I
ENSG00000166860.3,0,1,0.0,Phase I
ENSG00000166888.12,0,1,0.0,Phase I
ENSG00000182199.11,0,1,0.0,Phase I
ENSG00000123329.18,0,1,0.0,Phase I
ENSG00000175197.12,0,1,0.0,Phase I
ENSG00000175203.15,0,1,0.0,Phase I
ENSG00000155980.12,17,3246,93.05993690851734,Phase III
ENSG00000135446.17,0,1,0.0,Phase I
ENSG00000111012.10,18,3289,94.29308861485518,Phase IV
ENSG00000135655.16,0,1,0.0,Phase I
ENSG00000183735.10,0,1,0.0,Phase I
ENSG00000135677.11,0,1,0.0,Phase I
ENSG00000149948.13,12,3162,90.65098938915972,Phase III
ENSG00000090376.10,0,1,0.0,Phase I
ENSG00000111530.13,0,1,0.0,Phase I
ENSG00000111537.5,18,3289,94.29308861485518,Phase IV
ENSG00000127314.18,0,1,0.0,Phase I
ENSG00000111581.10,0,1,0.0,Phase I
ENSG00000135679.24,0,1,0.0,Phase I
ENSG00000090382.6,0,1,0.0,Phase I
ENSG00000166226.13,0,1,0.0,Phase I
ENSG00000127329.15,39,3428,98.27932320045883,Phase IV
ENSG00000139278.10,0,1,0.0,Phase I
ENSG00000091039.17,0,1,0.0,Phase I
ENSG00000186908.14,0,1,0.0,Phase I
ENSG00000165891.16,0,1,0.0,Phase I
ENSG00000067798.16,58,3469,99.45511901347864,Phase IV
ENSG00000067715.14,18,3289,94.29308861485518,Phase IV
ENSG00000198707.15,0,1,0.0,Phase I
ENSG00000139318.8,0,1,0.0,Phase I
ENSG00000070961.15,0,1,0.0,Phase I
ENSG00000102189.16,0,1,0.0,Phase I
ENSG00000177889.10,0,1,0.0,Phase I
ENSG00000120833.14,0,1,0.0,Phase I
ENSG00000136014.12,0,1,0.0,Phase I
ENSG00000111144.10,0,1,0.0,Phase I
ENSG00000188596.11,14,3203,91.82678520217952,Phase III
ENSG00000166130.15,0,1,0.0,Phase I
ENSG00000120868.13,0,1,0.0,Phase I
ENSG00000075188.9,0,1,0.0,Phase I
ENSG00000017427.16,18,3289,94.29308861485518,Phase IV
ENSG00000136011.15,12,3162,90.65098938915972,Phase III
ENSG00000166598.15,0,1,0.0,Phase I
ENSG00000198431.16,0,1,0.0,Phase I
ENSG00000136026.14,0,1,0.0,Phase I
ENSG00000013503.10,0,1,0.0,Phase I
ENSG00000174600.14,0,1,0.0,Phase I
ENSG00000110876.9,0,1,0.0,Phase I
ENSG00000110880.10,0,1,0.0,Phase I
ENSG00000076555.15,0,1,0.0,Phase I
ENSG00000151148.14,0,1,0.0,Phase I
ENSG00000110921.14,0,1,0.0,Phase I
ENSG00000111199.10,27,3369,96.58732434757673,Phase IV
ENSG00000196510.12,0,1,0.0,Phase I
ENSG00000111229.16,0,1,0.0,Phase I
ENSG00000122986.13,0,1,0.0,Phase I
ENSG00000186298.11,0,1,0.0,Phase I
ENSG00000111252.10,0,1,0.0,Phase I
ENSG00000135148.12,0,1,0.0,Phase I
ENSG00000089009.15,0,1,0.0,Phase I
ENSG00000179295.17,0,1,0.0,Phase I
ENSG00000089127.13,0,1,0.0,Phase I
ENSG00000111331.13,0,1,0.0,Phase I
ENSG00000111335.12,0,1,0.0,Phase I
ENSG00000089060.11,0,1,0.0,Phase I
ENSG00000174989.13,0,1,0.0,Phase I
ENSG00000088992.18,0,1,0.0,Phase I
ENSG00000135108.14,0,1,0.0,Phase I
ENSG00000111725.11,0,1,0.0,Phase I
ENSG00000122966.16,0,1,0.0,Phase I
ENSG00000111737.12,0,1,0.0,Phase I
ENSG00000089157.16,0,1,0.0,Phase I
ENSG00000089159.16,0,1,0.0,Phase I
ENSG00000088986.11,0,1,0.0,Phase I
ENSG00000110917.8,0,1,0.0,Phase I
ENSG00000157837.16,0,1,0.0,Phase I
ENSG00000135114.12,0,1,0.0,Phase I
ENSG00000089041.17,0,1,0.0,Phase I
ENSG00000135124.14,0,1,0.0,Phase I
ENSG00000110931.19,0,1,0.0,Phase I
ENSG00000089053.13,0,1,0.0,Phase I
ENSG00000170633.16,0,1,0.0,Phase I
ENSG00000276045.3,0,1,0.0,Phase I
ENSG00000188735.13,0,1,0.0,Phase I
ENSG00000139725.8,0,1,0.0,Phase I
ENSG00000110801.13,0,1,0.0,Phase I
ENSG00000182782.7,0,1,0.0,Phase I
ENSG00000139722.7,0,1,0.0,Phase I
ENSG00000111361.12,0,1,0.0,Phase I
ENSG00000111358.14,0,1,0.0,Phase I
ENSG00000185344.14,0,1,0.0,Phase I
ENSG00000196498.13,0,1,0.0,Phase I
ENSG00000073060.16,0,1,0.0,Phase I
ENSG00000150991.15,0,1,0.0,Phase I
ENSG00000139370.12,0,1,0.0,Phase I
ENSG00000132341.12,0,1,0.0,Phase I
ENSG00000177169.10,0,1,0.0,Phase I
ENSG00000196199.14,0,1,0.0,Phase I
ENSG00000180776.15,0,1,0.0,Phase I
ENSG00000127863.15,4,3014,86.40665328362489,Phase II
ENSG00000102699.6,0,1,0.0,Phase I
ENSG00000139496.16,0,1,0.0,Phase I
ENSG00000127870.17,0,1,0.0,Phase I
ENSG00000132970.12,0,1,0.0,Phase I
ENSG00000122026.10,0,1,0.0,Phase I
ENSG00000186184.17,0,1,0.0,Phase I
ENSG00000122025.14,3,2996,85.89045024376254,Phase II
ENSG00000139514.13,0,1,0.0,Phase I
ENSG00000189403.15,0,1,0.0,Phase I
ENSG00000120694.19,0,1,0.0,Phase I
ENSG00000083642.19,0,1,0.0,Phase I
ENSG00000133101.10,23,3357,96.24318898766847,Phase IV
ENSG00000188811.14,0,1,0.0,Phase I
ENSG00000150907.8,0,1,0.0,Phase I
ENSG00000165572.7,0,1,0.0,Phase I
ENSG00000120696.8,0,1,0.0,Phase I
ENSG00000102760.13,0,1,0.0,Phase I
ENSG00000179630.11,0,1,0.0,Phase I
ENSG00000188342.12,0,1,0.0,Phase I
ENSG00000136167.14,0,1,0.0,Phase I
ENSG00000136141.15,0,1,0.0,Phase I
ENSG00000102468.10,4,3014,86.40665328362489,Phase II
ENSG00000139687.15,0,1,0.0,Phase I
ENSG00000152207.7,0,1,0.0,Phase I
ENSG00000102753.10,0,1,0.0,Phase I
ENSG00000204977.10,0,1,0.0,Phase I
ENSG00000139668.9,0,1,0.0,Phase I
ENSG00000136108.15,0,1,0.0,Phase I
ENSG00000165416.14,0,1,0.0,Phase I
ENSG00000102837.7,0,1,0.0,Phase I
ENSG00000083535.16,0,1,0.0,Phase I
ENSG00000102554.14,0,1,0.0,Phase I
ENSG00000188243.12,0,1,0.0,Phase I
ENSG00000136153.20,0,1,0.0,Phase I
ENSG00000005812.11,0,1,0.0,Phase I
ENSG00000136160.16,2,2968,85.08746773731,Phase II
ENSG00000102471.14,0,1,0.0,Phase I
ENSG00000102580.15,0,1,0.0,Phase I
ENSG00000065150.19,0,1,0.0,Phase I
ENSG00000169508.7,0,1,0.0,Phase I
ENSG00000134900.12,0,1,0.0,Phase I
ENSG00000174405.13,0,1,0.0,Phase I
ENSG00000102524.11,0,1,0.0,Phase I
ENSG00000185950.9,0,1,0.0,Phase I
ENSG00000102606.18,0,1,0.0,Phase I
ENSG00000068650.18,0,1,0.0,Phase I
ENSG00000185896.11,0,1,0.0,Phase I
ENSG00000198176.13,0,1,0.0,Phase I
ENSG00000183087.15,18,3289,94.29308861485518,Phase IV
ENSG00000130177.16,0,1,0.0,Phase I
ENSG00000198824.7,0,1,0.0,Phase I
ENSG00000198805.11,0,1,0.0,Phase I
ENSG00000214274.9,2,2968,85.08746773731,Phase II
ENSG00000169413.3,0,1,0.0,Phase I
ENSG00000129538.14,2,2968,85.08746773731,Phase II
ENSG00000169397.3,0,1,0.0,Phase I
ENSG00000169385.3,0,1,0.0,Phase I
ENSG00000092199.17,0,1,0.0,Phase I
ENSG00000129472.15,0,1,0.0,Phase I
ENSG00000092203.14,0,1,0.0,Phase I
ENSG00000165819.12,0,1,0.0,Phase I
ENSG00000211809.2,0,1,0.0,Phase I
ENSG00000211829.9,0,1,0.0,Phase I
ENSG00000157227.13,11,3155,90.4502437625466,Phase III
ENSG00000100804.18,0,1,0.0,Phase I
ENSG00000092067.5,0,1,0.0,Phase I
ENSG00000092068.20,0,1,0.0,Phase I
ENSG00000100836.10,0,1,0.0,Phase I
ENSG00000092054.13,4,3014,86.40665328362489,Phase II
ENSG00000100889.11,0,1,0.0,Phase I
ENSG00000092010.15,0,1,0.0,Phase I
ENSG00000100911.16,0,1,0.0,Phase I
ENSG00000092098.17,0,1,0.0,Phase I
ENSG00000213928.8,0,1,0.0,Phase I
ENSG00000254505.10,0,1,0.0,Phase I
ENSG00000213906.10,0,1,0.0,Phase I
ENSG00000213903.9,0,1,0.0,Phase I
ENSG00000129467.13,0,1,0.0,Phase I
ENSG00000129465.16,0,1,0.0,Phase I
ENSG00000100448.4,0,1,0.0,Phase I
ENSG00000100453.13,0,1,0.0,Phase I
ENSG00000184304.15,5,3079,88.27071981646114,Phase II
ENSG00000092148.13,0,1,0.0,Phase I
ENSG00000100852.13,0,1,0.0,Phase I
ENSG00000151320.11,27,3369,96.58732434757673,Phase IV
ENSG00000129515.19,0,1,0.0,Phase I
ENSG00000100883.12,0,1,0.0,Phase I
ENSG00000092020.10,0,1,0.0,Phase I
ENSG00000100902.10,0,1,0.0,Phase I
ENSG00000100906.10,0,1,0.0,Phase I
ENSG00000100934.15,0,1,0.0,Phase I
ENSG00000213741.10,0,1,0.0,Phase I
ENSG00000165501.17,0,1,0.0,Phase I
ENSG00000165502.6,0,1,0.0,Phase I
ENSG00000165506.14,0,1,0.0,Phase I
ENSG00000100485.12,0,1,0.0,Phase I
ENSG00000100504.17,0,1,0.0,Phase I
ENSG00000100505.13,0,1,0.0,Phase I
ENSG00000186469.8,0,1,0.0,Phase I
ENSG00000168229.3,0,1,0.0,Phase I
ENSG00000125384.7,0,1,0.0,Phase I
ENSG00000100519.12,0,1,0.0,Phase I
ENSG00000073712.15,8,3128,89.67593920275309,Phase III
ENSG00000131979.19,0,1,0.0,Phase I
ENSG00000131981.16,0,1,0.0,Phase I
ENSG00000126775.8,0,1,0.0,Phase I
ENSG00000139946.10,0,1,0.0,Phase I
ENSG00000070367.16,0,1,0.0,Phase I
ENSG00000131966.14,0,1,0.0,Phase I
ENSG00000100567.13,0,1,0.0,Phase I
ENSG00000100614.18,0,1,0.0,Phase I
ENSG00000027075.15,0,1,0.0,Phase I
ENSG00000100644.17,0,1,0.0,Phase I
ENSG00000154001.14,0,1,0.0,Phase I
ENSG00000089775.11,0,1,0.0,Phase I
ENSG00000126804.13,0,1,0.0,Phase I
ENSG00000100554.12,0,1,0.0,Phase I
ENSG00000081181.8,14,3203,91.82678520217952,Phase III
ENSG00000072121.16,0,1,0.0,Phase I
ENSG00000185650.9,0,1,0.0,Phase I
ENSG00000072110.13,0,1,0.0,Phase I
ENSG00000165861.14,0,1,0.0,Phase I
ENSG00000080815.19,0,1,0.0,Phase I
ENSG00000187097.12,0,1,0.0,Phase I
ENSG00000119655.10,0,1,0.0,Phase I
ENSG00000119682.17,0,1,0.0,Phase I
ENSG00000119630.14,4,3014,86.40665328362489,Phase II
ENSG00000119718.11,0,1,0.0,Phase I
ENSG00000170348.9,0,1,0.0,Phase I
ENSG00000170345.10,0,1,0.0,Phase I
ENSG00000156127.6,0,1,0.0,Phase I
ENSG00000119699.7,17,3246,93.05993690851734,Phase III
ENSG00000100603.13,0,1,0.0,Phase I
ENSG00000165409.17,18,3289,94.29308861485518,Phase IV
ENSG00000165417.12,0,1,0.0,Phase I
ENSG00000100764.14,0,1,0.0,Phase I
ENSG00000198668.11,0,1,0.0,Phase I
ENSG00000100784.12,0,1,0.0,Phase I
ENSG00000119714.11,0,1,0.0,Phase I
ENSG00000100599.16,0,1,0.0,Phase I
ENSG00000100600.15,0,1,0.0,Phase I
ENSG00000100628.11,0,1,0.0,Phase I
ENSG00000165949.12,0,1,0.0,Phase I
ENSG00000197249.13,0,1,0.0,Phase I
ENSG00000100697.14,0,1,0.0,Phase I
ENSG00000100721.11,0,1,0.0,Phase I
ENSG00000127152.18,0,1,0.0,Phase I
ENSG00000090061.17,0,1,0.0,Phase I
ENSG00000196405.13,0,1,0.0,Phase I
ENSG00000100811.13,0,1,0.0,Phase I
ENSG00000078304.19,0,1,0.0,Phase I
ENSG00000197102.12,0,1,0.0,Phase I
ENSG00000080824.18,0,1,0.0,Phase I
ENSG00000131323.14,0,1,0.0,Phase I
ENSG00000126214.21,0,1,0.0,Phase I
ENSG00000066735.14,38,3425,98.1932893604818,Phase IV
ENSG00000142208.16,0,1,0.0,Phase I
ENSG00000166428.13,0,1,0.0,Phase I
ENSG00000184887.13,0,1,0.0,Phase I
ENSG00000211890.4,0,1,0.0,Phase I
ENSG00000211891.6,33,3413,97.84915400057356,Phase IV
ENSG00000211892.4,0,1,0.0,Phase I
ENSG00000211893.4,0,1,0.0,Phase I
ENSG00000211895.5,0,1,0.0,Phase I
ENSG00000211896.7,0,1,0.0,Phase I
ENSG00000211897.9,0,1,0.0,Phase I
ENSG00000211898.7,0,1,0.0,Phase I
ENSG00000211899.10,0,1,0.0,Phase I
ENSG00000273749.5,0,1,0.0,Phase I
ENSG00000114062.19,0,1,0.0,Phase I
ENSG00000128731.17,0,1,0.0,Phase I
ENSG00000175344.17,12,3162,90.65098938915972,Phase III
ENSG00000166923.11,4,3014,86.40665328362489,Phase II
ENSG00000172575.12,0,1,0.0,Phase I
ENSG00000137801.10,0,1,0.0,Phase I
ENSG00000128829.12,0,1,0.0,Phase I
ENSG00000140319.10,0,1,0.0,Phase I
ENSG00000259288.6,25,3359,96.30054488098652,Phase IV
ENSG00000137843.11,18,3289,94.29308861485518,Phase IV
ENSG00000137841.12,0,1,0.0,Phase I
ENSG00000166140.17,0,1,0.0,Phase I
ENSG00000187446.12,0,1,0.0,Phase I
ENSG00000137804.13,0,1,0.0,Phase I
ENSG00000092445.12,4,3014,86.40665328362489,Phase II
ENSG00000137802.14,0,1,0.0,Phase I
ENSG00000168970.22,0,1,0.0,Phase I
ENSG00000243708.10,0,1,0.0,Phase I
ENSG00000092529.24,0,1,0.0,Phase I
ENSG00000092531.10,0,1,0.0,Phase I
ENSG00000159459.12,0,1,0.0,Phase I
ENSG00000067369.13,0,1,0.0,Phase I
ENSG00000167004.13,0,1,0.0,Phase I
ENSG00000166710.19,0,1,0.0,Phase I
ENSG00000185880.13,0,1,0.0,Phase I
ENSG00000104164.10,0,1,0.0,Phase I
ENSG00000137872.16,4,3014,86.40665328362489,Phase II
ENSG00000166147.13,0,1,0.0,Phase I
ENSG00000104043.14,0,1,0.0,Phase I
ENSG00000140284.11,0,1,0.0,Phase I
ENSG00000138592.14,0,1,0.0,Phase I
ENSG00000138600.10,0,1,0.0,Phase I
ENSG00000069966.18,0,1,0.0,Phase I
ENSG00000197535.14,0,1,0.0,Phase I
ENSG00000137876.10,0,1,0.0,Phase I
ENSG00000069974.16,0,1,0.0,Phase I
ENSG00000069869.16,0,1,0.0,Phase I
ENSG00000128918.15,0,1,0.0,Phase I
ENSG00000137845.15,0,1,0.0,Phase I
ENSG00000157450.15,0,1,0.0,Phase I
ENSG00000157483.8,0,1,0.0,Phase I
ENSG00000140307.11,0,1,0.0,Phase I
ENSG00000182718.16,0,1,0.0,Phase I
ENSG00000069667.16,0,1,0.0,Phase I
ENSG00000185088.14,0,1,0.0,Phase I
ENSG00000103657.14,0,1,0.0,Phase I
ENSG00000166794.4,0,1,0.0,Phase I
ENSG00000241839.10,0,1,0.0,Phase I
ENSG00000090487.11,0,1,0.0,Phase I
ENSG00000074696.13,0,1,0.0,Phase I
ENSG00000103769.10,0,1,0.0,Phase I
ENSG00000169032.9,0,1,0.0,Phase I
ENSG00000174444.15,0,1,0.0,Phase I
ENSG00000137834.15,18,3289,94.29308861485518,Phase IV
ENSG00000166949.16,0,1,0.0,Phase I
ENSG00000137764.20,0,1,0.0,Phase I
ENSG00000033800.13,0,1,0.0,Phase I
ENSG00000129007.14,0,1,0.0,Phase I
ENSG00000255346.10,12,3162,90.65098938915972,Phase III
ENSG00000137807.15,0,1,0.0,Phase I
ENSG00000137818.12,0,1,0.0,Phase I
ENSG00000137831.15,1,2950,84.57126469744767,Phase II
ENSG00000067225.18,0,1,0.0,Phase I
ENSG00000166233.15,0,1,0.0,Phase I
ENSG00000140463.14,0,1,0.0,Phase I
ENSG00000156642.16,0,1,0.0,Phase I
ENSG00000140464.19,0,1,0.0,Phase I
ENSG00000138623.10,0,1,0.0,Phase I
ENSG00000103653.16,0,1,0.0,Phase I
ENSG00000198794.12,16,3231,92.62976770863206,Phase III
ENSG00000169375.15,0,1,0.0,Phase I
ENSG00000169410.9,0,1,0.0,Phase I
ENSG00000173548.8,1,2950,84.57126469744767,Phase II
ENSG00000140367.11,0,1,0.0,Phase I
ENSG00000167196.14,0,1,0.0,Phase I
ENSG00000140368.12,0,1,0.0,Phase I
ENSG00000173517.10,0,1,0.0,Phase I
ENSG00000103740.10,17,3246,93.05993690851734,Phase III
ENSG00000041357.16,0,1,0.0,Phase I
ENSG00000103811.16,0,1,0.0,Phase I
ENSG00000086666.19,0,1,0.0,Phase I
ENSG00000172349.17,0,1,0.0,Phase I
ENSG00000182774.12,0,1,0.0,Phase I
ENSG00000103942.13,0,1,0.0,Phase I
ENSG00000064726.9,0,1,0.0,Phase I
ENSG00000197696.10,20,3349,96.01376541439632,Phase IV
ENSG00000170776.21,0,1,0.0,Phase I
ENSG00000183655.13,18,3289,94.29308861485518,Phase IV
ENSG00000140543.14,0,1,0.0,Phase I
ENSG00000172183.15,0,1,0.0,Phase I
ENSG00000166825.14,0,1,0.0,Phase I
ENSG00000185033.14,0,1,0.0,Phase I
ENSG00000185043.11,0,1,0.0,Phase I
ENSG00000140575.13,0,1,0.0,Phase I
ENSG00000140577.16,0,1,0.0,Phase I
ENSG00000140564.12,0,1,0.0,Phase I
ENSG00000182511.12,0,1,0.0,Phase I
ENSG00000198901.14,0,1,0.0,Phase I
ENSG00000185518.11,9,3145,90.1634642959564,Phase III
ENSG00000176463.14,0,1,0.0,Phase I
ENSG00000068305.17,0,1,0.0,Phase I
ENSG00000183475.12,0,1,0.0,Phase I
ENSG00000131871.15,0,1,0.0,Phase I
ENSG00000131876.17,0,1,0.0,Phase I
ENSG00000161980.5,0,1,0.0,Phase I
ENSG00000090565.16,0,1,0.0,Phase I
ENSG00000103266.11,0,1,0.0,Phase I
ENSG00000161999.12,0,1,0.0,Phase I
ENSG00000127585.12,16,3231,92.62976770863206,Phase III
ENSG00000103275.20,0,1,0.0,Phase I
ENSG00000059145.18,0,1,0.0,Phase I
ENSG00000140986.8,4,3014,86.40665328362489,Phase II
ENSG00000140988.16,0,1,0.0,Phase I
ENSG00000131653.13,0,1,0.0,Phase I
ENSG00000167965.18,0,1,0.0,Phase I
ENSG00000162063.13,0,1,0.0,Phase I
ENSG00000185883.12,0,1,0.0,Phase I
ENSG00000140992.19,0,1,0.0,Phase I
ENSG00000103363.14,0,1,0.0,Phase I
ENSG00000213937.4,13,3192,91.5113277889303,Phase III
ENSG00000006327.13,14,3203,91.82678520217952,Phase III
ENSG00000131652.14,0,1,0.0,Phase I
ENSG00000008517.16,0,1,0.0,Phase I
ENSG00000103313.12,0,1,0.0,Phase I
ENSG00000167984.18,0,1,0.0,Phase I
ENSG00000213918.10,0,1,0.0,Phase I
ENSG00000005339.14,0,1,0.0,Phase I
ENSG00000162104.10,0,1,0.0,Phase I
ENSG00000090447.12,0,1,0.0,Phase I
ENSG00000103423.14,0,1,0.0,Phase I
ENSG00000103415.12,0,1,0.0,Phase I
ENSG00000102858.13,0,1,0.0,Phase I
ENSG00000118898.16,18,3289,94.29308861485518,Phase IV
ENSG00000187555.15,0,1,0.0,Phase I
ENSG00000179583.19,0,1,0.0,Phase I
ENSG00000185338.5,0,1,0.0,Phase I
ENSG00000189067.12,0,1,0.0,Phase I
ENSG00000048462.11,0,1,0.0,Phase I
ENSG00000103381.12,0,1,0.0,Phase I
ENSG00000134419.15,0,1,0.0,Phase I
ENSG00000103540.16,0,1,0.0,Phase I
ENSG00000103544.14,0,1,0.0,Phase I
ENSG00000167191.12,9,3145,90.1634642959564,Phase III
ENSG00000158486.13,4,3014,86.40665328362489,Phase II
ENSG00000058600.16,0,1,0.0,Phase I
ENSG00000166847.10,0,1,0.0,Phase I
ENSG00000166851.15,0,1,0.0,Phase I
ENSG00000166501.13,0,1,0.0,Phase I
ENSG00000122257.20,0,1,0.0,Phase I
ENSG00000077238.14,0,1,0.0,Phase I
ENSG00000103522.16,0,1,0.0,Phase I
ENSG00000197272.2,5,3079,88.27071981646114,Phase II
ENSG00000178188.14,0,1,0.0,Phase I
ENSG00000177455.13,0,1,0.0,Phase I
ENSG00000169682.18,0,1,0.0,Phase I
ENSG00000213658.11,0,1,0.0,Phase I
ENSG00000197471.12,0,1,0.0,Phase I
ENSG00000079616.12,0,1,0.0,Phase I
ENSG00000285043.1,0,1,0.0,Phase I
ENSG00000102882.12,0,1,0.0,Phase I
ENSG00000102879.15,0,1,0.0,Phase I
ENSG00000180096.12,0,1,0.0,Phase I
ENSG00000005844.17,0,1,0.0,Phase I
ENSG00000099364.16,0,1,0.0,Phase I
ENSG00000099377.14,0,1,0.0,Phase I
ENSG00000099365.11,5,3079,88.27071981646114,Phase II
ENSG00000103496.15,0,1,0.0,Phase I
ENSG00000103490.14,0,1,0.0,Phase I
ENSG00000169896.17,0,1,0.0,Phase I
ENSG00000140678.16,0,1,0.0,Phase I
ENSG00000069329.17,0,1,0.0,Phase I
ENSG00000140795.13,13,3192,91.5113277889303,Phase III
ENSG00000196470.12,0,1,0.0,Phase I
ENSG00000102921.8,0,1,0.0,Phase I
ENSG00000121281.12,0,1,0.0,Phase I
ENSG00000166164.15,0,1,0.0,Phase I
ENSG00000167207.13,0,1,0.0,Phase I
ENSG00000083799.17,0,1,0.0,Phase I
ENSG00000103479.16,0,1,0.0,Phase I
ENSG00000140718.21,0,1,0.0,Phase I
ENSG00000087258.15,14,3203,91.82678520217952,Phase III
ENSG00000159461.15,0,1,0.0,Phase I
ENSG00000167005.14,0,1,0.0,Phase I
ENSG00000125124.12,0,1,0.0,Phase I
ENSG00000125148.7,0,1,0.0,Phase I
ENSG00000187193.9,0,1,0.0,Phase I
ENSG00000102900.13,0,1,0.0,Phase I
ENSG00000087237.12,14,3203,91.82678520217952,Phase III
ENSG00000140853.15,0,1,0.0,Phase I
ENSG00000140848.17,0,1,0.0,Phase I
ENSG00000102978.13,0,1,0.0,Phase I
ENSG00000182885.17,0,1,0.0,Phase I
ENSG00000103037.11,0,1,0.0,Phase I
ENSG00000150394.14,4,3014,86.40665328362489,Phase II
ENSG00000135720.13,0,1,0.0,Phase I
ENSG00000067955.14,0,1,0.0,Phase I
ENSG00000102871.16,0,1,0.0,Phase I
ENSG00000135722.9,7,3113,89.2457700028678,Phase II
ENSG00000102890.15,0,1,0.0,Phase I
ENSG00000159714.11,7,3113,89.2457700028678,Phase II
ENSG00000159720.12,0,1,0.0,Phase I
ENSG00000205220.12,0,1,0.0,Phase I
ENSG00000141096.5,0,1,0.0,Phase I
ENSG00000167261.14,0,1,0.0,Phase I
ENSG00000167264.18,0,1,0.0,Phase I
ENSG00000072736.19,0,1,0.0,Phase I
ENSG00000039068.19,29,3404,97.59105248064238,Phase IV
ENSG00000132612.16,0,1,0.0,Phase I
ENSG00000102908.21,0,1,0.0,Phase I
ENSG00000223496.3,0,1,0.0,Phase I
ENSG00000103043.15,0,1,0.0,Phase I
ENSG00000166747.12,0,1,0.0,Phase I
ENSG00000182149.20,0,1,0.0,Phase I
ENSG00000257017.8,0,1,0.0,Phase I
ENSG00000103035.11,0,1,0.0,Phase I
ENSG00000168404.13,0,1,0.0,Phase I
ENSG00000186187.11,0,1,0.0,Phase I
ENSG00000065427.14,0,1,0.0,Phase I
ENSG00000166848.6,0,1,0.0,Phase I
ENSG00000178573.7,0,1,0.0,Phase I
ENSG00000261609.6,0,1,0.0,Phase I
ENSG00000197943.10,0,1,0.0,Phase I
ENSG00000140945.17,4,3014,86.40665328362489,Phase II
ENSG00000103187.8,0,1,0.0,Phase I
ENSG00000103194.15,0,1,0.0,Phase I
ENSG00000103196.12,0,1,0.0,Phase I
ENSG00000140968.11,0,1,0.0,Phase I
ENSG00000103264.18,0,1,0.0,Phase I
ENSG00000103257.9,0,1,0.0,Phase I
ENSG00000179588.9,0,1,0.0,Phase I
ENSG00000051523.11,0,1,0.0,Phase I
ENSG00000198931.10,0,1,0.0,Phase I
ENSG00000141012.13,0,1,0.0,Phase I
ENSG00000129993.14,0,1,0.0,Phase I
ENSG00000131165.15,0,1,0.0,Phase I
ENSG00000187741.15,0,1,0.0,Phase I
ENSG00000204991.11,17,3246,93.05993690851734,Phase III
ENSG00000258839.3,0,1,0.0,Phase I
ENSG00000108953.17,0,1,0.0,Phase I
ENSG00000167193.8,0,1,0.0,Phase I
ENSG00000197879.16,0,1,0.0,Phase I
ENSG00000132376.20,0,1,0.0,Phase I
ENSG00000174238.14,0,1,0.0,Phase I
ENSG00000167711.13,7,3113,89.2457700028678,Phase II
ENSG00000167720.13,0,1,0.0,Phase I
ENSG00000132359.15,0,1,0.0,Phase I
ENSG00000167723.14,55,3461,99.22569544020648,Phase IV
ENSG00000196689.12,0,1,0.0,Phase I
ENSG00000197417.7,0,1,0.0,Phase I
ENSG00000074356.17,0,1,0.0,Phase I
ENSG00000108405.4,0,1,0.0,Phase I
ENSG00000132388.12,0,1,0.0,Phase I
ENSG00000183018.9,15,3216,92.19959850874676,Phase III
ENSG00000161905.12,0,1,0.0,Phase I
ENSG00000141480.18,0,1,0.0,Phase I
ENSG00000161921.15,0,1,0.0,Phase I
ENSG00000142507.10,0,1,0.0,Phase I
ENSG00000129219.14,0,1,0.0,Phase I
ENSG00000161929.15,0,1,0.0,Phase I
ENSG00000108559.12,0,1,0.0,Phase I
ENSG00000108561.8,0,1,0.0,Phase I
ENSG00000005100.13,0,1,0.0,Phase I
ENSG00000091592.16,0,1,0.0,Phase I
ENSG00000129235.10,0,1,0.0,Phase I
ENSG00000132530.17,0,1,0.0,Phase I
ENSG00000108839.12,0,1,0.0,Phase I
ENSG00000219200.11,0,1,0.0,Phase I
ENSG00000132514.13,7,3113,89.2457700028678,Phase II
ENSG00000181885.18,15,3216,92.19959850874676,Phase III
ENSG00000181856.14,17,3246,93.05993690851734,Phase III
ENSG00000132507.18,0,1,0.0,Phase I
ENSG00000132522.16,0,1,0.0,Phase I
ENSG00000181284.2,0,1,0.0,Phase I
ENSG00000181222.15,0,1,0.0,Phase I
ENSG00000239697.11,0,1,0.0,Phase I
ENSG00000161955.16,0,1,0.0,Phase I
ENSG00000161960.15,0,1,0.0,Phase I
ENSG00000129226.14,0,1,0.0,Phase I
ENSG00000141510.17,0,1,0.0,Phase I
ENSG00000183914.14,17,3246,93.05993690851734,Phase III
ENSG00000170043.11,0,1,0.0,Phase I
ENSG00000170037.13,0,1,0.0,Phase I
ENSG00000179593.16,15,3216,92.19959850874676,Phase III
ENSG00000179094.16,0,1,0.0,Phase I
ENSG00000220205.9,0,1,0.0,Phase I
ENSG00000178999.13,0,1,0.0,Phase I
ENSG00000161970.14,0,1,0.0,Phase I
ENSG00000133026.12,0,1,0.0,Phase I
ENSG00000276231.4,0,1,0.0,Phase I
ENSG00000065559.15,0,1,0.0,Phase I
ENSG00000221926.12,0,1,0.0,Phase I
ENSG00000170425.3,14,3203,91.82678520217952,Phase III
ENSG00000011295.16,0,1,0.0,Phase I
ENSG00000166582.10,0,1,0.0,Phase I
ENSG00000170315.13,0,1,0.0,Phase I
ENSG00000187688.15,0,1,0.0,Phase I
ENSG00000240505.8,55,3461,99.22569544020648,Phase IV
ENSG00000154803.13,0,1,0.0,Phase I
ENSG00000176994.11,0,1,0.0,Phase I
ENSG00000176974.20,0,1,0.0,Phase I
ENSG00000171916.16,0,1,0.0,Phase I
ENSG00000166484.20,0,1,0.0,Phase I
ENSG00000170298.15,20,3349,96.01376541439632,Phase IV
ENSG00000034152.18,0,1,0.0,Phase I
ENSG00000109046.15,0,1,0.0,Phase I
ENSG00000168961.17,0,1,0.0,Phase I
ENSG00000004139.14,0,1,0.0,Phase I
ENSG00000109103.11,0,1,0.0,Phase I
ENSG00000109107.14,0,1,0.0,Phase I
ENSG00000109111.15,0,1,0.0,Phase I
ENSG00000198242.14,0,1,0.0,Phase I
ENSG00000076604.15,0,1,0.0,Phase I
ENSG00000132589.16,0,1,0.0,Phase I
ENSG00000196535.16,0,1,0.0,Phase I
ENSG00000108262.15,0,1,0.0,Phase I
ENSG00000108578.15,0,1,0.0,Phase I
ENSG00000181481.14,0,1,0.0,Phase I
ENSG00000185862.7,0,1,0.0,Phase I
ENSG00000131242.18,0,1,0.0,Phase I
ENSG00000108671.11,0,1,0.0,Phase I
ENSG00000006042.12,4,3014,86.40665328362489,Phase II
ENSG00000108691.9,4,3014,86.40665328362489,Phase II
ENSG00000108700.5,12,3162,90.65098938915972,Phase III
ENSG00000092871.16,0,1,0.0,Phase I
ENSG00000172716.16,0,1,0.0,Phase I
ENSG00000154760.14,0,1,0.0,Phase I
ENSG00000006125.18,0,1,0.0,Phase I
ENSG00000271447.6,8,3128,89.67593920275309,Phase III
ENSG00000271503.6,0,1,0.0,Phase I
ENSG00000274736.5,15,3216,92.19959850874676,Phase III
ENSG00000277632.2,0,1,0.0,Phase I
ENSG00000275302.2,0,1,0.0,Phase I
ENSG00000276085.1,13,3192,91.5113277889303,Phase III
ENSG00000276070.5,6,3102,88.93031258961858,Phase II
ENSG00000278259.4,0,1,0.0,Phase I
ENSG00000277791.5,0,1,0.0,Phase I
ENSG00000125691.13,0,1,0.0,Phase I
ENSG00000108298.11,0,1,0.0,Phase I
ENSG00000108306.13,0,1,0.0,Phase I
ENSG00000125686.12,0,1,0.0,Phase I
ENSG00000161405.17,0,1,0.0,Phase I
ENSG00000073605.18,0,1,0.0,Phase I
ENSG00000172057.10,0,1,0.0,Phase I
ENSG00000167914.11,10,3149,90.27817608259248,Phase III
ENSG00000108344.15,0,1,0.0,Phase I
ENSG00000126368.6,27,3369,96.58732434757673,Phase IV
ENSG00000171475.14,0,1,0.0,Phase I
ENSG00000094804.11,0,1,0.0,Phase I
ENSG00000131759.18,0,1,0.0,Phase I
ENSG00000131747.15,0,1,0.0,Phase I
ENSG00000126353.3,0,1,0.0,Phase I
ENSG00000073584.20,0,1,0.0,Phase I
ENSG00000173801.17,0,1,0.0,Phase I
ENSG00000178502.6,0,1,0.0,Phase I
ENSG00000131473.17,0,1,0.0,Phase I
ENSG00000168256.18,0,1,0.0,Phase I
ENSG00000108771.13,0,1,0.0,Phase I
ENSG00000108773.11,0,1,0.0,Phase I
ENSG00000108774.14,0,1,0.0,Phase I
ENSG00000167925.16,0,1,0.0,Phase I
ENSG00000173757.9,0,1,0.0,Phase I
ENSG00000126561.16,0,1,0.0,Phase I
ENSG00000168610.14,0,1,0.0,Phase I
ENSG00000033627.16,0,1,0.0,Phase I
ENSG00000126581.13,0,1,0.0,Phase I
ENSG00000131467.10,0,1,0.0,Phase I
ENSG00000131471.7,0,1,0.0,Phase I
ENSG00000131469.14,0,1,0.0,Phase I
ENSG00000068079.7,0,1,0.0,Phase I
ENSG00000108828.16,0,1,0.0,Phase I
ENSG00000012048.22,0,1,0.0,Phase I
ENSG00000184988.8,0,1,0.0,Phase I
ENSG00000067596.11,0,1,0.0,Phase I
ENSG00000108861.9,0,1,0.0,Phase I
ENSG00000091947.10,0,1,0.0,Phase I
ENSG00000141349.8,0,1,0.0,Phase I
ENSG00000108840.15,0,1,0.0,Phase I
ENSG00000030582.18,0,1,0.0,Phase I
ENSG00000186834.3,0,1,0.0,Phase I
ENSG00000006062.16,0,1,0.0,Phase I
ENSG00000186868.15,4,3014,86.40665328362489,Phase II
ENSG00000004897.12,0,1,0.0,Phase I
ENSG00000259207.7,0,1,0.0,Phase I
ENSG00000141279.16,0,1,0.0,Phase I
ENSG00000108424.10,0,1,0.0,Phase I
ENSG00000198933.9,0,1,0.0,Phase I
ENSG00000073861.3,0,1,0.0,Phase I
ENSG00000108465.15,0,1,0.0,Phase I
ENSG00000141293.16,0,1,0.0,Phase I
ENSG00000136436.14,0,1,0.0,Phase I
ENSG00000159202.18,0,1,0.0,Phase I
ENSG00000159217.10,4,3014,86.40665328362489,Phase II
ENSG00000167083.7,0,1,0.0,Phase I
ENSG00000167085.11,0,1,0.0,Phase I
ENSG00000136504.12,0,1,0.0,Phase I
ENSG00000243678.11,0,1,0.0,Phase I
ENSG00000121060.18,0,1,0.0,Phase I
ENSG00000121057.13,0,1,0.0,Phase I
ENSG00000136451.9,0,1,0.0,Phase I
ENSG00000264364.3,0,1,0.0,Phase I
ENSG00000005381.7,0,1,0.0,Phase I
ENSG00000108387.14,0,1,0.0,Phase I
ENSG00000175175.6,39,3428,98.27932320045883,Phase IV
ENSG00000108395.14,0,1,0.0,Phase I
ENSG00000141367.11,0,1,0.0,Phase I
ENSG00000141378.14,0,1,0.0,Phase I
ENSG00000011028.14,6,3102,88.93031258961858,Phase II
ENSG00000198909.7,0,1,0.0,Phase I
ENSG00000087191.13,0,1,0.0,Phase I
ENSG00000108604.15,0,1,0.0,Phase I
ENSG00000007312.12,0,1,0.0,Phase I
ENSG00000108622.11,0,1,0.0,Phase I
ENSG00000261371.6,0,1,0.0,Phase I
ENSG00000271605.6,0,1,0.0,Phase I
ENSG00000108854.16,0,1,0.0,Phase I
ENSG00000154229.12,0,1,0.0,Phase I
ENSG00000197170.10,0,1,0.0,Phase I
ENSG00000182481.9,0,1,0.0,Phase I
ENSG00000108946.14,0,1,0.0,Phase I
ENSG00000154265.16,0,1,0.0,Phase I
ENSG00000108984.15,0,1,0.0,Phase I
ENSG00000172809.13,0,1,0.0,Phase I
ENSG00000167851.14,0,1,0.0,Phase I
ENSG00000178789.9,0,1,0.0,Phase I
ENSG00000167850.3,0,1,0.0,Phase I
ENSG00000204345.1,10,3149,90.27817608259248,Phase III
ENSG00000186407.7,0,1,0.0,Phase I
ENSG00000172794.20,0,1,0.0,Phase I
ENSG00000186074.19,0,1,0.0,Phase I
ENSG00000188612.12,0,1,0.0,Phase I
ENSG00000125450.11,0,1,0.0,Phase I
ENSG00000177885.15,0,1,0.0,Phase I
ENSG00000092929.11,0,1,0.0,Phase I
ENSG00000141569.12,0,1,0.0,Phase I
ENSG00000182473.22,0,1,0.0,Phase I
ENSG00000176170.13,0,1,0.0,Phase I
ENSG00000175931.13,0,1,0.0,Phase I
ENSG00000129667.12,0,1,0.0,Phase I
ENSG00000129657.16,0,1,0.0,Phase I
ENSG00000184640.18,0,1,0.0,Phase I
ENSG00000141524.15,0,1,0.0,Phase I
ENSG00000089685.15,0,1,0.0,Phase I
ENSG00000184557.4,0,1,0.0,Phase I
ENSG00000187775.16,15,3216,92.19959850874676,Phase III
ENSG00000035862.12,0,1,0.0,Phase I
ENSG00000108679.13,0,1,0.0,Phase I
ENSG00000171302.17,0,1,0.0,Phase I
ENSG00000171298.13,0,1,0.0,Phase I
ENSG00000141543.11,0,1,0.0,Phase I
ENSG00000141527.18,4,3014,86.40665328362489,Phase II
ENSG00000173821.19,0,1,0.0,Phase I
ENSG00000176108.9,0,1,0.0,Phase I
ENSG00000175866.15,17,3246,93.05993690851734,Phase III
ENSG00000184009.11,0,1,0.0,Phase I
ENSG00000182446.14,0,1,0.0,Phase I
ENSG00000185359.13,0,1,0.0,Phase I
ENSG00000185624.15,0,1,0.0,Phase I
ENSG00000141552.17,0,1,0.0,Phase I
ENSG00000169710.9,0,1,0.0,Phase I
ENSG00000173762.8,0,1,0.0,Phase I
ENSG00000141574.7,0,1,0.0,Phase I
ENSG00000176845.13,0,1,0.0,Phase I
ENSG00000101557.15,0,1,0.0,Phase I
ENSG00000079134.12,0,1,0.0,Phase I
ENSG00000158270.12,27,3369,96.58732434757673,Phase IV
ENSG00000176105.14,0,1,0.0,Phase I
ENSG00000132205.11,0,1,0.0,Phase I
ENSG00000101608.12,0,1,0.0,Phase I
ENSG00000118680.13,0,1,0.0,Phase I
ENSG00000101680.15,4,3014,86.40665328362489,Phase II
ENSG00000128791.12,0,1,0.0,Phase I
ENSG00000168461.13,0,1,0.0,Phase I
ENSG00000101558.13,0,1,0.0,Phase I
ENSG00000255112.2,0,1,0.0,Phase I
ENSG00000134278.15,1,2950,84.57126469744767,Phase II
ENSG00000175354.20,0,1,0.0,Phase I
ENSG00000085415.16,0,1,0.0,Phase I
ENSG00000101654.17,0,1,0.0,Phase I
ENSG00000067900.8,0,1,0.0,Phase I
ENSG00000101782.15,0,1,0.0,Phase I
ENSG00000141447.18,0,1,0.0,Phase I
ENSG00000134489.7,0,1,0.0,Phase I
ENSG00000154611.14,18,3289,94.29308861485518,Phase IV
ENSG00000170558.9,17,3246,93.05993690851734,Phase III
ENSG00000101695.9,0,1,0.0,Phase I
ENSG00000134758.14,0,1,0.0,Phase I
ENSG00000078142.13,0,1,0.0,Phase I
ENSG00000197046.11,2,2968,85.08746773731,Phase II
ENSG00000175387.16,0,1,0.0,Phase I
ENSG00000101665.9,0,1,0.0,Phase I
ENSG00000154832.14,0,1,0.0,Phase I
ENSG00000141646.13,0,1,0.0,Phase I
ENSG00000176624.11,0,1,0.0,Phase I
ENSG00000049759.18,0,1,0.0,Phase I
ENSG00000172175.14,0,1,0.0,Phase I
ENSG00000141682.11,0,1,0.0,Phase I
ENSG00000141655.17,18,3289,94.29308861485518,Phase IV
ENSG00000171791.13,0,1,0.0,Phase I
ENSG00000119541.10,0,1,0.0,Phase I
ENSG00000197632.9,0,1,0.0,Phase I
ENSG00000242550.6,0,1,0.0,Phase I
ENSG00000081138.14,4,3014,86.40665328362489,Phase II
ENSG00000150637.9,0,1,0.0,Phase I
ENSG00000170677.6,0,1,0.0,Phase I
ENSG00000141665.12,8,3128,89.67593920275309,Phase III
ENSG00000180011.7,0,1,0.0,Phase I
ENSG00000101493.11,0,1,0.0,Phase I
ENSG00000131196.17,0,1,0.0,Phase I
ENSG00000060069.16,0,1,0.0,Phase I
ENSG00000099804.9,0,1,0.0,Phase I
ENSG00000197540.8,0,1,0.0,Phase I
ENSG00000070423.18,0,1,0.0,Phase I
ENSG00000070404.10,47,3446,98.7955262403212,Phase IV
ENSG00000172232.10,18,3289,94.29308861485518,Phase IV
ENSG00000196415.10,12,3162,90.65098938915972,Phase III
ENSG00000197561.7,47,3446,98.7955262403212,Phase IV
ENSG00000064666.15,0,1,0.0,Phase I
ENSG00000180448.10,0,1,0.0,Phase I
ENSG00000099817.12,0,1,0.0,Phase I
ENSG00000064932.16,0,1,0.0,Phase I
ENSG00000118046.15,0,1,0.0,Phase I
ENSG00000115268.9,0,1,0.0,Phase I
ENSG00000071564.15,0,1,0.0,Phase I
ENSG00000005206.17,0,1,0.0,Phase I
ENSG00000176533.13,0,1,0.0,Phase I
ENSG00000172009.15,0,1,0.0,Phase I
ENSG00000104964.14,0,1,0.0,Phase I
ENSG00000105325.14,0,1,0.0,Phase I
ENSG00000006638.11,0,1,0.0,Phase I
ENSG00000105298.14,0,1,0.0,Phase I
ENSG00000167657.14,0,1,0.0,Phase I
ENSG00000167658.16,0,1,0.0,Phase I
ENSG00000105229.7,0,1,0.0,Phase I
ENSG00000178951.9,0,1,0.0,Phase I
ENSG00000126934.13,0,1,0.0,Phase I
ENSG00000077463.15,0,1,0.0,Phase I
ENSG00000167664.8,63,3474,99.59850874677372,Phase IV
ENSG00000105255.11,4,3014,86.40665328362489,Phase II
ENSG00000141985.9,0,1,0.0,Phase I
ENSG00000171236.10,0,1,0.0,Phase I
ENSG00000167680.16,11,3155,90.4502437625466,Phase III
ENSG00000074842.7,0,1,0.0,Phase I
ENSG00000141965.4,0,1,0.0,Phase I
ENSG00000127666.9,0,1,0.0,Phase I
ENSG00000105426.16,0,1,0.0,Phase I
ENSG00000130255.13,0,1,0.0,Phase I
ENSG00000196365.11,0,1,0.0,Phase I
ENSG00000125651.14,0,1,0.0,Phase I
ENSG00000088247.17,0,1,0.0,Phase I
ENSG00000125657.5,27,3369,96.58732434757673,Phase IV
ENSG00000125726.11,18,3289,94.29308861485518,Phase IV
ENSG00000125735.10,0,1,0.0,Phase I
ENSG00000125730.16,0,1,0.0,Phase I
ENSG00000125734.15,0,1,0.0,Phase I
ENSG00000141968.8,0,1,0.0,Phase I
ENSG00000076944.16,0,1,0.0,Phase I
ENSG00000104918.8,0,1,0.0,Phase I
ENSG00000183019.7,0,1,0.0,Phase I
ENSG00000104921.15,0,1,0.0,Phase I
ENSG00000090659.18,27,3369,96.58732434757673,Phase IV
ENSG00000076984.17,0,1,0.0,Phase I
ENSG00000167775.11,0,1,0.0,Phase I
ENSG00000233927.5,0,1,0.0,Phase I
ENSG00000099785.10,0,1,0.0,Phase I
ENSG00000133246.12,0,1,0.0,Phase I
ENSG00000181143.15,8,3128,89.67593920275309,Phase III
ENSG00000127452.8,0,1,0.0,Phase I
ENSG00000127445.13,0,1,0.0,Phase I
ENSG00000130813.18,0,1,0.0,Phase I
ENSG00000243207.6,0,1,0.0,Phase I
ENSG00000090339.9,0,1,0.0,Phase I
ENSG00000105371.10,0,1,0.0,Phase I
ENSG00000105376.5,12,3162,90.65098938915972,Phase III
ENSG00000076662.10,0,1,0.0,Phase I
ENSG00000105397.13,0,1,0.0,Phase I
ENSG00000105401.9,0,1,0.0,Phase I
ENSG00000079999.14,0,1,0.0,Phase I
ENSG00000129354.11,8,3128,89.67593920275309,Phase III
ENSG00000129353.15,0,1,0.0,Phase I
ENSG00000129351.17,0,1,0.0,Phase I
ENSG00000079805.16,0,1,0.0,Phase I
ENSG00000142453.11,0,1,0.0,Phase I
ENSG00000127616.18,0,1,0.0,Phase I
ENSG00000130164.13,0,1,0.0,Phase I
ENSG00000105514.8,0,1,0.0,Phase I
ENSG00000187266.14,0,1,0.0,Phase I
ENSG00000130175.9,0,1,0.0,Phase I
ENSG00000130159.14,0,1,0.0,Phase I
ENSG00000130165.10,0,1,0.0,Phase I
ENSG00000104774.13,0,1,0.0,Phase I
ENSG00000132004.13,18,3289,94.29308861485518,Phase IV
ENSG00000171223.6,0,1,0.0,Phase I
ENSG00000167815.12,0,1,0.0,Phase I
ENSG00000104889.6,0,1,0.0,Phase I
ENSG00000179218.13,0,1,0.0,Phase I
ENSG00000179262.10,0,1,0.0,Phase I
ENSG00000104903.4,0,1,0.0,Phase I
ENSG00000132024.17,0,1,0.0,Phase I
ENSG00000132017.10,0,1,0.0,Phase I
ENSG00000104998.4,0,1,0.0,Phase I
ENSG00000072062.13,0,1,0.0,Phase I
ENSG00000123146.20,0,1,0.0,Phase I
ENSG00000123143.12,0,1,0.0,Phase I
ENSG00000123159.16,0,1,0.0,Phase I
ENSG00000131355.14,0,1,0.0,Phase I
ENSG00000141867.17,0,1,0.0,Phase I
ENSG00000105122.13,0,1,0.0,Phase I
ENSG00000072958.8,0,1,0.0,Phase I
ENSG00000188039.14,18,3289,94.29308861485518,Phase IV
ENSG00000160111.13,18,3289,94.29308861485518,Phase IV
ENSG00000099331.13,0,1,0.0,Phase I
ENSG00000130300.9,6,3102,88.93031258961858,Phase II
ENSG00000130303.13,0,1,0.0,Phase I
ENSG00000130304.17,0,1,0.0,Phase I
ENSG00000130475.14,0,1,0.0,Phase I
ENSG00000248099.4,0,1,0.0,Phase I
ENSG00000105639.18,0,1,0.0,Phase I
ENSG00000105640.13,0,1,0.0,Phase I
ENSG00000096996.15,0,1,0.0,Phase I
ENSG00000105647.17,0,1,0.0,Phase I
ENSG00000216490.4,0,1,0.0,Phase I
ENSG00000105649.9,15,3216,92.19959850874676,Phase III
ENSG00000130513.6,4,3014,86.40665328362489,Phase II
ENSG00000221983.7,0,1,0.0,Phase I
ENSG00000005007.12,0,1,0.0,Phase I
ENSG00000051128.19,14,3203,91.82678520217952,Phase III
ENSG00000129933.21,0,1,0.0,Phase I
ENSG00000186010.19,0,1,0.0,Phase I
ENSG00000197372.9,0,1,0.0,Phase I
ENSG00000105173.14,0,1,0.0,Phase I
ENSG00000130881.14,7,3113,89.2457700028678,Phase II
ENSG00000245848.3,0,1,0.0,Phase I
ENSG00000153879.9,0,1,0.0,Phase I
ENSG00000105220.16,0,1,0.0,Phase I
ENSG00000105707.13,18,3289,94.29308861485518,Phase IV
ENSG00000012124.17,0,1,0.0,Phase I
ENSG00000185897.6,8,3128,89.67593920275309,Phase III
ENSG00000126262.4,0,1,0.0,Phase I
ENSG00000011590.14,18,3289,94.29308861485518,Phase IV
ENSG00000167604.14,0,1,0.0,Phase I
ENSG00000126264.9,0,1,0.0,Phase I
ENSG00000011600.11,0,1,0.0,Phase I
ENSG00000105258.9,0,1,0.0,Phase I
ENSG00000099341.11,0,1,0.0,Phase I
ENSG00000171777.16,0,1,0.0,Phase I
ENSG00000130402.12,0,1,0.0,Phase I
ENSG00000068903.20,0,1,0.0,Phase I
ENSG00000104825.17,0,1,0.0,Phase I
ENSG00000130669.17,0,1,0.0,Phase I
ENSG00000130755.13,0,1,0.0,Phase I
ENSG00000128016.6,0,1,0.0,Phase I
ENSG00000105193.9,0,1,0.0,Phase I
ENSG00000105205.7,0,1,0.0,Phase I
ENSG00000013275.7,0,1,0.0,Phase I
ENSG00000105221.17,0,1,0.0,Phase I
ENSG00000105223.20,0,1,0.0,Phase I
ENSG00000105245.9,0,1,0.0,Phase I
ENSG00000167601.12,17,3246,93.05993690851734,Phase III
ENSG00000105329.9,0,1,0.0,Phase I
ENSG00000077348.9,0,1,0.0,Phase I
ENSG00000007129.18,0,1,0.0,Phase I
ENSG00000086548.9,0,1,0.0,Phase I
ENSG00000105372.7,0,1,0.0,Phase I
ENSG00000105369.9,0,1,0.0,Phase I
ENSG00000028277.21,0,1,0.0,Phase I
ENSG00000105723.12,0,1,0.0,Phase I
ENSG00000079385.22,0,1,0.0,Phase I
ENSG00000124469.12,0,1,0.0,Phase I
ENSG00000204936.10,0,1,0.0,Phase I
ENSG00000011422.12,0,1,0.0,Phase I
ENSG00000104783.13,0,1,0.0,Phase I
ENSG00000073008.15,0,1,0.0,Phase I
ENSG00000069399.15,0,1,0.0,Phase I
ENSG00000130202.10,0,1,0.0,Phase I
ENSG00000104853.16,0,1,0.0,Phase I
ENSG00000104856.14,0,1,0.0,Phase I
ENSG00000104892.17,6,3102,88.93031258961858,Phase II
ENSG00000213889.10,0,1,0.0,Phase I
ENSG00000125753.14,0,1,0.0,Phase I
ENSG00000010310.9,16,3231,92.62976770863206,Phase III
ENSG00000008438.5,0,1,0.0,Phase I
ENSG00000011485.14,0,1,0.0,Phase I
ENSG00000160014.16,0,1,0.0,Phase I
ENSG00000160013.9,0,1,0.0,Phase I
ENSG00000167414.4,18,3289,94.29308861485518,Phase IV
ENSG00000105287.12,0,1,0.0,Phase I
ENSG00000042753.11,0,1,0.0,Phase I
ENSG00000160007.18,0,1,0.0,Phase I
ENSG00000197405.8,0,1,0.0,Phase I
ENSG00000134830.5,0,1,0.0,Phase I
ENSG00000105373.19,0,1,0.0,Phase I
ENSG00000105499.14,0,1,0.0,Phase I
ENSG00000105483.18,0,1,0.0,Phase I
ENSG00000063177.13,0,1,0.0,Phase I
ENSG00000063176.15,0,1,0.0,Phase I
ENSG00000087088.20,0,1,0.0,Phase I
ENSG00000087086.15,0,1,0.0,Phase I
ENSG00000130529.16,17,3246,93.05993690851734,Phase III
ENSG00000090554.13,0,1,0.0,Phase I
ENSG00000142541.17,0,1,0.0,Phase I
ENSG00000142534.7,0,1,0.0,Phase I
ENSG00000126456.16,0,1,0.0,Phase I
ENSG00000196961.12,0,1,0.0,Phase I
ENSG00000104951.16,0,1,0.0,Phase I
ENSG00000213024.11,0,1,0.0,Phase I
ENSG00000169136.11,0,1,0.0,Phase I
ENSG00000161640.15,2,2968,85.08746773731,Phase II
ENSG00000161643.12,2,2968,85.08746773731,Phase II
ENSG00000105053.11,0,1,0.0,Phase I
ENSG00000131408.14,0,1,0.0,Phase I
ENSG00000129450.8,0,1,0.0,Phase I
ENSG00000168995.13,0,1,0.0,Phase I
ENSG00000105383.15,0,1,0.0,Phase I
ENSG00000105374.10,0,1,0.0,Phase I
ENSG00000142512.15,0,1,0.0,Phase I
ENSG00000105366.15,0,1,0.0,Phase I
ENSG00000254521.6,32,3408,97.70576426727844,Phase IV
ENSG00000105492.16,0,1,0.0,Phase I
ENSG00000105501.12,0,1,0.0,Phase I
ENSG00000268500.5,0,1,0.0,Phase I
ENSG00000254415.3,0,1,0.0,Phase I
ENSG00000171051.8,0,1,0.0,Phase I
ENSG00000171049.9,0,1,0.0,Phase I
ENSG00000187474.5,18,3289,94.29308861485518,Phase IV
ENSG00000105568.18,0,1,0.0,Phase I
ENSG00000142405.21,0,1,0.0,Phase I
ENSG00000179820.16,0,1,0.0,Phase I
ENSG00000248385.7,47,3446,98.7955262403212,Phase IV
ENSG00000170909.13,0,1,0.0,Phase I
ENSG00000170889.14,0,1,0.0,Phase I
ENSG00000204577.11,0,1,0.0,Phase I
ENSG00000244482.10,0,1,0.0,Phase I
ENSG00000105609.16,10,3149,90.27817608259248,Phase III
ENSG00000131042.14,0,1,0.0,Phase I
ENSG00000187116.13,0,1,0.0,Phase I
ENSG00000239961.3,0,1,0.0,Phase I
ENSG00000167613.16,0,1,0.0,Phase I
ENSG00000167618.10,0,1,0.0,Phase I
ENSG00000239998.6,0,1,0.0,Phase I
ENSG00000104974.11,0,1,0.0,Phase I
ENSG00000104972.15,0,1,0.0,Phase I
ENSG00000186818.12,0,1,0.0,Phase I
ENSG00000170858.10,39,3428,98.27932320045883,Phase IV
ENSG00000243772.7,56,3463,99.28305133352453,Phase IV
ENSG00000125498.20,17,3246,93.05993690851734,Phase III
ENSG00000189013.14,11,3155,90.4502437625466,Phase III
ENSG00000167633.18,18,3289,94.29308861485518,Phase IV
ENSG00000221957.8,4,3014,86.40665328362489,Phase II
ENSG00000240403.5,18,3289,94.29308861485518,Phase IV
ENSG00000186431.19,0,1,0.0,Phase I
ENSG00000189430.12,0,1,0.0,Phase I
ENSG00000167634.12,27,3369,96.58732434757673,Phase IV
ENSG00000022556.16,0,1,0.0,Phase I
ENSG00000133247.14,0,1,0.0,Phase I
ENSG00000108107.14,0,1,0.0,Phase I
ENSG00000108106.14,0,1,0.0,Phase I
ENSG00000213015.9,0,1,0.0,Phase I
ENSG00000213762.12,0,1,0.0,Phase I
ENSG00000121410.11,27,3369,96.58732434757673,Phase IV
ENSG00000083845.9,0,1,0.0,Phase I
ENSG00000119574.13,0,1,0.0,Phase I
ENSG00000130726.12,0,1,0.0,Phase I
ENSG00000130724.8,0,1,0.0,Phase I
ENSG00000130725.7,0,1,0.0,Phase I
ENSG00000247315.3,0,1,0.0,Phase I
ENSG00000177732.8,18,3289,94.29308861485518,Phase IV
ENSG00000101255.11,0,1,0.0,Phase I
ENSG00000125826.20,0,1,0.0,Phase I
ENSG00000125875.14,0,1,0.0,Phase I
ENSG00000125818.18,0,1,0.0,Phase I
ENSG00000088832.17,0,1,0.0,Phase I
ENSG00000101307.15,0,1,0.0,Phase I
ENSG00000089012.14,0,1,0.0,Phase I
ENSG00000198053.11,0,1,0.0,Phase I
ENSG00000185019.17,0,1,0.0,Phase I
ENSG00000198171.13,0,1,0.0,Phase I
ENSG00000088827.12,5,3079,88.27071981646114,Phase II
ENSG00000101224.17,0,1,0.0,Phase I
ENSG00000088888.18,0,1,0.0,Phase I
ENSG00000171867.16,0,1,0.0,Phase I
ENSG00000101265.16,0,1,0.0,Phase I
ENSG00000171984.15,0,1,0.0,Phase I
ENSG00000125845.7,15,3216,92.19959850874676,Phase III
ENSG00000182621.18,0,1,0.0,Phase I
ENSG00000101333.16,15,3216,92.19959850874676,Phase III
ENSG00000125863.20,0,1,0.0,Phase I
ENSG00000101384.12,0,1,0.0,Phase I
ENSG00000132664.12,0,1,0.0,Phase I
ENSG00000125810.10,0,1,0.0,Phase I
ENSG00000101439.9,0,1,0.0,Phase I
ENSG00000077984.6,0,1,0.0,Phase I
ENSG00000100994.12,0,1,0.0,Phase I
ENSG00000171552.13,0,1,0.0,Phase I
ENSG00000101336.14,0,1,0.0,Phase I
ENSG00000101350.8,0,1,0.0,Phase I
ENSG00000171456.19,0,1,0.0,Phase I
ENSG00000149600.11,0,1,0.0,Phase I
ENSG00000101412.13,0,1,0.0,Phase I
ENSG00000078747.14,0,1,0.0,Phase I
ENSG00000214078.12,0,1,0.0,Phase I
ENSG00000125995.16,0,1,0.0,Phase I
ENSG00000101335.10,0,1,0.0,Phase I
ENSG00000101082.14,0,1,0.0,Phase I
ENSG00000149636.15,0,1,0.0,Phase I
ENSG00000101347.9,0,1,0.0,Phase I
ENSG00000080839.11,0,1,0.0,Phase I
ENSG00000197122.11,0,1,0.0,Phase I
ENSG00000101425.13,0,1,0.0,Phase I
ENSG00000204103.4,0,1,0.0,Phase I
ENSG00000124181.14,0,1,0.0,Phase I
ENSG00000132824.14,0,1,0.0,Phase I
ENSG00000166913.13,0,1,0.0,Phase I
ENSG00000124102.5,0,1,0.0,Phase I
ENSG00000124233.12,15,3216,92.19959850874676,Phase III
ENSG00000124107.5,0,1,0.0,Phase I
ENSG00000124145.6,36,3423,98.13593346716377,Phase IV
ENSG00000175063.17,0,1,0.0,Phase I
ENSG00000064601.18,0,1,0.0,Phase I
ENSG00000198026.8,0,1,0.0,Phase I
ENSG00000100985.7,0,1,0.0,Phase I
ENSG00000101017.13,0,1,0.0,Phase I
ENSG00000062598.18,0,1,0.0,Phase I
ENSG00000196562.14,0,1,0.0,Phase I
ENSG00000124198.9,0,1,0.0,Phase I
ENSG00000124214.19,0,1,0.0,Phase I
ENSG00000124201.15,0,1,0.0,Phase I
ENSG00000158480.11,0,1,0.0,Phase I
ENSG00000124226.11,0,1,0.0,Phase I
ENSG00000244687.11,0,1,0.0,Phase I
ENSG00000172216.5,0,1,0.0,Phase I
ENSG00000196396.10,0,1,0.0,Phase I
ENSG00000101096.20,0,1,0.0,Phase I
ENSG00000087586.17,0,1,0.0,Phase I
ENSG00000087589.16,0,1,0.0,Phase I
ENSG00000124256.15,0,1,0.0,Phase I
ENSG00000124225.16,0,1,0.0,Phase I
ENSG00000124164.15,0,1,0.0,Phase I
ENSG00000087460.24,0,1,0.0,Phase I
ENSG00000101160.14,0,1,0.0,Phase I
ENSG00000124215.16,0,1,0.0,Phase I
ENSG00000101182.15,0,1,0.0,Phase I
ENSG00000130702.15,18,3289,94.29308861485518,Phase IV
ENSG00000171858.18,0,1,0.0,Phase I
ENSG00000101188.5,17,3246,93.05993690851734,Phase III
ENSG00000203896.10,0,1,0.0,Phase I
ENSG00000101152.11,0,1,0.0,Phase I
ENSG00000277117.4,7,3113,89.2457700028678,Phase II
ENSG00000155307.18,0,1,0.0,Phase I
ENSG00000154639.19,27,3369,96.58732434757673,Phase IV
ENSG00000154721.15,4,3014,86.40665328362489,Phase II
ENSG00000142192.21,0,1,0.0,Phase I
ENSG00000198862.14,0,1,0.0,Phase I
ENSG00000156261.13,0,1,0.0,Phase I
ENSG00000142168.14,0,1,0.0,Phase I
ENSG00000159110.19,0,1,0.0,Phase I
ENSG00000243646.10,0,1,0.0,Phase I
ENSG00000142166.13,0,1,0.0,Phase I
ENSG00000159128.14,0,1,0.0,Phase I
ENSG00000159140.20,0,1,0.0,Phase I
ENSG00000159200.18,0,1,0.0,Phase I
ENSG00000159216.18,0,1,0.0,Phase I
ENSG00000185917.13,0,1,0.0,Phase I
ENSG00000159256.13,0,1,0.0,Phase I
ENSG00000185658.13,0,1,0.0,Phase I
ENSG00000183486.13,0,1,0.0,Phase I
ENSG00000157601.14,0,1,0.0,Phase I
ENSG00000183421.12,4,3014,86.40665328362489,Phase II
ENSG00000160179.18,0,1,0.0,Phase I
ENSG00000160185.15,0,1,0.0,Phase I
ENSG00000160208.13,0,1,0.0,Phase I
ENSG00000160209.19,0,1,0.0,Phase I
ENSG00000160213.7,0,1,0.0,Phase I
ENSG00000160223.17,5,3079,88.27071981646114,Phase II
ENSG00000141959.17,0,1,0.0,Phase I
ENSG00000142185.16,0,1,0.0,Phase I
ENSG00000184787.19,0,1,0.0,Phase I
ENSG00000160255.18,0,1,0.0,Phase I
ENSG00000197381.16,0,1,0.0,Phase I
ENSG00000160307.10,7,3113,89.2457700028678,Phase II
ENSG00000160310.18,0,1,0.0,Phase I
ENSG00000177663.13,0,1,0.0,Phase I
ENSG00000093072.17,0,1,0.0,Phase I
ENSG00000099954.18,76,3482,99.82793232004587,Phase IV
ENSG00000131100.13,0,1,0.0,Phase I
ENSG00000015475.18,0,1,0.0,Phase I
ENSG00000184979.9,5,3079,88.27071981646114,Phase II
ENSG00000070371.16,0,1,0.0,Phase I
ENSG00000070010.19,0,1,0.0,Phase I
ENSG00000184113.9,49,3454,99.02494981359334,Phase IV
ENSG00000184702.20,0,1,0.0,Phase I
ENSG00000099901.17,0,1,0.0,Phase I
ENSG00000099904.15,0,1,0.0,Phase I
ENSG00000099910.17,0,1,0.0,Phase I
ENSG00000241973.10,0,1,0.0,Phase I
ENSG00000099940.12,0,1,0.0,Phase I
ENSG00000099942.13,0,1,0.0,Phase I
ENSG00000169635.10,0,1,0.0,Phase I
ENSG00000185651.14,0,1,0.0,Phase I
ENSG00000100030.14,0,1,0.0,Phase I
ENSG00000254709.7,0,1,0.0,Phase I
ENSG00000211675.2,0,1,0.0,Phase I
ENSG00000211679.2,0,1,0.0,Phase I
ENSG00000211685.3,13,3192,91.5113277889303,Phase III
ENSG00000128266.9,0,1,0.0,Phase I
ENSG00000099956.19,0,1,0.0,Phase I
ENSG00000099977.14,0,1,0.0,Phase I
ENSG00000099998.17,0,1,0.0,Phase I
ENSG00000128271.22,0,1,0.0,Phase I
ENSG00000100031.19,0,1,0.0,Phase I
ENSG00000100219.16,0,1,0.0,Phase I
ENSG00000100280.16,0,1,0.0,Phase I
ENSG00000100296.13,0,1,0.0,Phase I
ENSG00000186575.17,0,1,0.0,Phase I
ENSG00000099985.4,0,1,0.0,Phase I
ENSG00000100003.18,0,1,0.0,Phase I
ENSG00000133422.13,0,1,0.0,Phase I
ENSG00000138942.16,0,1,0.0,Phase I
ENSG00000100105.18,0,1,0.0,Phase I
ENSG00000128245.15,0,1,0.0,Phase I
ENSG00000128253.14,4,3014,86.40665328362489,Phase II
ENSG00000100225.18,0,1,0.0,Phase I
ENSG00000100234.11,61,3473,99.56983080011472,Phase IV
ENSG00000100284.21,0,1,0.0,Phase I
ENSG00000100292.17,0,1,0.0,Phase I
ENSG00000128335.14,0,1,0.0,Phase I
ENSG00000100345.21,0,1,0.0,Phase I
ENSG00000100348.10,0,1,0.0,Phase I
ENSG00000100365.15,0,1,0.0,Phase I
ENSG00000100368.14,0,1,0.0,Phase I
ENSG00000100385.14,0,1,0.0,Phase I
ENSG00000128340.15,0,1,0.0,Phase I
ENSG00000100060.17,0,1,0.0,Phase I
ENSG00000100079.7,1,2950,84.57126469744767,Phase II
ENSG00000241360.2,0,1,0.0,Phase I
ENSG00000100097.12,0,1,0.0,Phase I
ENSG00000100106.21,0,1,0.0,Phase I
ENSG00000100142.15,0,1,0.0,Phase I
ENSG00000184381.18,0,1,0.0,Phase I
ENSG00000100211.10,0,1,0.0,Phase I
ENSG00000128383.13,0,1,0.0,Phase I
ENSG00000179750.16,0,1,0.0,Phase I
ENSG00000244509.4,0,1,0.0,Phase I
ENSG00000243811.10,0,1,0.0,Phase I
ENSG00000128394.17,0,1,0.0,Phase I
ENSG00000239713.9,0,1,0.0,Phase I
ENSG00000100298.15,18,3289,94.29308861485518,Phase IV
ENSG00000100311.16,14,3203,91.82678520217952,Phase III
ENSG00000100316.16,0,1,0.0,Phase I
ENSG00000100321.15,17,3246,93.05993690851734,Phase III
ENSG00000100324.14,0,1,0.0,Phase I
ENSG00000128272.14,0,1,0.0,Phase I
ENSG00000100351.16,0,1,0.0,Phase I
ENSG00000100387.8,0,1,0.0,Phase I
ENSG00000100393.13,0,1,0.0,Phase I
ENSG00000100401.19,0,1,0.0,Phase I
ENSG00000100413.17,0,1,0.0,Phase I
ENSG00000196419.12,0,1,0.0,Phase I
ENSG00000159958.6,0,1,0.0,Phase I
ENSG00000235568.6,0,1,0.0,Phase I
ENSG00000100243.21,0,1,0.0,Phase I
ENSG00000100304.13,0,1,0.0,Phase I
ENSG00000159307.19,27,3369,96.58732434757673,Phase IV
ENSG00000188677.14,0,1,0.0,Phase I
ENSG00000138964.17,0,1,0.0,Phase I
ENSG00000186654.21,0,1,0.0,Phase I
ENSG00000093000.19,0,1,0.0,Phase I
ENSG00000186951.16,0,1,0.0,Phase I
ENSG00000075240.17,0,1,0.0,Phase I
ENSG00000100429.18,0,1,0.0,Phase I
ENSG00000188130.14,0,1,0.0,Phase I
ENSG00000185386.15,16,3231,92.62976770863206,Phase III
ENSG00000128165.9,12,3162,90.65098938915972,Phase III
ENSG00000205560.12,0,1,0.0,Phase I
ENSG00000100299.18,0,1,0.0,Phase I
ENSG00000124343.13,12,3162,90.65098938915972,Phase III
ENSG00000183943.5,0,1,0.0,Phase I
ENSG00000101871.14,12,3162,90.65098938915972,Phase III
ENSG00000196664.5,0,1,0.0,Phase I
ENSG00000101916.11,0,1,0.0,Phase I
ENSG00000205542.11,0,1,0.0,Phase I
ENSG00000130150.12,0,1,0.0,Phase I
ENSG00000087842.11,13,3192,91.5113277889303,Phase III
ENSG00000102010.15,0,1,0.0,Phase I
ENSG00000182287.14,0,1,0.0,Phase I
ENSG00000169895.6,0,1,0.0,Phase I
ENSG00000147010.18,0,1,0.0,Phase I
ENSG00000177189.13,0,1,0.0,Phase I
ENSG00000123131.13,0,1,0.0,Phase I
ENSG00000101868.10,0,1,0.0,Phase I
ENSG00000120280.5,0,1,0.0,Phase I
ENSG00000157625.15,0,1,0.0,Phase I
ENSG00000198947.15,17,3246,93.05993690851734,Phase III
ENSG00000047597.7,0,1,0.0,Phase I
ENSG00000165168.7,0,1,0.0,Phase I
ENSG00000182220.14,0,1,0.0,Phase I
ENSG00000215301.10,0,1,0.0,Phase I
ENSG00000189221.9,3,2996,85.89045024376254,Phase II
ENSG00000130985.17,0,1,0.0,Phase I
ENSG00000102265.12,0,1,0.0,Phase I
ENSG00000126759.13,0,1,0.0,Phase I
ENSG00000126756.12,0,1,0.0,Phase I
ENSG00000015285.10,0,1,0.0,Phase I
ENSG00000094631.19,0,1,0.0,Phase I
ENSG00000102103.16,0,1,0.0,Phase I
ENSG00000102096.9,0,1,0.0,Phase I
ENSG00000068308.13,0,1,0.0,Phase I
ENSG00000068323.17,0,1,0.0,Phase I
ENSG00000102007.11,0,1,0.0,Phase I
ENSG00000101997.13,0,1,0.0,Phase I
ENSG00000049768.15,27,3369,96.58732434757673,Phase IV
ENSG00000273820.1,0,1,0.0,Phase I
ENSG00000072501.17,0,1,0.0,Phase I
ENSG00000086758.16,0,1,0.0,Phase I
ENSG00000147065.17,0,1,0.0,Phase I
ENSG00000155659.15,3,2996,85.89045024376254,Phase II
ENSG00000131080.15,2,2968,85.08746773731,Phase II
ENSG00000079482.13,2,2968,85.08746773731,Phase II
ENSG00000181191.11,0,1,0.0,Phase I
ENSG00000158813.18,27,3369,96.58732434757673,Phase IV
ENSG00000089289.16,0,1,0.0,Phase I
ENSG00000120509.10,0,1,0.0,Phase I
ENSG00000090889.12,0,1,0.0,Phase I
ENSG00000147168.12,0,1,0.0,Phase I
ENSG00000186810.8,0,1,0.0,Phase I
ENSG00000198034.11,0,1,0.0,Phase I
ENSG00000147099.21,0,1,0.0,Phase I
ENSG00000131263.12,0,1,0.0,Phase I
ENSG00000102158.19,0,1,0.0,Phase I
ENSG00000165240.20,0,1,0.0,Phase I
ENSG00000173198.6,0,1,0.0,Phase I
ENSG00000000003.14,27,3369,96.58732434757673,Phase IV
ENSG00000010671.15,0,1,0.0,Phase I
ENSG00000241343.9,0,1,0.0,Phase I
ENSG00000123570.4,27,3369,96.58732434757673,Phase IV
ENSG00000147234.10,30,3405,97.6197304273014,Phase IV
ENSG00000157514.16,0,1,0.0,Phase I
ENSG00000080561.13,60,3470,99.48379696013764,Phase IV
ENSG00000101843.19,0,1,0.0,Phase I
ENSG00000068366.19,0,1,0.0,Phase I
ENSG00000077264.15,27,3369,96.58732434757673,Phase IV
ENSG00000003096.14,18,3289,94.29308861485518,Phase IV
ENSG00000147251.15,0,1,0.0,Phase I
ENSG00000131724.11,0,1,0.0,Phase I
ENSG00000101856.10,0,1,0.0,Phase I
ENSG00000005022.6,0,1,0.0,Phase I
ENSG00000077721.16,0,1,0.0,Phase I
ENSG00000125354.23,0,1,0.0,Phase I
ENSG00000198918.8,0,1,0.0,Phase I
ENSG00000125352.5,0,1,0.0,Phase I
ENSG00000101882.10,0,1,0.0,Phase I
ENSG00000177485.7,0,1,0.0,Phase I
ENSG00000005893.15,0,1,0.0,Phase I
ENSG00000125676.20,0,1,0.0,Phase I
ENSG00000101966.12,0,1,0.0,Phase I
ENSG00000101972.18,0,1,0.0,Phase I
ENSG00000183918.16,0,1,0.0,Phase I
ENSG00000122122.10,0,1,0.0,Phase I
ENSG00000188706.13,0,1,0.0,Phase I
ENSG00000102034.16,0,1,0.0,Phase I
ENSG00000123728.10,0,1,0.0,Phase I
ENSG00000102245.7,0,1,0.0,Phase I
ENSG00000147274.14,0,1,0.0,Phase I
ENSG00000129682.16,18,3289,94.29308861485518,Phase IV
ENSG00000102081.14,0,1,0.0,Phase I
ENSG00000197620.11,0,1,0.0,Phase I
ENSG00000102181.21,0,1,0.0,Phase I
ENSG00000147400.8,0,1,0.0,Phase I
ENSG00000184216.14,0,1,0.0,Phase I
ENSG00000196924.16,0,1,0.0,Phase I
ENSG00000013563.14,0,1,0.0,Phase I
ENSG00000071889.16,0,1,0.0,Phase I
ENSG00000269335.5,0,1,0.0,Phase I
ENSG00000129824.16,0,1,0.0,Phase I
ENSG00000280969.1,4,3014,86.40665328362489,Phase II
