Time,Delta_W,Cumulative_W
16,-0.014795817836496389,0.0
18,0.0409365376538991,0.026140719817402708
24,-0.006648189501740032,0.019492530315662678
24,-0.03292869816564158,0.0
27,0.01664355418490398,0.0032073863349250734
27,0.0370409110340859,0.04024829736901097
41,-0.0012145146867482634,0.03903378268226271
41,-0.006015530623368225,0.033018252058894484
41,-0.014795817836496389,0.018222434222398096
47,0.00225246011967789,0.020474894342075986
47,0.005012942186140188,0.025487836528216172
47,0.02744058180470132,0.05292841833291749
56,0.000915781944436709,0.0538442002773542
56,0.0020381101989183107,0.055882310476272505
56,0.011156508007421491,0.067038818483694
81,-2.224461242754529e-05,0.06701657387126646
81,-0.00011017828662173442,0.06690639558464473
81,-0.00027099485655675997,0.06663540072808796
81,-0.002002396197619565,0.0646330045304684
81,-0.004925099917433928,0.05970790461303447
83,6.154559513367405e-05,0.059769450208168144
83,0.00013697224093841843,0.059906422449106565
83,0.0007497788410238852,0.06065620129013045
83,0.0409365376538991,0.10159273894402954
84,-1.647921419832855e-05,0.10157625972983121
84,-8.162208225287363e-05,0.10149463764757834
84,-0.0002007579274482763,0.10129387972013006
84,-0.0014834115882203633,0.09981046813190969
84,-0.003648603757513078,0.09616186437439661
84,-0.054290245082157566,0.041871619292239044
96,1.6773131395125595e-05,0.04188839242363417
96,3.732929041883396e-05,0.04192572171405301
96,0.00020433857192320333,0.04213006028597621
96,0.011156508007421491,0.0532865682933977
96,0.015059710595610107,0.06834627888900781
123,-3.3357079449900877e-07,0.06834594531821331
123,-1.6521869609848295e-06,0.06834429313125233
123,-4.063724189451234e-06,0.06834022940706287
123,-3.002708600643665e-05,0.06831020232105643
123,-7.385471416040886e-05,0.06823634760689602
123,-0.0010989383333240507,0.06713740927357197
123,-0.004032330764384986,0.06310507850918698
134,3.752278957538429e-07,0.06310545373708273
134,8.35085039512283e-07,0.06310628882212224
134,4.571211573908664e-06,0.06311086003369615
134,0.00024957969534551087,0.06336043972904166
134,0.00033689734995427336,0.06369733707899594
134,0.01664355418490398,0.08034089126389993
158,-1.0072965179973978e-08,0.08034088119093474
158,-4.989172314621407e-08,0.0803408312992116
158,-1.2271383747140937e-07,0.08034070858537413
158,-9.06739429191302e-07,0.08033980184594494
158,-2.230219121047604e-06,0.0803375716268239
158,-3.3185062208870015e-05,0.08030438656461503
158,-0.00012176583817774403,0.08018262072643728
158,-0.005443077197364751,0.07473954352907253
159,-9.114395805413783e-09,0.07473953441467672
159,-4.5143897952985275e-08,0.07473948927077877
159,-1.1103607185491449e-07,0.07473937823470692
159,-8.204517639408578e-07,0.07473855778294297
159,-2.017985711143138e-06,0.07473653979723183
159,-3.002708600643665e-05,0.07470651271122539
159,-0.00011017828662173442,0.07459633442460366
159,-0.004925099917433928,0.06967123450716974
163,-6.109562215871991e-09,0.06967122839760752
163,-3.026085975407328e-08,0.06967119813674777
163,-7.44297047974028e-08,0.06967112370704297
163,-5.499652641748571e-07,0.06967057374177879
163,-1.3526962747927326e-06,0.06966922104550399
163,-2.012775767415071e-05,0.06964909328782984
163,-7.385471416040886e-05,0.06957523857366943
163,-0.0033013932033844335,0.066273845370285
167,1.3839593292704037e-08,0.06627385920987829
167,3.0800581306602635e-08,0.0662738900104596
167,1.6860076170695924e-07,0.0662740586112213
167,9.20528968337896e-06,0.06628326390090468
167,1.2425841355397594e-05,0.06629568974226008
167,0.0006138669951534218,0.0669095567374135
167,0.020328482987029956,0.08723803972444345
167,0.022466448205861078,0.10970448793030453
167,0.03351600230178197,0.1432204902320865
173,-2.247582333777147e-09,0.14322048798450415
173,-1.113234817569587e-08,0.14322047685215597
173,-2.7381158207423962e-08,0.14322044947099777
173,-2.0232091404835106e-07,0.14322024715008372
173,-4.976291496454423e-07,0.14321974952093408
173,-7.404588245200774e-06,0.1432123449326889
173,-2.7169630973207816e-05,0.14318517530171568
173,-0.0012145146867482634,0.1419706606149674
173,-0.03292869816564158,0.10904196244932582
180,-1.1161163560149306e-09,0.10904196133320947
180,-5.5281605007396804e-09,0.10904195580504897
180,-1.3597080766594258e-08,0.1090419422079682
180,-1.0046959256605596e-07,0.10904184173837564
180,-2.4711532245214246e-07,0.10904159462305318
180,-3.677009703193328e-06,0.10903791761335
180,-1.349203945073089e-05,0.10902442557389927
180,-0.0006031101446780151,0.10842131542922126
180,-0.016351907582040755,0.09206940784718051
181,-1.0099038418042558e-09,0.09206940683727667
181,-5.002086473977662e-09,0.0920694018351902
181,-1.230314745367156e-08,0.09206938953204274
181,-9.090864672859493e-08,0.09206929862339601
181,-2.2359919032472024e-07,0.09206907502420568
181,-3.3270959659306164e-06,0.09206574792823975
181,-1.220810214063865e-05,0.09205353982609911
181,-0.0005457166261017489,0.09150782319999735
181,-0.014795817836496389,0.07671200536350097
188,-5.015034060824765e-10,0.07671200486199756
188,-2.4839626312711e-09,0.07671200237803492
188,-6.109562215871991e-09,0.0767119962684727
188,-4.5143897952985275e-08,0.07671195112457475
188,-1.1103607185491449e-07,0.0767118400885029
188,-1.6521869609848295e-06,0.07671018790154192
188,-6.062364110225605e-06,0.0767041255374317
188,-0.00027099485655675997,0.07643313068087493
188,-0.007347385695178914,0.06908574498569602
189,-4.5377904709590837e-10,0.06908574453191697
189,-2.247582333777147e-09,0.06908574228433464
189,-5.5281605007396804e-09,0.06908573675617415
189,-4.084788806385805e-08,0.06908569590828609
189,-1.0046959256605596e-07,0.06908559543869353
189,-1.4949605838901922e-06,0.06908410047810963
189,-5.485453888690396e-06,0.06907861502422094
189,-0.000245206286307844,0.06883340873791309
189,-0.006648189501740032,0.06218521923617306
190,1.3875416211203782e-09,0.06218522062371468
190,3.0880306677901816e-09,0.06218522371174535
190,1.6903717419523686e-08,0.06218524061546277
190,9.22911699789028e-07,0.06218616352716256
190,1.2458004865751602e-06,0.062187409327649136
190,6.154559513367405e-05,0.06224895492278281
190,0.0020381101989183107,0.06428706512170113
190,0.00225246011967789,0.06653952524137902
190,0.003360275636987488,0.0698998008783665
190,0.009134176202636733,0.07903397708100324
190,0.018393972058572117,0.09742794913957535
190,0.020328482987029956,0.1177564321266053
190,0.0409365376538991,0.1586929697805044
190,0.04524187090179798,0.2039348406823024
196,-2.2534000595629815e-10,0.2039348404569624
196,-1.1161163560149306e-09,0.20393483934084602
196,-2.7452032616674866e-09,0.20393483659564277
196,-2.028446090342842e-08,0.20393481631118185
196,-4.989172314621407e-08,0.2039347664194587
196,-7.423754557072932e-07,0.203934024044003
196,-2.7239957857490913e-06,0.20393130004821725
196,-0.00012176583817774403,0.2038095342100395
196,-0.0033013932033844335,0.20050814100665507
196,-0.03292869816564158,0.16757944284101348
202,4.1791950506873044e-10,0.16757944325893298
202,9.300969633457756e-10,0.16757944418902995
202,5.091301846559993e-09,0.1675794492803318
202,2.779756620825073e-07,0.16757972725599388
202,3.752278957538429e-07,0.16758010248388963
202,1.8537177022954413e-05,0.1675986396609126
202,0.0006138669951534218,0.16821250665606602
202,0.0006784279506100467,0.16889093460667606
202,0.0010120955722902195,0.16990303017896627
202,0.002751161002820362,0.17265419118178663
202,0.005540157918116694,0.1781943490999033
202,0.006122821412649096,0.18431717051255242
202,0.012329848197080325,0.19664701870963275
202,0.01362658965170063,0.21027360836133338
202,0.02744058180470132,0.2377141901660347
211,-2.4903922126189343e-10,0.23771418991699547
211,-6.125376434158582e-10,0.23771418930445784
211,-4.526075009906555e-09,0.23771418477838283
211,-1.113234817569587e-08,0.23771417364603464
211,-1.6564635432223191e-07,0.23771400799968032
211,-6.078056159178426e-07,0.2377134001940644
211,-2.7169630973207816e-05,0.23768623056309118
211,-0.0007366403941841061,0.23694959016890707
211,-0.007347385695178914,0.22960220447372814
211,-0.024394179584435946,0.20520802488929218
212,-2.2534000595629815e-10,0.2052080246639522
212,-5.542469797182356e-10,0.2052080241097052
212,-4.095362025800921e-09,0.20520802001434318
212,-1.0072965179973978e-08,0.205208009941378
212,-1.498830195519981e-07,0.20520786005835845
212,-5.499652641748571e-07,0.2052073100930943
212,-2.4584098738787207e-05,0.2051827259943555
212,-0.0006665397922945383,0.20451618620206097
212,-0.006648189501740032,0.19786799670032093
212,-0.02207276647028654,0.1757952302300344
213,1.3911331855079366e-10,0.17579523036914774
213,3.0960238413320196e-10,0.1757952306787501
213,1.6947471630984622e-09,0.17579523237349728
213,9.253005987909542e-08,0.17579532490355718
213,1.2490251629333175e-07,0.17579544980607348
213,6.170490204333978e-06,0.1758016202962778
213,0.00020433857192320333,0.176005958868201
213,0.0002258290471306333,0.17623178791533164
213,0.00033689734995427336,0.1765686852652859
213,0.000915781944436709,0.1774844672097226
213,0.0018441583700620008,0.1793286255797846
213,0.0020381101989183107,0.1813667357787029
213,0.0041042499311949405,0.18547098570989784
213,0.004535897664470626,0.19000688337436847
213,0.009134176202636733,0.1991410595770052
213,0.0409365376538991,0.2400775972309043
213,0.04524187090179798,0.28531946813270226
217,2.0753268438491118e-10,0.2853194683402349
217,1.136022996386928e-09,0.2853194694762579
217,6.202475399783567e-08,0.2853195315010119
217,8.372466047171331e-08,0.2853196152256724
217,4.136203277831611e-06,0.2853237514289502
217,0.00013697224093841843,0.2854607236698886
217,0.0001513777372687908,0.2856121014071574
217,0.0002258290471306333,0.28583793045428807
217,0.0006138669951534218,0.2864517974494415
217,0.0012361763235169696,0.28768797377295846
217,0.0013661861223646281,0.28905415989532307
217,0.002751161002820362,0.2918053208981434
217,0.003040503131260899,0.29484582402940435
217,0.006122821412649096,0.30096864544205343
217,0.02744058180470132,0.32840922724675475
217,0.030326532985631673,0.3587357602323864
235,-4.1059626133307926e-10,0.3587357598217901
235,-1.0099038418042558e-09,0.3587357588118863
235,-1.502709823396573e-08,0.35873574378478806
235,-5.5138881473877426e-08,0.3587356886459066
235,-2.4647733135180434e-06,0.3587332238725931
235,-6.68265088706882e-05,0.3586663973637224
235,-0.0006665397922945383,0.3579998575714279
235,-0.002212990044074401,0.3557868675273535
235,-0.006648189501740032,0.3491386780256135
235,-0.009917933293295192,0.3392207447323183
243,-1.8449279277519635e-10,0.33922074454782547
243,-4.5377904709590837e-10,0.3392207440940464
243,-6.752110483155547e-09,0.3392207373419359
243,-2.477549649523963e-08,0.33922071256643943
243,-1.1074940397468335e-06,0.3392196050723997
243,-3.002708600643665e-05,0.33918957798639326
243,-0.000299495634414613,0.33889008235197865
243,-0.0009943605241056752,0.337895721827873
243,-0.0029872241020718364,0.3349084977258011
243,-0.004456414692860032,0.3304520830329411
266,4.618724830985297e-10,0.3304520834948136
266,6.234626392875495e-10,0.3304520841182762
266,3.0800581306602635e-08,0.3304521149188575
266,1.0199751705585961e-06,0.33045313489402806
266,1.1272468956606105e-06,0.3304542621409237
266,1.6816547592859484e-06,0.330455943795683
266,4.571211573908664e-06,0.3304605150072569
266,9.20528968337896e-06,0.33046972029694033
266,1.0173418450532209e-05,0.3304798937153909
266,2.048674894898934e-05,0.3305003804643399
266,2.264135914433985e-05,0.3305230218234842
266,4.559409827772581e-05,0.3305686159217619
266,0.00020433857192320333,0.3307729544936851
266,0.0002258290471306333,0.33099878354081574
266,0.00225246011967789,0.33325124366049363
266,0.005012942186140188,0.3382641858466338
280,-1.6693598226095236e-10,0.33826418567969785
280,-6.125376434158582e-10,0.3382641850671602
280,-2.7381158207423962e-08,0.338264157686002
280,-7.423754557072932e-07,0.33826341531054627
280,-7.404588245200774e-06,0.33825601072230105
280,-2.4584098738787207e-05,0.33823142662356226
280,-7.385471416040886e-05,0.3381575719094019
280,-0.00011017828662173442,0.33804739362278013
280,-0.014795817836496389,0.3232515757862837
310,3.7814920591325703e-10,0.3232515761644329
310,1.2522581861638111e-08,0.32325158868701476
310,1.3839593292704037e-08,0.32325160252660806
310,2.064624707936636e-08,0.32325162317285516
310,5.612231826171721e-08,0.3232516792951734
310,1.1301647034905272e-07,0.32325179231164375
310,1.2490251629333175e-07,0.32325191721416
310,2.515227803555724e-07,0.3232521687369404
310,2.779756620825073e-07,0.3232524467126025
310,5.59774242129547e-07,0.32325300648684463
310,2.5087341028087645e-06,0.3232555152209474
310,2.7725799716088475e-06,0.32325828780091903
310,2.765421850739168e-05,0.3232859420194264
310,6.154559513367405e-05,0.32334748761456006
310,0.0024893534183931974,0.32583684103295324
314,2.5348099311611433e-10,0.32583684128643425
314,8.394137649978317e-09,0.3258368496805719
314,9.276956813079893e-09,0.32583685895752873
314,1.3839593292704037e-08,0.32583687279712203
314,3.761991496082107e-08,0.325836910417037
314,7.575720560716245e-08,0.3258369861742426
314,8.372466047171331e-08,0.3258370698989031
314,1.6860076170695924e-07,0.3258372384996648
314,1.8633265860393355e-07,0.32583742483232336
314,3.752278957538429e-07,0.3258378000602191
314,1.6816547592859484e-06,0.3258394817149784
314,1.8585159342063369e-06,0.3258413402309126
314,1.8537177022954413e-05,0.32585987740793554
314,4.125524616329523e-05,0.3259011326540988
314,0.0016686634980163041,0.3275697961521151
331,-1.6693598226095236e-10,0.32756979598517916
331,-4.526075009906555e-09,0.32756979145910414
331,-4.5143897952985275e-08,0.3275697463152062
331,-1.498830195519981e-07,0.32756959643218664
331,-4.5027347490461146e-07,0.32756914615871174
331,-6.717290905554564e-07,0.32756847442962117
331,-9.020635157865434e-05,0.32747826807804253
331,-0.007347385695178914,0.32013088238286364
331,-0.01096101144316408,0.30916987093969955
347,-9.137987846827577e-10,0.3091698700259008
347,-9.114395805413783e-09,0.309169860911505
347,-3.026085975407328e-08,0.30916983065064524
347,-9.090864672859493e-08,0.3091697397419985
347,-1.3561976441886326e-07,0.3091696041222341
347,-1.8212348284732005e-05,0.30915139177394935
347,-0.0014834115882203633,0.307667980185729
347,-0.002212990044074401,0.3054549901416546
356,-3.715228609598423e-10,0.30545498977013175
356,-3.705636801348218e-09,0.30545498606449495
356,-1.230314745367156e-08,0.3054549737613475
356,-3.696069756792316e-08,0.30545493680064995
356,-5.5138881473877426e-08,0.3054548816617685
356,-7.404588245200774e-06,0.30544747707352327
356,-0.0006031101446780151,0.30484436692884526
356,-0.0008997346092286621,0.3039446323196166
383,-2.4903922126189343e-10,0.30394463207057737
383,-8.268393329367431e-10,0.30394463124373805
383,-2.4839626312711e-09,0.3039446287597754
383,-3.705636801348218e-09,0.3039446250541386
383,-4.976291496454423e-07,0.30394412742498894
383,-4.0532326511630664e-05,0.3039035950984773
383,-6.046712574291063e-05,0.3038431279727344
389,-1.3667562247232226e-10,0.30384312783605877
389,-4.5377904709590837e-10,0.3038431273822797
389,-1.3632275956643133e-09,0.3038431260190521
389,-2.0336965957181544e-09,0.3038431239853555
389,-2.7310466778499384e-07,0.30384285088068774
389,-2.224461242754529e-05,0.3038206062682602
389,-3.3185062208870015e-05,0.3037874212060513
393,1.3911331855079366e-10,0.3037874213451646
393,6.234626392875495e-10,0.30378742196862724
393,6.890327774472859e-10,0.30378742265766
393,6.87253863960698e-09,0.30378742953019866
393,1.529511602509129e-08,0.30378744482531467
393,6.186462130894111e-07,0.30378806347152776
393,0.00010147153181478671,0.30388953500334254
393,0.0005025917872316793,0.3043921267905742
393,0.0012361763235169696,0.30562830311409117
393,0.018393972058572117,0.3240222751726633
393,0.03351600230178197,0.3575382774744453
394,1.258749359719139e-10,0.3575382776003202
394,5.641323247748303e-10,0.35753827816445255
394,6.234626392875495e-10,0.35753827878791516
394,6.218530118014348e-09,0.3575382850064453
394,1.3839593292704037e-08,0.3575382988460386
394,5.59774242129547e-07,0.35753885862028073
394,9.181523885144536e-05,0.35763067385913216
394,0.0004547638550847908,0.35808543771421697
394,0.0011185385928082802,0.3592039763070253
394,0.01664355418490398,0.37584753049192926
394,0.030326532985631673,0.4061740634775609
404,2.0753268438491118e-10,0.40617406368509357
404,2.293590873323762e-10,0.40617406391445265
404,2.287669384722906e-09,0.40617406620212204
404,5.091301846559993e-09,0.40617407129342387
404,2.059294353767854e-07,0.40617427722285926
404,3.377693875969222e-05,0.4062080541616189
404,0.0001672982728735636,0.40637535243449247
404,0.00041148735245100153,0.40678683978694347
404,0.006122821412649096,0.41290966119959255
404,0.011156508007421491,0.42406616920701407
416,-1.3667562247232226e-10,0.42406616907033845
416,-1.8354139230109548e-08,0.42406615071619924
416,-1.4949605838901922e-06,0.42406465575561536
416,-2.230219121047604e-06,0.4240624255364943
416,-0.006015530623368225,0.4180468949131261
416,-0.006648189501740032,0.41139870541138607
416,-0.018071652714732128,0.3933270526966539
419,5.104480361798819e-10,0.39332705320710193
419,1.136022996386928e-09,0.3933270543431249
419,4.594906789489786e-08,0.3933271002921928
419,7.5366537547738255e-06,0.39333463694594756
419,3.732929041883396e-05,0.3933719662363664
419,9.181523885144536e-05,0.3934637814752178
419,0.0013661861223646281,0.39482996759758243
419,0.0024893534183931974,0.3973193210159756
419,0.0370409110340859,0.4343602320500615
419,-1.012517914505119e-10,0.43436023194880974
419,-1.3597080766594258e-08,0.434360218351729
419,-1.1074940397468335e-06,0.43435911085768925
419,-1.6521869609848295e-06,0.4343574586707283
419,-0.004456414692860032,0.42990104397786827
419,-0.004925099917433928,0.4249759440604343
419,-0.01338780960890579,0.41158813445152853
422,3.7814920591325703e-10,0.4115881348296777
422,8.415865348368798e-10,0.41158813567126423
422,3.403990671988171e-08,0.41158816971117096
422,5.583290424505739e-06,0.41159375300159545
422,2.765421850739168e-05,0.4116214072201028
422,6.80184018773947e-05,0.4116894256219802
422,0.0010120955722902195,0.4127015211942704
422,0.0018441583700620008,0.4145456795643324
422,0.02744058180470132,0.44198626136903374
422,0.0370409110340859,0.47902717240311965
424,-8.247046367528376e-09,0.47902716415607327
424,-6.717290905554564e-07,0.4790264924269827
424,-1.0021020474147395e-06,0.4790254903249353
424,-0.002702952143613468,0.4763225381813218
424,-0.0029872241020718364,0.47333531407924995
424,-0.008120116994196762,0.4652151970850532
424,-0.036391839582758004,0.4288233575022952
424,-0.04912384518467891,0.37969951231761634
434,1.1389635206026856e-10,0.3796995124315127
434,2.5348099311611433e-10,0.3796995126849937
434,1.0252622878059635e-08,0.37969952293761655
434,1.6816547592859484e-06,0.37970120459237583
434,8.329290549381678e-06,0.3797095338829252
434,2.048674894898934e-05,0.3797300206318742
434,0.0003048373282757819,0.38003485796015
434,0.0005554498269121153,0.38059030778706215
434,0.008264944411079327,0.3888552521981415
434,0.011156508007421491,0.400011760205563
434,0.018393972058572117,0.41840573226413513
442,1.1389635206026856e-10,0.41840573237803147
442,4.6068004172830674e-09,0.4184057369848319
442,7.556161909927517e-07,0.4184064926010229
442,3.74259149438503e-06,0.4184102351925173
442,9.20528968337896e-06,0.4184194404822007
442,0.00013697224093841843,0.4185564127231391
442,0.00024957969534551087,0.4188059924184846
442,0.003713678910716694,0.42251967132920126
442,0.005012942186140188,0.42753261351534144
442,0.008264944411079327,0.4357975579264208
449,2.287669384722906e-09,0.43579756021409016
449,3.752278957538429e-07,0.4357979354419859
449,1.8585159342063369e-06,0.4357997939579201
449,4.571211573908664e-06,0.43580436516949406
449,6.80184018773947e-05,0.4358723835713714
449,0.00012393760883331792,0.43599632118020476
449,0.0018441583700620008,0.4378404795502668
449,0.0024893534183931974,0.44032983296865996
449,0.0041042499311949405,0.4444340828998549
449,-6.769587897297963e-10,0.44443408222289615
449,-5.5138881473877426e-08,0.4444340270840147
449,-8.225754518304506e-08,0.44443394482646953
449,-0.0002218718229889759,0.44421207300348053
449,-0.000245206286307844,0.44396686671717267
449,-0.0006665397922945383,0.44330032692487814
449,-0.0029872241020718364,0.4403131028228063
449,-0.004032330764384986,0.4362807720584213
449,-0.01338780960890579,0.4228929624495155
449,-0.029795118227484572,0.3930978442220309
452,1.6947471630984622e-09,0.3930978459167781
452,2.779756620825073e-07,0.3930981238924402
452,1.376822467487358e-06,0.3930995007149077
452,3.386436824542695e-06,0.3931028871517322
452,5.038927145242553e-05,0.3931532764231846
452,9.181523885144536e-05,0.39324509166203603
452,0.0013661861223646281,0.39461127778440064
452,0.0018441583700620008,0.39645543615446266
452,0.003040503131260899,0.3994959392857236
452,0.0370409110340859,0.4365368503198095
460,7.614989872356315e-10,0.43653685108130846
460,1.2490251629333175e-07,0.43653697598382474
460,6.186462130894111e-07,0.43653759463003783
460,1.5216241504201814e-06,0.43653911625418823
460,2.264135914433985e-05,0.43656175761333255
460,4.125524616329523e-05,0.4366030128594958
460,0.0006138669951534218,0.43721687985464924
460,0.0008286337700880628,0.4380455136247373
460,0.0013661861223646281,0.4394116997471019
460,0.01664355418490398,0.4560552539320059
465,-1.3667562247232226e-10,0.4560552537953303
465,-1.113234817569587e-08,0.45605524266298214
465,-1.6607511951244842e-08,0.45605522605547016
465,-4.4795148502600754e-05,0.4560104309069676
465,-4.9506295395954276e-05,0.4559609246115716
465,-0.0001345720631691482,0.4558263525484025
465,-0.0006031101446780151,0.45522324240372447
465,-0.000814113540732056,0.4544091288629924
465,-0.002702952143613468,0.4517061767193789
465,-0.006015530623368225,0.44569064609601067
465,-0.012113791079679323,0.43357685501633136
465,-0.016351907582040755,0.4172249474342906
465,-0.036391839582758004,0.3808331078515326
473,2.0753268438491118e-10,0.3808331080590653
473,3.403990671988171e-08,0.380833142098972
473,1.6860076170695924e-07,0.3808333106997337
473,4.1469095803786856e-07,0.3808337253906917
473,6.170490204333978e-06,0.38083989588089606
473,1.124336620894241e-05,0.380851139247105
473,0.0001672982728735636,0.38101843751997855
473,0.0002258290471306333,0.3812442665671092
473,0.00037232915354621694,0.3816165957206554
473,0.004535897664470626,0.386152493385126
473,0.022466448205861078,0.4086189415909871
474,-4.526075009906555e-09,0.4086189370649121
474,-6.752110483155547e-09,0.4086189303128016
474,-1.8212348284732005e-05,0.40860071796451686
474,-2.012775767415071e-05,0.40858059020684273
474,-5.471291793327097e-05,0.40852587728890943
474,-0.000245206286307844,0.40828067100260157
474,-0.00033099386524564626,0.4079496771373559
474,-0.0010989383333240507,0.4068507388040319
474,-0.0024457322387019726,0.4044050065653299
474,-0.004925099917433928,0.39947990664789595
474,-0.006648189501740032,0.39283171714615595
474,-0.014795817836496389,0.37803589930965953
474,-0.054290245082157566,0.32374565422750196
489,6.87253863960698e-09,0.3237456611000406
489,3.403990671988171e-08,0.32374569513994733
489,8.372466047171331e-08,0.3237457788646078
489,1.2458004865751602e-06,0.32374702466509436
489,2.2699964881242426e-06,0.3237492946615825
489,3.377693875969222e-05,0.32378307160034214
489,4.559409827772581e-05,0.32382866569861984
489,7.517195964887862e-05,0.32390383765826875
489,0.000915781944436709,0.32481961960270544
489,0.004535897664470626,0.32935551726717605
489,0.011156508007421491,0.34051202527459756
497,-4.5377904709590837e-10,0.3405120248208185
497,-6.769587897297963e-10,0.3405120241438597
497,-1.8259489805042175e-06,0.3405101981948792
497,-2.017985711143138e-06,0.34050818020916807
497,-5.485453888690396e-06,0.3405026947552794
497,-2.4584098738787207e-05,0.3404781106565406
497,-3.3185062208870015e-05,0.3404449255943317
497,-0.00011017828662173442,0.34033474730770996
497,-0.000245206286307844,0.3400895410214021
497,-0.0004937848229412018,0.3395957561984609
497,-0.0006665397922945383,0.33892921640616636
497,-0.0014834115882203633,0.337445804817946
497,-0.005443077197364751,0.33200272762058125
497,-0.02695973784703329,0.30504298977354793
499,2.5282656741677602e-09,0.3050429923018136
499,1.2522581861638111e-08,0.30504300482439545
499,3.0800581306602635e-08,0.30504303562497675
499,4.583043868123809e-07,0.3050434939293636
499,8.35085039512283e-07,0.3050443290144031
499,1.2425841355397594e-05,0.3050567548557585
499,1.6773131395125595e-05,0.30507352798715365
499,2.765421850739168e-05,0.305101182205661
499,0.00033689734995427336,0.3054380795556153
499,0.0016686634980163041,0.3071067430536316
499,0.0041042499311949405,0.3112109929848266
499,0.0409365376538991,0.35214753063872567
528,-8.225754518304506e-08,0.3521474483811805
528,-9.090864672859493e-08,0.3521473574725338
528,-2.4711532245214246e-07,0.35214711035721136
528,-1.1074940397468335e-06,0.3521460028631716
528,-1.4949605838901922e-06,0.3521445079025877
528,-4.963443933397933e-06,0.3521395444586543
528,-1.1046347620054751e-05,0.35212849811103425
528,-2.224461242754529e-05,0.3521062534986067
528,-3.002708600643665e-05,0.3520762264126003
528,-6.68265088706882e-05,0.3520093999037296
528,-0.000245206286307844,0.3517641936174217
528,-0.0012145146867482634,0.35054967893067346
528,-0.0033013932033844335,0.34724828572728905
531,-6.093788826014942e-08,0.3472482247894008
531,-6.734678191406065e-08,0.3472481574426189
531,-1.8306753348218535e-07,0.3472479743750854
531,-8.204517639408578e-07,0.3472471539233215
531,-1.1074940397468335e-06,0.34724604642928175
531,-3.677009703193328e-06,0.34724236941957853
531,-8.183335588920684e-06,0.3472341860839896
531,-1.647921419832855e-05,0.34721770686979125
531,-2.224461242754529e-05,0.3471954622573637
531,-4.9506295395954276e-05,0.34714595596196773
531,-0.0001816532847225489,0.3469643026772452
531,-0.0008997346092286621,0.34606456806801655
531,-0.0024457322387019726,0.3436188358293146
533,4.1791950506873044e-10,0.3436188362472341
533,1.0279161148802243e-09,0.34361883727515025
533,1.529511602509129e-08,0.34361885257026625
533,2.786951846347298e-08,0.3436188804397847
533,4.1469095803786856e-07,0.34361929513074274
533,5.59774242129547e-07,0.34361985490498487
533,9.22911699789028e-07,0.34362077781668465
533,1.124336620894241e-05,0.3436320211828936
533,5.5688757392240165e-05,0.34368770994028586
533,0.00013697224093841843,0.34382468218122425
533,0.0013661861223646281,0.34519086830358886
533,0.030326532985631673,0.3755174012892205
533,0.0409365376538991,0.4164539389431196
536,3.0960238413320196e-10,0.416453939252722
536,7.614989872356315e-10,0.416453940014221
536,1.133090063882855e-08,0.41645395134512164
536,2.064624707936636e-08,0.41645397199136874
536,3.072106176664105e-07,0.4164542792019864
536,4.1469095803786856e-07,0.4164546938929444
536,6.837098032840483e-07,0.4164553776027477
536,8.329290549381678e-06,0.4164637068932971
536,4.125524616329523e-05,0.41650496213946037
536,0.00010147153181478671,0.41660643367127514
536,0.0010120955722902195,0.41761852924356535
536,0.022466448205861078,0.44008497744942643
536,0.030326532985631673,0.4704115104350581
541,1.8778333829691513e-10,0.4704115106228414
541,4.618724830985297e-10,0.4704115110847139
541,6.87253863960698e-09,0.47041151795725256
541,1.2522581861638111e-08,0.4704115304798344
541,1.8633265860393355e-07,0.470411716812493
541,2.515227803555724e-07,0.4704119683352734
541,4.1469095803786856e-07,0.4704123830262314
541,5.051970091854672e-06,0.47041743499632327
541,2.5022571672030544e-05,0.4704424575679953
541,6.154559513367405e-05,0.47050400316312896
541,0.0006138669951534218,0.4711178701582824
541,0.01362658965170063,0.484744459809983
541,0.018393972058572117,0.5031384318685551
548,2.293590873323762e-10,0.5031384320979142
548,3.412801688167435e-09,0.5031384355107159
548,6.218530118014348e-09,0.503138441729246
548,9.253005987909542e-08,0.5031385342593059
548,1.2490251629333175e-07,0.5031386591618222
548,2.059294353767854e-07,0.5031388650912576
548,2.5087341028087645e-06,0.5031413738253604
548,1.2425841355397594e-05,0.5031537996667158
548,3.0562638056478614e-05,0.5031843623047723
548,0.0003048373282757819,0.5034891996330481
548,0.0067667641618306355,0.5102559637948787
548,0.009134176202636733,0.5193901399975154
555,-5.5281605007396804e-09,0.5193901344693549
555,-6.109562215871991e-09,0.5193901283597927
555,-1.6607511951244842e-08,0.5193901117522808
555,-7.44297047974028e-08,0.5193900373225759
555,-1.0046959256605596e-07,0.5193899368529834
555,-3.3357079449900877e-07,0.5193896032821889
555,-7.423754557072932e-07,0.5193888609067332
555,-1.4949605838901922e-06,0.5193873659461493
555,-2.017985711143138e-06,0.5193853479604382
555,-4.491109793262036e-06,0.519380856850645
555,-1.647921419832855e-05,0.5193643776364466
555,-8.162208225287363e-05,0.5192827555541938
555,-0.0002218718229889759,0.5190608837312048
555,-0.006648189501740032,0.5124126942294648
555,-0.008974117153358104,0.5034385770761067
555,-0.014795817836496389,0.4886427592396103
555,-0.029795118227484572,0.4588476410121257
557,1.3875416211203782e-09,0.45884764239966735
557,2.5282656741677602e-09,0.458847644927933
557,3.761991496082107e-08,0.45884768254784797
557,5.078157355012452e-08,0.4588477333294215
557,8.372466047171331e-08,0.458847817054082
557,1.0199751705585961e-06,0.45884883702925255
557,5.051970091854672e-06,0.45885388899934443
557,1.2425841355397594e-05,0.45886631484069984
557,0.00012393760883331792,0.4589902524495332
557,0.002751161002820362,0.46174141345235353
557,0.003713678910716694,0.4654550923630702
557,0.0409365376538991,0.5063916300169693
567,5.104480361798819e-10,0.5063916305274173
567,9.300969633457756e-10,0.5063916314575143
567,1.3839593292704037e-08,0.5063916452971076
567,1.8681496899426302e-08,0.5063916639786045
567,3.0800581306602635e-08,0.5063916947791858
567,3.752278957538429e-07,0.5063920700070815
567,1.8585159342063369e-06,0.5063939285230158
567,4.571211573908664e-06,0.5063984997345897
567,4.559409827772581e-05,0.5064440938328675
567,0.0010120955722902195,0.5074561894051577
567,0.0013661861223646281,0.5088223755275223
567,0.015059710595610107,0.5238820861231324
570,3.7814920591325703e-10,0.5238820865012815
570,6.890327774472859e-10,0.5238820871903144
570,1.0252622878059635e-08,0.5238820974429372
570,1.3839593292704037e-08,0.5238821112825305
570,2.281763183951997e-08,0.5238821341001623
570,2.779756620825073e-07,0.5238824120758243
570,1.376822467487358e-06,0.5238837888982918
570,3.386436824542695e-06,0.5238871753351163
570,3.377693875969222e-05,0.523920952273876
570,0.0007497788410238852,0.5246707311148999
570,0.0010120955722902195,0.5256828266871901
570,0.011156508007421491,0.5368393346946116
570,-1.233499337856269e-09,0.5368393334611123
570,-1.3632275956643133e-09,0.5368393320978847
570,-3.705636801348218e-09,0.5368393283922479
570,-1.6607511951244842e-08,0.536839311784736
570,-2.241779627931156e-08,0.5368392893669397
570,-7.44297047974028e-08,0.5368392149372349
570,-1.6564635432223191e-07,0.5368390492908806
570,-3.3357079449900877e-07,0.536838715720086
570,-4.5027347490461146e-07,0.5368382654466111
570,-1.0021020474147395e-06,0.5368372633445636
570,-3.677009703193328e-06,0.5368335863348604
570,-1.8212348284732005e-05,0.5368153739865758
570,-4.9506295395954276e-05,0.5367658676911798
570,-0.0014834115882203633,0.5352824561029594
570,-0.002002396197619565,0.5332800599053399
570,-0.0033013932033844335,0.5299786667019555
570,-0.006648189501740032,0.5233304772002154
570,-0.016351907582040755,0.5069785696181747
570,-0.04444909324090307,0.4625294763772716
575,2.293590873323762e-10,0.4625294766066307
575,4.1791950506873044e-10,0.4625294770245502
575,6.218530118014348e-09,0.46252948324308035
575,8.394137649978317e-09,0.462529491637218
575,1.3839593292704037e-08,0.4625295054768113
575,1.6860076170695924e-07,0.462529674077573
575,8.35085039512283e-07,0.4625305091626125
575,2.0539777612650365e-06,0.4625325631403738
575,2.048674894898934e-05,0.4625530498893228
575,0.0004547638550847908,0.4630078137444076
575,0.0006138669951534218,0.463621680739561
575,0.0067667641618306355,0.47038844490139164
575,0.030326532985631673,0.5007149778870233
576,-6.769587897297963e-10,0.5007149772100645
576,-7.481551671450592e-10,0.5007149764619093
576,-2.0336965957181544e-09,0.5007149744282128
576,-9.114395805413783e-09,0.500714965313817
576,-1.230314745367156e-08,0.5007149530106695
576,-4.084788806385805e-08,0.5007149121627814
576,-9.090864672859493e-08,0.5007148212541347
576,-1.8306753348218535e-07,0.5007146381866012
576,-2.4711532245214246e-07,0.5007143910712788
576,-5.499652641748571e-07,0.5007138411060146
576,-2.017985711143138e-06,0.5007118231203035
576,-9.995148659258013e-06,0.5007018279716442
576,-2.7169630973207816e-05,0.500674658340671
576,-0.000814113540732056,0.49986054479993897
576,-0.0010989383333240507,0.49876160646661494
576,-0.00181184300533911,0.49694976346127584
576,-0.003648603757513078,0.49330115970376276
576,-0.008974117153358104,0.48432704255040465
576,-0.024394179584435946,0.4599328629659687
576,-0.03292869816564158,0.4270041648003271
576,-0.054290245082157566,0.37271391971816953
588,1.1389635206026856e-10,0.37271391983206587
588,1.6947471630984622e-09,0.37271392152681304
588,2.287669384722906e-09,0.37271392381448243
588,3.771729174922129e-09,0.3727139275862116
588,4.594906789489786e-08,0.37271397353527946
588,2.2758722315416156e-07,0.37271420112250264
588,5.59774242129547e-07,0.37271476089674477
588,5.583290424505739e-06,0.37272034418716926
588,0.00012393760883331792,0.3728442817960026
588,0.0001672982728735636,0.37301158006887614
588,0.0018441583700620008,0.37485573843893816
588,0.008264944411079327,0.3831206828500175
588,0.015059710595610107,0.3981803934456276
589,1.030576811219279e-10,0.3981803935486853
589,1.5334706472817777e-09,0.3981803950821559
589,2.0699688593925834e-09,0.3981803971521248
589,3.412801688167435e-09,0.3981804005649265
589,4.15764359551784e-08,0.39818044214136245
589,2.059294353767854e-07,0.39818064807079784
589,5.065046799315356e-07,0.39818115457547776
589,5.051970091854672e-06,0.39818620654556963
589,0.00011214338597429017,0.39829834993154395
589,0.0001513777372687908,0.39844972766881276
589,0.0016686634980163041,0.40011839116682907
589,0.0074784309611317535,0.40759682212796083
589,0.01362658965170063,0.42122341177966144
591,1.255499577871991e-09,0.42122341303516103
591,1.6947471630984622e-09,0.4212234147299082
591,2.794165696259134e-09,0.4212234175240739
591,3.403990671988171e-08,0.4212234515639806
591,1.6860076170695924e-07,0.4212236201647423
591,4.1469095803786856e-07,0.4212240348557003
591,4.136203277831611e-06,0.42122817105897814
591,9.181523885144536e-05,0.4213199862978296
591,0.00012393760883331792,0.4214439239066629
591,0.0013661861223646281,0.4228101100290275
591,0.006122821412649096,0.4289329314416766
591,0.011156508007421491,0.4400894394490981
591,-1.5104992316629667e-10,0.44008943929804817
591,-1.6693598226095236e-10,0.4400894391311122
591,-4.5377904709590837e-10,0.44008943867733313
591,-2.0336965957181544e-09,0.44008943664363653
591,-2.7452032616674866e-09,0.44008943389843325
591,-9.114395805413783e-09,0.44008942478403745
591,-2.028446090342842e-08,0.44008940449957656
591,-4.084788806385805e-08,0.4400893636516885
591,-5.5138881473877426e-08,0.44008930851280703
591,-1.2271383747140937e-07,0.44008918579896955
591,-4.5027347490461146e-07,0.44008873552549466
591,-2.230219121047604e-06,0.4400865053063736
591,-6.062364110225605e-06,0.4400804429422634
591,-0.0001816532847225489,0.43989878965754087
591,-0.000245206286307844,0.439653583371233
591,-0.000404276819945128,0.43924930655128785
591,-0.000814113540732056,0.4384351930105558
591,-0.002002396197619565,0.43643279681293623
591,-0.005443077197364751,0.4309897196155715
591,-0.007347385695178914,0.4236423339203926
591,-0.012113791079679323,0.4115285428407133
591,-0.04444909324090307,0.3670794495998102
591,-0.04912384518467891,0.31795560441513127
596,7.614989872356315e-10,0.31795560517663024
596,1.0279161148802243e-09,0.3179556062045464
596,1.6947471630984622e-09,0.31795560789929356
596,2.064624707936636e-08,0.31795562854554066
596,1.0226153122617448e-07,0.3179557308070719
596,2.515227803555724e-07,0.3179559823298523
596,2.5087341028087645e-06,0.3179584910639551
596,5.5688757392240165e-05,0.31801417982134733
596,7.517195964887862e-05,0.31808935178099623
596,0.0008286337700880628,0.3189179855510843
596,0.003713678910716694,0.32263166446180097
596,0.0067667641618306355,0.3293984286236316
596,0.030326532985631673,0.35972496160926326
600,5.104480361798819e-10,0.3597249621197113
600,6.890327774472859e-10,0.35972496280874405
600,1.136022996386928e-09,0.35972496394476705
600,1.3839593292704037e-08,0.35972497778436036
600,6.854795431920423e-08,0.35972504633231467
600,1.6860076170695924e-07,0.35972521493307635
600,1.6816547592859484e-06,0.35972689658783563
600,3.732929041883396e-05,0.35976422587825446
600,5.038927145242553e-05,0.35981461514970686
600,0.0005554498269121153,0.360370064976619
600,0.0024893534183931974,0.3628594183950122
600,0.004535897664470626,0.3673953160594828
600,0.020328482987029956,0.3877237990465127
608,-3.715228609598423e-10,0.38772379867498985
608,-5.015034060824765e-10,0.38772379817348646
608,-1.6650499453444537e-09,0.3877237965084365
608,-3.705636801348218e-09,0.3877237928027997
608,-7.462236141617217e-09,0.38772378534056356
608,-1.0072965179973978e-08,0.3877237752675984
608,-2.241779627931156e-08,0.3877237528498021
608,-8.225754518304506e-08,0.38772367059225693
608,-4.0742428844276823e-07,0.3877232631679685
608,-1.1074940397468335e-06,0.38772215567392876
608,-3.3185062208870015e-05,0.38768897061171986
608,-4.4795148502600754e-05,0.3876441754632173
608,-7.385471416040886e-05,0.3875703207490569
608,-0.0001487251305999815,0.3874215956184569
608,-0.00036580479393093825,0.38705579082452596
608,-0.0009943605241056752,0.3860614303004203
608,-0.001342246311369936,0.38471918398905036
608,-0.002212990044074401,0.382506193944976
608,-0.008120116994196762,0.37438607695077925
608,-0.008974117153358104,0.36541195979742114
608,-0.01096101144316408,0.35445094835425706
608,-0.018071652714732128,0.33637929563952496
608,-0.02695973784703329,0.30941955779249164
613,1.3911331855079366e-10,0.30941955793160497
613,1.8778333829691513e-10,0.3094195581193883
613,3.0960238413320196e-10,0.3094195584289907
613,3.771729174922129e-09,0.30941956220071987
613,1.8681496899426302e-08,0.30941958088221677
613,4.594906789489786e-08,0.30941962683128466
613,4.583043868123809e-07,0.3094200851356715
613,1.0173418450532209e-05,0.30943025855412204
613,1.3732678498607128e-05,0.3094439912326207
613,0.0001513777372687908,0.3095953689698895
613,0.0006784279506100467,0.31027379692049956
613,0.0012361763235169696,0.3115099732440165
613,0.005540157918116694,0.3170501311621332
613,0.030326532985631673,0.34737666414776486
622,-1.2366921734631346e-10,0.3473766640240956
622,-4.1059626133307926e-10,0.34737666361349934
622,-9.137987846827577e-10,0.3473766626997006
622,-1.840164776738133e-09,0.3473766608595358
622,-2.4839626312711e-09,0.34737665837557313
622,-5.5281605007396804e-09,0.34737665284741265
622,-2.028446090342842e-08,0.34737663256295176
622,-1.0046959256605596e-07,0.34737653209335917
622,-2.7310466778499384e-07,0.3473762589886914
622,-8.183335588920684e-06,0.34736807565310246
622,-1.1046347620054751e-05,0.3473570293054824
622,-1.8212348284732005e-05,0.34733881695719765
622,-3.6675165667774336e-05,0.34730214179152985
622,-9.020635157865434e-05,0.3472119354399512
622,-0.000245206286307844,0.34696672915364335
622,-0.00033099386524564626,0.3466357352883977
622,-0.0005457166261017489,0.34609001866229594
622,-0.002002396197619565,0.3440876224646764
622,-0.002212990044074401,0.341874632420602
622,-0.002702952143613468,0.3391716802769885
622,-0.004456414692860032,0.3347152655841285
622,-0.006648189501740032,0.3280670760823885
622,-0.024394179584435946,0.30367289649795254
623,1.1389635206026856e-10,0.3036728966118489
623,1.3875416211203782e-09,0.3036728979993905
623,6.87253863960698e-09,0.30367290487192916
623,1.6903717419523686e-08,0.3036729217756466
623,1.6860076170695924e-07,0.3036730903764083
623,3.74259149438503e-06,0.30367683296790265
623,5.051970091854672e-06,0.30368188493799453
623,5.5688757392240165e-05,0.3037375736953868
623,0.00024957969534551087,0.3039871533907323
623,0.0004547638550847908,0.3044419172458171
623,0.0020381101989183107,0.3064800274447354
623,0.011156508007421491,0.3176365354521569
623,0.04524187090179798,0.3628784063539549
637,3.421635511108994e-10,0.3628784066961185
637,1.6947471630984622e-09,0.36287840839086566
637,4.168405394981386e-09,0.36287841255927106
637,4.15764359551784e-08,0.362878454135707
637,9.22911699789028e-07,0.3628793770474068
637,1.2458004865751602e-06,0.36288062284789335
637,1.3732678498607128e-05,0.362894355526392
637,6.154559513367405e-05,0.36295590112152565
637,0.00011214338597429017,0.36306804450749997
637,0.0005025917872316793,0.36357063629473163
637,0.002751161002820362,0.366321797297552
637,0.011156508007421491,0.3774783053049735
650,-1.1190053531416602e-10,0.37747830519307296
650,-1.5104992316629667e-10,0.377478305042023
650,-3.3616778625223605e-10,0.37747830470585525
650,-1.233499337856269e-09,0.3774783034723559
650,-6.109562215871991e-09,0.3774782973627937
650,-1.6607511951244842e-08,0.3774782807552817
650,-4.976291496454423e-07,0.37747778312613206
650,-6.717290905554564e-07,0.3774771113970415
650,-1.1074940397468335e-06,0.37747600390300173
650,-2.230219121047604e-06,0.3774737736838807
650,-5.485453888690396e-06,0.377468288229992
650,-1.491100962647711e-05,0.37745337722036554
650,-2.012775767415071e-05,0.3774332494626914
650,-3.3185062208870015e-05,0.3774000644004825
650,-0.00012176583817774403,0.37727829856230477
650,-0.0001345720631691482,0.37714372649913563
650,-0.0001643666891261021,0.3769793598100095
650,-0.00027099485655675997,0.3767083649534528
650,-0.000404276819945128,0.37630408813350763
650,-0.0014834115882203633,0.3748206765452873
650,-0.004032330764384986,0.3707883457809023
650,-0.016351907582040755,0.35443643819886156
651,-1.012517914505119e-10,0.3544364380976098
651,-1.3667562247232226e-10,0.35443643796093416
651,-3.041771917393372e-10,0.354436437656757
651,-1.1161163560149306e-09,0.3544364365406406
651,-5.5281605007396804e-09,0.3544364310124801
651,-1.502709823396573e-08,0.3544364159853819
651,-4.5027347490461146e-07,0.354435965711907
651,-6.078056159178426e-07,0.3544353579062911
651,-1.0021020474147395e-06,0.3544343558042437
651,-2.017985711143138e-06,0.35443233781853256
651,-4.963443933397933e-06,0.35442737437459915
651,-1.349203945073089e-05,0.3544138823351484
651,-1.8212348284732005e-05,0.35439566998686367
651,-3.002708600643665e-05,0.35436564290085726
651,-0.00011017828662173442,0.3542554646142355
651,-0.00012176583817774403,0.35413369877605777
651,-0.0001487251305999815,0.3539849736454578
651,-0.000245206286307844,0.3537397673591499
651,-0.00036580479393093825,0.35337396256521897
651,-0.001342246311369936,0.35203171625384905
651,-0.003648603757513078,0.34838311249633597
651,-0.014795817836496389,0.3335872946598396
657,-1.6693598226095236e-10,0.33358729449290364
657,-6.125376434158582e-10,0.333587293880366
657,-3.033918809001312e-09,0.3335872908464472
657,-8.247046367528376e-09,0.33358728259940085
657,-2.4711532245214246e-07,0.3335870354840784
657,-3.3357079449900877e-07,0.33358670191328393
657,-5.499652641748571e-07,0.33358615194801977
657,-1.1074940397468335e-06,0.33358504445398
657,-2.7239957857490913e-06,0.33358232045819425
657,-7.404588245200774e-06,0.33357491586994903
657,-9.995148659258013e-06,0.3335649207212898
657,-1.647921419832855e-05,0.33354844150709145
657,-6.046712574291063e-05,0.33348797438134853
657,-6.68265088706882e-05,0.33342114787247784
657,-8.162208225287363e-05,0.33333952579022497
657,-0.0001345720631691482,0.33320495372705583
657,-0.0002007579274482763,0.33300419579960755
657,-0.0007366403941841061,0.33226755540542346
657,-0.002002396197619565,0.3302651592078039
657,-0.008120116994196762,0.3221450422136072
658,-1.5104992316629667e-10,0.32214504206255723
658,-5.542469797182356e-10,0.32214504150831025
658,-2.7452032616674866e-09,0.32214503876310696
658,-7.462236141617217e-09,0.3221450313008708
658,-2.2359919032472024e-07,0.32214480770168047
658,-3.018273364266869e-07,0.32214450587434407
658,-4.976291496454423e-07,0.3221440082451944
658,-1.0021020474147395e-06,0.322143006143147
658,-2.4647733135180434e-06,0.3221405413698335
658,-6.699948509406886e-06,0.3221338414213241
658,-9.04398450572859e-06,0.3221247974368184
658,-1.491100962647711e-05,0.3221098864271919
658,-5.471291793327097e-05,0.3220551735092586
658,-6.046712574291063e-05,0.3219947063835157
658,-7.385471416040886e-05,0.3219208516693553
658,-0.00012176583817774403,0.32179908583117756
658,-0.0001816532847225489,0.32161743254645503
658,-0.0006665397922945383,0.3209508927541605
658,-0.00181184300533911,0.3191390497488214
658,-0.007347385695178914,0.3117916640536425
663,-3.3616778625223605e-10,0.31179166371747474
663,-1.6650499453444537e-09,0.3117916620524248
663,-4.526075009906555e-09,0.3117916575263498
663,-1.3561976441886326e-07,0.3117915219065854
663,-1.8306753348218535e-07,0.3117913388390519
663,-3.018273364266869e-07,0.3117910370117155
663,-6.078056159178426e-07,0.3117904292060996
663,-1.4949605838901922e-06,0.31178893424551574
663,-4.063724189451234e-06,0.3117848705213263
663,-5.485453888690396e-06,0.31177938506743763
663,-9.04398450572859e-06,0.3117703410829319
663,-3.3185062208870015e-05,0.311737156020723
663,-3.6675165667774336e-05,0.3117004808550552
663,-4.4795148502600754e-05,0.3116556857065526
663,-7.385471416040886e-05,0.31158183099239223
663,-0.00011017828662173442,0.3114716527057705
663,-0.000404276819945128,0.31106737588582534
663,-0.0010989383333240507,0.3099684375525013
663,-0.004456414692860032,0.3055120228596413
675,9.300969633457756e-10,0.30551202378973824
675,2.064624707936636e-08,0.30551204443598534
675,2.786951846347298e-08,0.3055120723055038
675,3.072106176664105e-07,0.3055123795161215
675,1.376822467487358e-06,0.30551375633858896
675,2.5087341028087645e-06,0.30551626507269175
675,1.124336620894241e-05,0.3055275084389007
675,6.154559513367405e-05,0.30558905403403436
675,0.00024957969534551087,0.30583863372937986
675,0.0041042499311949405,0.3099428836605748
675,0.004535897664470626,0.3144787813250454
675,0.008264944411079327,0.32274372573612475
675,0.009134176202636733,0.3318779019387615
675,0.015059710595610107,0.3469376125343716
683,-2.2534000595629815e-10,0.3469376123090316
683,-6.125376434158582e-10,0.34693761169649395
683,-1.8354139230109548e-08,0.34693759334235474
683,-2.477549649523963e-08,0.34693756856685826
683,-4.084788806385805e-08,0.3469375277189702
683,-8.225754518304506e-08,0.346937445461425
683,-2.0232091404835106e-07,0.346937243140511
683,-5.499652641748571e-07,0.34693669317524684
683,-7.423754557072932e-07,0.3469359507997911
683,-1.2239702046703154e-06,0.3469347268295864
683,-4.491109793262036e-06,0.34693023571979315
683,-4.963443933397933e-06,0.34692527227585973
683,-6.062364110225605e-06,0.3469192099117495
683,-9.995148659258013e-06,0.3469092147630903
683,-1.491100962647711e-05,0.3468943037534638
683,-5.471291793327097e-05,0.3468395908355305
683,-0.0001487251305999815,0.3466908657049305
683,-0.0006031101446780151,0.3460877555602525
683,-0.02695973784703329,0.3191280177132192
685,3.421635511108994e-10,0.31912801805538277
685,7.59532983784482e-09,0.31912802565071263
685,1.0252622878059635e-08,0.3191280359033355
685,1.1301647034905272e-07,0.31912814891980584
685,5.065046799315356e-07,0.31912865542448576
685,9.22911699789028e-07,0.31912957833618555
685,4.136203277831611e-06,0.3191337145394634
685,2.264135914433985e-05,0.3191563558986077
685,9.181523885144536e-05,0.3192481711374591
685,0.001509869171115925,0.3207580403085751
685,0.0016686634980163041,0.3224267038065914
685,0.003040503131260899,0.3254672069378523
685,0.003360275636987488,0.3288274825748398
685,0.005540157918116694,0.3343676404929565
685,0.0409365376538991,0.37530417814685557
692,-2.4903922126189343e-10,0.37530417789781634
692,-7.462236141617217e-09,0.3753041704355802
692,-1.0072965179973978e-08,0.375304160362615
692,-1.6607511951244842e-08,0.375304143755103
692,-3.344342215616757e-08,0.37530411031168087
692,-8.225754518304506e-08,0.3753040280541357
692,-2.2359919032472024e-07,0.3753038044549454
692,-3.018273364266869e-07,0.375303502627609
692,-4.976291496454423e-07,0.3753030049984593
692,-1.8259489805042175e-06,0.3753011790494788
692,-2.017985711143138e-06,0.37529916106376765
692,-2.4647733135180434e-06,0.37529669629045415
692,-4.063724189451234e-06,0.3752926325662647
692,-6.062364110225605e-06,0.3752865702021545
692,-2.224461242754529e-05,0.37526432558972694
692,-6.046712574291063e-05,0.375203858463984
692,-0.000245206286307844,0.37495865217767615
692,-0.01096101144316408,0.3639976407345121
692,-0.029795118227484572,0.3342025225070275
699,-1.2366921734631346e-10,0.33420252238335824
699,-3.705636801348218e-09,0.33420251867772144
699,-5.002086473977662e-09,0.33420251367563497
699,-8.247046367528376e-09,0.3342025054285886
699,-1.6607511951244842e-08,0.3342024888210766
699,-4.084788806385805e-08,0.33420244797318854
699,-1.1103607185491449e-07,0.3342023369371167
699,-1.498830195519981e-07,0.33420218705409716
699,-2.4711532245214246e-07,0.33420193993877473
699,-9.06739429191302e-07,0.3342010331993455
699,-1.0021020474147395e-06,0.3342000310972981
699,-1.2239702046703154e-06,0.33419880712709343
699,-2.017985711143138e-06,0.3341967891413823
699,-3.010480923370517e-06,0.3341937786604589
699,-1.1046347620054751e-05,0.33418273231283885
699,-3.002708600643665e-05,0.33415270522683244
699,-0.00012176583817774403,0.3340309393886547
699,-0.005443077197364751,0.32858786219128994
699,-0.014795817836496389,0.3137920443547936
701,1.5334706472817777e-09,0.3137920458882642
701,2.0699688593925834e-09,0.31379204795823307
701,2.281763183951997e-08,0.3137920707758649
701,1.0226153122617448e-07,0.31379217303739615
701,1.8633265860393355e-07,0.31379235937005473
701,8.35085039512283e-07,0.31379319445509424
701,4.571211573908664e-06,0.31379776566666817
701,1.8537177022954413e-05,0.3138163028436911
701,0.0003048373282757819,0.3141211401719669
701,0.00033689734995427336,0.3144580375219212
701,0.0006138669951534218,0.3150719045170746
701,0.0006784279506100467,0.3157503324676847
701,0.0011185385928082802,0.316868871060493
701,0.008264944411079327,0.32513381547157233
701,0.020328482987029956,0.34546229845860227
701,0.0409365376538991,0.38639883611250136
708,7.614989872356315e-10,0.38639883687400034
708,1.0279161148802243e-09,0.3863988379019165
708,1.133090063882855e-08,0.38639884923281714
708,5.078157355012452e-08,0.3863989000143907
708,9.253005987909542e-08,0.3863989925444506
708,4.1469095803786856e-07,0.3863994072354086
708,2.2699964881242426e-06,0.3864016772318967
708,9.20528968337896e-06,0.3864108825215801
708,0.0001513777372687908,0.38656226025884893
708,0.0001672982728735636,0.3867295585317225
708,0.0003048373282757819,0.38703439585999827
708,0.00033689734995427336,0.38737129320995256
708,0.0005554498269121153,0.3879267430368647
708,0.0041042499311949405,0.39203099296805966
708,0.01009482589973277,0.4021258188677924
708,0.020328482987029956,0.42245430185482236
715,-7.481551671450592e-10,0.4224543011066672
715,-1.0099038418042558e-09,0.4224543000967634
715,-1.6650499453444537e-09,0.42245429843171345
715,-3.3529988355109604e-09,0.4224542950787146
715,-8.247046367528376e-09,0.42245428683166825
715,-2.241779627931156e-08,0.42245426441387196
715,-3.026085975407328e-08,0.4224542341530122
715,-4.989172314621407e-08,0.42245418426128906
715,-1.8306753348218535e-07,0.4224540011937556
715,-2.0232091404835106e-07,0.42245379887284157
715,-2.4711532245214246e-07,0.42245355175751914
715,-4.0742428844276823e-07,0.4224531443332307
715,-6.078056159178426e-07,0.42245253652761483
715,-2.230219121047604e-06,0.4224503063084938
715,-6.062364110225605e-06,0.42244424394438357
715,-2.4584098738787207e-05,0.4224196598456448
715,-0.0010989383333240507,0.42132072151232075
715,-0.0029872241020718364,0.4183334974102489
715,-0.014795817836496389,0.40353767957375253
715,-0.029795118227484572,0.37374256134626793
718,-5.542469797182356e-10,0.37374256079202095
718,-7.481551671450592e-10,0.3737425600438658
718,-1.233499337856269e-09,0.37374255881036644
718,-2.4839626312711e-09,0.3737425563264038
718,-6.109562215871991e-09,0.3737425502168416
718,-1.6607511951244842e-08,0.37374253360932963
718,-2.241779627931156e-08,0.37374251119153334
718,-3.696069756792316e-08,0.3737424742308358
718,-1.3561976441886326e-07,0.37374233861107137
718,-1.498830195519981e-07,0.3737421887280518
718,-1.8306753348218535e-07,0.37374200566051835
718,-3.018273364266869e-07,0.37374170383318195
718,-4.5027347490461146e-07,0.37374125355970705
718,-1.6521869609848295e-06,0.3737396013727461
718,-4.491109793262036e-06,0.3737351102629528
718,-1.8212348284732005e-05,0.37371689791466806
718,-0.000814113540732056,0.372902784373936
718,-0.002212990044074401,0.3706897943298616
718,-0.01096101144316408,0.3597287828866975
718,-0.02207276647028654,0.33765601641641096
722,1.8778333829691513e-10,0.3376560166041943
722,2.5348099311611433e-10,0.3376560168576753
722,2.794165696259134e-09,0.337656019651841
722,1.2522581861638111e-08,0.33765603217442286
722,2.281763183951997e-08,0.3376560549920547
722,1.0226153122617448e-07,0.33765615725358594
722,5.59774242129547e-07,0.33765671702782807
722,2.2699964881242426e-06,0.3376589870243162
722,3.732929041883396e-05,0.337696316314735
722,4.125524616329523e-05,0.3377375715608983
722,7.517195964887862e-05,0.3378127435205472
722,8.30778636586967e-05,0.3378958213842059
722,0.00013697224093841843,0.33803279362514427
722,0.0010120955722902195,0.3390448891974345
722,0.0024893534183931974,0.34153424261582765
722,0.005012942186140188,0.34654718480196783
722,0.024829265189570477,0.3713764499915383
722,0.03351600230178197,0.40489245229332027
728,-2.0389606916970426e-10,0.4048924520894242
728,-2.7523090479885143e-10,0.4048924518141933
728,-4.5377904709590837e-10,0.40489245136041424
728,-9.137987846827577e-10,0.4048924504466155
728,-2.247582333777147e-09,0.40489244819903314
728,-6.109562215871991e-09,0.40489244208947095
728,-8.247046367528376e-09,0.40489243384242457
728,-1.3597080766594258e-08,0.40489242024534383
728,-4.989172314621407e-08,0.4048923703536207
728,-5.5138881473877426e-08,0.40489231521473923
728,-6.734678191406065e-08,0.4048922478679573
728,-1.1103607185491449e-07,0.40489213683188546
728,-1.6564635432223191e-07,0.40489197118553116
728,-6.078056159178426e-07,0.40489136337991527
728,-1.6521869609848295e-06,0.4048897111929543
728,-6.699948509406886e-06,0.4048830112444449
728,-0.000299495634414613,0.4045835156100303
728,-0.000814113540732056,0.40376940206929823
728,-0.004032330764384986,0.39973707130491326
728,-0.008120116994196762,0.3916169543107165
728,-0.03292869816564158,0.35868825614507494
730,1.1389635206026856e-10,0.35868825625897127
730,1.255499577871991e-09,0.35868825751447087
730,5.6267587359629565e-09,0.3586882631412296
730,1.0252622878059635e-08,0.35868827339385245
730,4.594906789489786e-08,0.35868831934292034
730,2.515227803555724e-07,0.3586885708657007
730,1.0199751705585961e-06,0.35868959084087126
730,1.6773131395125595e-05,0.3587063639722664
730,1.8537177022954413e-05,0.35872490114928934
730,3.377693875969222e-05,0.358758678088049
730,3.732929041883396e-05,0.35879600737846784
730,6.154559513367405e-05,0.3588575529736015
730,0.0004547638550847908,0.3593123168286863
730,0.0011185385928082802,0.3604308554214946
730,0.00225246011967789,0.3626833155411725
730,0.011156508007421491,0.373839823548594
730,0.015059710595610107,0.38889953414420414
730,0.0409365376538991,0.42983607179810324
732,-1.3667562247232226e-10,0.4298360716614276
732,-1.8449279277519635e-10,0.4298360714769348
732,-3.041771917393372e-10,0.42983607117275763
732,-6.125376434158582e-10,0.42983607056022
732,-1.506599493446389e-09,0.4298360690536205
732,-4.095362025800921e-09,0.42983606495825843
732,-5.5281605007396804e-09,0.42983605943009795
732,-9.114395805413783e-09,0.42983605031570216
732,-3.344342215616757e-08,0.42983601687228
732,-3.696069756792316e-08,0.42983597991158246
732,-4.5143897952985275e-08,0.4298359347676845
732,-7.44297047974028e-08,0.4298358603379797
732,-1.1103607185491449e-07,0.4298357493019079
732,-4.0742428844276823e-07,0.42983534187761946
732,-1.1074940397468335e-06,0.4298342343835797
732,-4.491109793262036e-06,0.4298297432737864
732,-0.0002007579274482763,0.42962898534633814
732,-0.0005457166261017489,0.4290832687202364
732,-0.002702952143613468,0.4263803165766229
732,-0.005443077197364751,0.42093723937925814
732,-0.02207276647028654,0.3988644729089716
732,-0.04912384518467891,0.3497406277242927
739,5.104480361798819e-10,0.3497406282347407
739,2.287669384722906e-09,0.3497406305224101
739,4.168405394981386e-09,0.3497406346908155
739,1.8681496899426302e-08,0.3497406533723124
739,1.0226153122617448e-07,0.34974075563384366
739,4.1469095803786856e-07,0.3497411703248017
739,6.81944632410057e-06,0.34974798977112576
739,7.5366537547738255e-06,0.3497555264248805
739,1.3732678498607128e-05,0.34976925910337914
739,1.517695690394334e-05,0.3497844360602831
739,2.5022571672030544e-05,0.3498094586319551
739,0.00018489318582414662,0.34999435181777927
739,0.0004547638550847908,0.3504491156728641
739,0.000915781944436709,0.3513648976173008
739,0.004535897664470626,0.3559007952817714
739,0.006122821412649096,0.36202361669442046
739,0.01664355418490398,0.37866717087932444
739,0.024829265189570477,0.4034964360688949
740,4.618724830985297e-10,0.4034964365307674
740,2.0699688593925834e-09,0.40349643860073625
740,3.771729174922129e-09,0.4034964423724654
740,1.6903717419523686e-08,0.40349645927618283
740,9.253005987909542e-08,0.4034965518062427
740,3.752278957538429e-07,0.4034969270341385
740,6.170490204333978e-06,0.4035030975243428
740,6.81944632410057e-06,0.4035099169706669
740,1.2425841355397594e-05,0.4035223428120223
740,1.3732678498607128e-05,0.40353607549052095
740,2.264135914433985e-05,0.40355871684966527
740,0.0001672982728735636,0.4037260151225388
740,0.00041148735245100153,0.4041375024749898
740,0.0008286337700880628,0.4049661362450779
740,0.0041042499311949405,0.40907038617627284
740,0.005540157918116694,0.4146105440943895
740,0.015059710595610107,0.42967025468999964
740,0.022466448205861078,0.4521367028958607
747,2.293590873323762e-10,0.4521367031252198
747,1.0279161148802243e-09,0.45213670415313595
747,1.8729852781476227e-09,0.4521367060261212
747,8.394137649978317e-09,0.4521367144202589
747,4.594906789489786e-08,0.45213676036932676
747,1.8633265860393355e-07,0.45213694670198534
747,3.064174752661107e-06,0.452140010876738
747,3.386436824542695e-06,0.4521433973135625
747,6.170490204333978e-06,0.45214956780376686
747,6.81944632410057e-06,0.45215638725009094
747,1.124336620894241e-05,0.4521676306162999
747,8.30778636586967e-05,0.4522507084799586
747,0.00020433857192320333,0.4524550470518818
747,0.00041148735245100153,0.4528665344043328
747,0.0020381101989183107,0.4549046446032511
747,0.002751161002820362,0.45765580560607144
747,0.0074784309611317535,0.4651342365672032
747,0.011156508007421491,0.4762907445746247
753,1.258749359719139e-10,0.47629074470049965
753,5.641323247748303e-10,0.476290745264632
753,1.0279161148802243e-09,0.47629074629254814
753,4.6068004172830674e-09,0.4762907508993486
753,2.5217383128394402e-08,0.4762907761167317
753,1.0226153122617448e-07,0.47629087837826295
753,1.6816547592859484e-06,0.4762925600330222
753,1.8585159342063369e-06,0.47629441854895643
753,3.386436824542695e-06,0.47629780498578095
753,3.74259149438503e-06,0.47630154757727533
753,6.170490204333978e-06,0.4763077180674797
753,4.559409827772581e-05,0.4763533121657574
753,0.00011214338597429017,0.4764654555517317
753,0.0002258290471306333,0.47669128459886234
753,0.0011185385928082802,0.47780982319167065
753,0.001509869171115925,0.4793196923627866
753,0.0041042499311949405,0.48342394229398156
753,0.006122821412649096,0.48954676370663064
794,-1.5104992316629667e-10,0.4895467635555807
794,-2.2534000595629815e-10,0.48954676333024066
794,-8.268393329367431e-10,0.48954676250340134
794,-2.247582333777147e-09,0.489546760255819
794,-9.114395805413783e-09,0.4895467511414232
794,-4.0742428844276823e-07,0.4895463437171348
794,-1.1074940397468335e-06,0.48954523622309504
794,-5.485453888690396e-06,0.48953975076920636
794,-1.1046347620054751e-05,0.4895287044215863
794,-4.4795148502600754e-05,0.4894839092730837
794,-9.969343639043603e-05,0.4893842158366933
794,-0.000245206286307844,0.4891390095503854
794,-0.00027099485655675997,0.4888680146938287
794,-0.0005457166261017489,0.4883222980677269
794,-0.0009943605241056752,0.48732793754362125
810,-1.6693598226095236e-10,0.4873279373766853
810,-4.5377904709590837e-10,0.4873279369229062
810,-1.840164776738133e-09,0.4873279350827414
810,-8.225754518304506e-08,0.48732785282519625
810,-2.2359919032472024e-07,0.4873276292260059
810,-1.1074940397468335e-06,0.48732652173196617
810,-2.230219121047604e-06,0.4873242915128451
810,-9.04398450572859e-06,0.4873152475283394
810,-2.012775767415071e-05,0.48729511977066525
810,-4.9506295395954276e-05,0.4872456134752693
810,-5.471291793327097e-05,0.487190900557336
810,-0.00011017828662173442,0.48708072227071425
810,-0.0002007579274482763,0.48687996434326597
812,2.801398218768634e-10,0.48687996462340577
812,4.6068004172830674e-09,0.4868799692302062
812,5.091301846559993e-09,0.48687997432150804
812,9.276956813079893e-09,0.48687998359846485
812,1.0252622878059635e-08,0.4868799938510877
812,1.6903717419523686e-08,0.48688001075480514
812,1.2490251629333175e-07,0.4868801356573214
812,3.072106176664105e-07,0.4868804428679391
812,6.186462130894111e-07,0.48688106151415217
812,3.064174752661107e-06,0.4868841256889048
812,4.136203277831611e-06,0.48688826189218265
812,1.124336620894241e-05,0.4868995052583916
812,1.6773131395125595e-05,0.48691627838978674
812,0.008264944411079327,0.49518122280086607
812,0.0409365376538991,0.5361177604547651
817,1.6991339097475355e-10,0.5361177606246785
817,2.794165696259134e-09,0.5361177634188442
817,3.0880306677901816e-09,0.5361177665068749
817,5.6267587359629565e-09,0.5361177721336337
817,6.218530118014348e-09,0.5361177783521638
817,1.0252622878059635e-08,0.5361177886047866
817,7.575720560716245e-08,0.5361178643619923
817,1.8633265860393355e-07,0.5361180506946509
817,3.752278957538429e-07,0.5361184259225467
817,1.8585159342063369e-06,0.5361202844384809
817,2.5087341028087645e-06,0.5361227931725837
817,6.81944632410057e-06,0.5361296126189078
817,1.0173418450532209e-05,0.5361397860373583
817,0.005012942186140188,0.5411527282234986
817,0.024829265189570477,0.5659819934130691
829,-2.7523090479885143e-10,0.5659819931378381
829,-1.230314745367156e-08,0.5659819808346906
829,-3.344342215616757e-08,0.5659819473912685
829,-1.6564635432223191e-07,0.5659817817449142
829,-3.3357079449900877e-07,0.5659814481741197
829,-1.3526962747927326e-06,0.5659800954778449
829,-3.010480923370517e-06,0.5659770849969216
829,-7.404588245200774e-06,0.5659696804086763
829,-8.183335588920684e-06,0.5659614970730874
829,-1.647921419832855e-05,0.5659450178588891
829,-3.002708600643665e-05,0.5659149907728827
829,-0.01096101144316408,0.5549539793297186
829,-0.018071652714732128,0.5368823266149865
836,-1.3667562247232226e-10,0.5368823264783108
836,-6.109562215871991e-09,0.5368823203687486
836,-1.6607511951244842e-08,0.5368823037612367
836,-8.225754518304506e-08,0.5368822215036915
836,-1.6564635432223191e-07,0.5368820558573372
836,-6.717290905554564e-07,0.5368813841282466
836,-1.4949605838901922e-06,0.5368798891676627
836,-3.677009703193328e-06,0.5368762121579596
836,-4.063724189451234e-06,0.5368721484337701
836,-8.183335588920684e-06,0.5368639650981811
836,-1.491100962647711e-05,0.5368490540885547
836,-0.005443077197364751,0.53140597689119
836,-0.008974117153358104,0.5224318597378319
843,-3.033918809001312e-09,0.5224318567039131
843,-8.247046367528376e-09,0.5224318484568667
843,-4.084788806385805e-08,0.5224318076089787
843,-8.225754518304506e-08,0.5224317253514335
843,-3.3357079449900877e-07,0.5224313917806389
843,-7.423754557072932e-07,0.5224306494051832
843,-1.8259489805042175e-06,0.5224288234562028
843,-2.017985711143138e-06,0.5224268054704917
843,-4.063724189451234e-06,0.5224227417463022
843,-7.404588245200774e-06,0.522415337158057
843,-0.002702952143613468,0.5197123850144435
843,-0.004456414692860032,0.5152559703215834
845,1.6991339097475355e-10,0.5152559704914969
845,1.8778333829691513e-10,0.5152559706792802
845,3.421635511108994e-10,0.5152559710214437
845,3.7814920591325703e-10,0.5152559713995929
845,6.234626392875495e-10,0.5152559720230555
845,4.6068004172830674e-09,0.5152559766298559
845,1.133090063882855e-08,0.5152559879607566
845,2.281763183951997e-08,0.5152560107783883
845,1.1301647034905272e-07,0.5152561237948587
845,1.5255627790182113e-07,0.5152562763511367
845,4.1469095803786856e-07,0.5152566910420947
845,6.186462130894111e-07,0.5152573096883077
845,0.0003048373282757819,0.5155621470165835
845,0.001509869171115925,0.5170720161876995
845,0.01009482589973277,0.5271668420874323
845,0.020328482987029956,0.5474953250744622
845,0.0409365376538991,0.5884318627283613
848,-1.840164776738133e-09,0.5884318608881965
848,-5.002086473977662e-09,0.58843185588611
848,-2.477549649523963e-08,0.5884318311106135
848,-4.989172314621407e-08,0.5884317812188903
848,-2.0232091404835106e-07,0.5884315788979763
848,-4.5027347490461146e-07,0.5884311286245013
848,-1.1074940397468335e-06,0.5884300211304616
848,-1.2239702046703154e-06,0.588428797160257
848,-2.4647733135180434e-06,0.5884263323869434
848,-4.491109793262036e-06,0.5884218412771501
848,-0.0016394233468375536,0.5867824179303126
848,-0.002702952143613468,0.5840794657866991
848,-0.04444909324090307,0.539630372545796
856,1.1389635206026856e-10,0.5396303726596924
856,1.258749359719139e-10,0.5396303727855674
856,2.0753268438491118e-10,0.5396303729931
856,1.5334706472817777e-09,0.5396303745265707
856,3.771729174922129e-09,0.5396303782982999
856,7.59532983784482e-09,0.5396303858936297
856,3.761991496082107e-08,0.5396304235135446
856,5.078157355012452e-08,0.5396304742951181
856,1.3803862860185993e-07,0.5396306123337468
856,2.059294353767854e-07,0.5396308182631822
856,0.00010147153181478671,0.539732289794997
856,0.0005025917872316793,0.5402348815822287
856,0.003360275636987488,0.5435951572192161
856,0.0067667641618306355,0.5503619213810468
856,0.01362658965170063,0.5639885110327474
856,0.022466448205861078,0.5864549592386085
862,1.1389635206026856e-10,0.5864549593525048
862,8.415865348368798e-10,0.5864549601940914
862,2.0699688593925834e-09,0.5864549622640602
862,4.168405394981386e-09,0.5864549664324656
862,2.064624707936636e-08,0.5864549870787127
862,2.786951846347298e-08,0.5864550149482312
862,7.575720560716245e-08,0.5864550907054368
862,1.1301647034905272e-07,0.5864552037219072
862,5.5688757392240165e-05,0.5865108924792994
862,0.0002758282210380386,0.5867867207003374
862,0.0018441583700620008,0.5886308790703995
862,0.003713678910716694,0.5923445579811162
862,0.0074784309611317535,0.599822988942248
862,0.012329848197080325,0.6121528371393282
862,-4.5377904709590837e-10,0.6121528366855492
862,-1.233499337856269e-09,0.6121528354520499
862,-6.109562215871991e-09,0.6121528293424877
862,-1.230314745367156e-08,0.6121528170393402
862,-4.989172314621407e-08,0.612152767147617
862,-1.1103607185491449e-07,0.6121526561115451
862,-2.7310466778499384e-07,0.6121523830068774
862,-3.018273364266869e-07,0.6121520811795409
862,-6.078056159178426e-07,0.612151473373925
862,-1.1074940397468335e-06,0.6121503658798852
862,-0.000404276819945128,0.6117460890599401
862,-0.0006665397922945383,0.6110795492676455
862,-0.01096101144316408,0.6001185378244814
862,-0.03292869816564158,0.5671898396588398
872,-1.6693598226095236e-10,0.5671898394919038
872,-4.5377904709590837e-10,0.5671898390381248
872,-2.247582333777147e-09,0.5671898367905425
872,-4.526075009906555e-09,0.5671898322644675
872,-1.8354139230109548e-08,0.5671898139103283
872,-4.084788806385805e-08,0.5671897730624402
872,-1.0046959256605596e-07,0.5671896725928477
872,-1.1103607185491449e-07,0.5671895615567758
872,-2.2359919032472024e-07,0.5671893379575855
872,-4.0742428844276823e-07,0.5671889305332971
872,-0.0001487251305999815,0.5670402054026972
872,-0.000245206286307844,0.5667949991163893
872,-0.004032330764384986,0.5627626683520043
872,-0.012113791079679323,0.5506488772723249
872,-0.02207276647028654,0.5285761108020384
875,2.293590873323762e-10,0.5285761110313975
875,5.641323247748303e-10,0.5285761115955298
875,1.136022996386928e-09,0.5285761127315527
875,5.6267587359629565e-09,0.5285761183583114
875,7.59532983784482e-09,0.5285761259536412
875,2.064624707936636e-08,0.5285761465998883
875,3.0800581306602635e-08,0.5285761774004696
875,1.517695690394334e-05,0.5285913543573735
875,7.517195964887862e-05,0.5286665263170224
875,0.0005025917872316793,0.529169118104254
875,0.0010120955722902195,0.5301812136765442
875,0.0020381101989183107,0.5322193238754626
875,0.003360275636987488,0.53557959951245
875,0.01362658965170063,0.5492061891641506
875,0.0370409110340859,0.5862471001982366
876,2.0753268438491118e-10,0.5862471004057692
876,5.104480361798819e-10,0.5862471009162172
876,1.0279161148802243e-09,0.5862471019441333
876,5.091301846559993e-09,0.5862471070354351
876,6.87253863960698e-09,0.5862471139079738
876,1.8681496899426302e-08,0.5862471325894707
876,2.786951846347298e-08,0.5862471604589892
876,1.3732678498607128e-05,0.5862608931374877
876,6.80184018773947e-05,0.5863289115393652
876,0.0004547638550847908,0.58678367539445
876,0.000915781944436709,0.5876994573388867
876,0.0018441583700620008,0.5895436157089488
876,0.003040503131260899,0.5925841188402097
876,0.012329848197080325,0.60491396703729
876,0.03351600230178197,0.6384299693390719
879,1.537439939793303e-10,0.6384299694928159
879,3.7814920591325703e-10,0.6384299698709651
879,7.614989872356315e-10,0.6384299706324641
879,3.771729174922129e-09,0.6384299744041932
879,5.091301846559993e-09,0.6384299794954951
879,1.3839593292704037e-08,0.6384299933350883
879,2.064624707936636e-08,0.6384300139813354
879,1.0173418450532209e-05,0.6384401873997859
879,5.038927145242553e-05,0.6384905766712383
879,0.00033689734995427336,0.6388274740211926
879,0.0006784279506100467,0.6395059019718026
879,0.0013661861223646281,0.6408720880941672
879,0.00225246011967789,0.643124548213845
879,0.009134176202636733,0.6522587244164817
879,0.024829265189570477,0.6770879896060522
880,1.3911331855079366e-10,0.6770879897451655
880,3.421635511108994e-10,0.677087990087329
880,6.890327774472859e-10,0.6770879907763618
880,3.412801688167435e-09,0.6770879941891635
880,4.6068004172830674e-09,0.6770879987959639
880,1.2522581861638111e-08,0.6770880113185458
880,1.8681496899426302e-08,0.6770880300000427
880,9.20528968337896e-06,0.6770972352897261
880,4.559409827772581e-05,0.6771428293880039
880,0.0003048373282757819,0.6774476667162797
880,0.0006138669951534218,0.6780615337114331
880,0.0012361763235169696,0.6792977100349501
880,0.0020381101989183107,0.6813358202338684
880,0.008264944411079327,0.6896007646449477
880,0.022466448205861078,0.7120672128508088
884,-1.3667562247232226e-10,0.7120672127141331
884,-6.769587897297963e-10,0.7120672120371743
884,-1.3632275956643133e-09,0.7120672106739466
884,-5.5281605007396804e-09,0.7120672051457861
884,-1.230314745367156e-08,0.7120671928426386
884,-3.026085975407328e-08,0.7120671625817789
884,-3.344342215616757e-08,0.7120671291383568
884,-6.734678191406065e-08,0.7120670617915749
884,-1.2271383747140937e-07,0.7120669390777374
884,-4.4795148502600754e-05,0.7120221439292348
884,-7.385471416040886e-05,0.7119482892150744
884,-0.0012145146867482634,0.7107337745283261
884,-0.003648603757513078,0.707085170770813
884,-0.006648189501740032,0.700436981269073
884,-0.024394179584435946,0.676042801684637
884,-0.02695973784703329,0.6490830638376037
884,-0.036391839582758004,0.6126912242548457
884,-0.040219202762138355,0.5724720214927074
891,1.1389635206026856e-10,0.5724720216066037
891,2.293590873323762e-10,0.5724720218359628
891,1.136022996386928e-09,0.5724720229719857
891,1.5334706472817777e-09,0.5724720245054564
891,4.168405394981386e-09,0.5724720286738618
891,6.218530118014348e-09,0.572472034892392
891,3.064174752661107e-06,0.5724750990671447
891,1.517695690394334e-05,0.5724902760240486
891,0.00010147153181478671,0.5725917475558634
891,0.00020433857192320333,0.5727960861277867
891,0.00041148735245100153,0.5732075734802377
891,0.0006784279506100467,0.5738860014308477
891,0.002751161002820362,0.576637162433668
891,0.0074784309611317535,0.5841155933947998
891,0.024829265189570477,0.6089448585843703
901,-1.2366921734631346e-10,0.6089448584607011
901,-2.4903922126189343e-10,0.6089448582116619
901,-1.0099038418042558e-09,0.6089448572017581
901,-2.247582333777147e-09,0.6089448549541757
901,-5.5281605007396804e-09,0.6089448494260152
901,-6.109562215871991e-09,0.608944843316453
901,-1.230314745367156e-08,0.6089448310133055
901,-2.241779627931156e-08,0.6089448085955093
901,-8.183335588920684e-06,0.6089366252599203
901,-1.349203945073089e-05,0.6089231332204695
901,-0.0002218718229889759,0.6087012613974806
901,-0.0006665397922945383,0.608034721605186
901,-0.0012145146867482634,0.6068202069184377
901,-0.004456414692860032,0.6023637922255777
901,-0.004925099917433928,0.5974386923081437
901,-0.006648189501740032,0.5907905028064037
901,-0.007347385695178914,0.5834431171112248
901,-0.02207276647028654,0.5613703506409382
910,-1.012517914505119e-10,0.5613703505396864
910,-4.1059626133307926e-10,0.5613703501290902
910,-9.137987846827577e-10,0.5613703492152914
910,-2.247582333777147e-09,0.561370346967709
910,-2.4839626312711e-09,0.5613703444837465
910,-5.002086473977662e-09,0.5613703394816599
910,-9.114395805413783e-09,0.5613703303672641
910,-3.3270959659306164e-06,0.5613670032712982
910,-5.485453888690396e-06,0.5613615178174095
910,-9.020635157865434e-05,0.5612713114658309
910,-0.00027099485655675997,0.5610003166092741
910,-0.0004937848229412018,0.5605065317863329
910,-0.00181184300533911,0.5586946887809938
910,-0.002002396197619565,0.5566922925833743
910,-0.002702952143613468,0.5539893404397608
910,-0.0029872241020718364,0.5510021163376889
910,-0.008974117153358104,0.5420279991843309
939,2.5217383128394402e-08,0.542028024401714
939,1.2490251629333175e-07,0.5420281493042304
939,8.35085039512283e-07,0.5420289843892699
939,1.6816547592859484e-06,0.5420306660440293
939,3.386436824542695e-06,0.5420340524808538
939,5.583290424505739e-06,0.5420396357712783
939,2.264135914433985e-05,0.5420622771304227
939,6.154559513367405e-05,0.5421238227255564
939,0.00020433857192320333,0.5423281612974796
939,0.0011185385928082802,0.5434466998902879
939,0.002751161002820362,0.5461978608931083
944,1.529511602509129e-08,0.5461978761882244
944,7.575720560716245e-08,0.54619795194543
944,5.065046799315356e-07,0.54619845845011
944,1.0199751705585961e-06,0.5461994784252805
944,2.0539777612650365e-06,0.5462015324030418
944,3.386436824542695e-06,0.5462049188398663
944,1.3732678498607128e-05,0.5462186515183649
944,3.732929041883396e-05,0.5462559808087838
944,0.00012393760883331792,0.5463799184176171
944,0.0006784279506100467,0.5470583463682271
944,0.0016686634980163041,0.5487270098662435
944,-1.6693598226095236e-10,0.5487270096993074
944,-3.041771917393372e-10,0.5487270093951302
944,-1.1103607185491449e-07,0.5487268983590583
944,-1.8306753348218535e-07,0.5487267152915248
944,-3.010480923370517e-06,0.5487237048106015
944,-9.04398450572859e-06,0.5487146608260958
944,-1.647921419832855e-05,0.5486981816118974
944,-6.046712574291063e-05,0.5486377144861545
944,-6.68265088706882e-05,0.5485708879772838
944,-9.020635157865434e-05,0.5484806816257052
944,-9.969343639043603e-05,0.5483809881893147
944,-0.000299495634414613,0.5480814925549001
944,-0.036391839582758004,0.5116896529721421
947,-1.2366921734631346e-10,0.5116896528484729
947,-2.2534000595629815e-10,0.5116896526231329
947,-8.225754518304506e-08,0.5116895703655877
947,-1.3561976441886326e-07,0.5116894347458233
947,-2.230219121047604e-06,0.5116872045267022
947,-6.699948509406886e-06,0.5116805045781928
947,-1.220810214063865e-05,0.5116682964760522
947,-4.4795148502600754e-05,0.5116235013275495
947,-4.9506295395954276e-05,0.5115739950321536
947,-6.68265088706882e-05,0.5115071685232829
947,-7.385471416040886e-05,0.5114333138091225
947,-0.0002218718229889759,0.5112114419861336
947,-0.02695973784703329,0.48425170413910024
947,-0.04444909324090307,0.43980261089819717
960,-2.241779627931156e-08,0.4398025884804009
960,-3.696069756792316e-08,0.4398025515197033
960,-6.078056159178426e-07,0.43980194371408743
960,-1.8259489805042175e-06,0.4398001177651069
960,-3.3270959659306164e-06,0.43979679066914096
960,-1.220810214063865e-05,0.4397845825670003
960,-1.349203945073089e-05,0.4397710905275496
960,-1.8212348284732005e-05,0.43975287817926484
960,-2.012775767415071e-05,0.4397327504215907
960,-6.046712574291063e-05,0.4396722832958478
960,-0.007347385695178914,0.4323248976006689
960,-0.012113791079679323,0.4202111065209896
966,-1.230314745367156e-08,0.42021109421784214
966,-2.028446090342842e-08,0.42021107393338125
966,-3.3357079449900877e-07,0.42021074036258677
966,-1.0021020474147395e-06,0.42020973826053937
966,-1.8259489805042175e-06,0.42020791231155885
966,-6.699948509406886e-06,0.42020121236304947
966,-7.404588245200774e-06,0.42019380777480425
966,-9.995148659258013e-06,0.420183812626145
966,-1.1046347620054751e-05,0.42017276627852496
966,-3.3185062208870015e-05,0.42013958121631606
966,-0.004032330764384986,0.4161072504519311
966,-0.006648189501740032,0.4094590609501911
996,-6.125376434158582e-10,0.40945906033765345
996,-1.0099038418042558e-09,0.4094590593277496
996,-1.6607511951244842e-08,0.40945904272023764
996,-4.989172314621407e-08,0.4094589928285145
996,-9.090864672859493e-08,0.4094589019198678
996,-3.3357079449900877e-07,0.4094585683490733
996,-3.6865274119969257e-07,0.40945819969633207
996,-4.976291496454423e-07,0.4094577020671824
996,-5.499652641748571e-07,0.40945715210191824
996,-1.6521869609848295e-06,0.4094554999149573
996,-0.0002007579274482763,0.409254741987509
996,-0.00033099386524564626,0.40892374812226334
999,3.0960238413320196e-10,0.40892374843186574
999,2.0699688593925834e-09,0.4089237505018346
999,4.168405394981386e-09,0.40892375467024
999,8.394137649978317e-09,0.40892376306437767
999,1.3839593292704037e-08,0.40892377690397097
999,5.612231826171721e-08,0.4089238330262892
999,1.5255627790182113e-07,0.4089239855825671
999,5.065046799315356e-07,0.408924492087247
999,2.7725799716088475e-06,0.4089272646672186
999,6.81944632410057e-06,0.4089340841135427
999,0.00020433857192320333,0.4091384226854659
999,0.0002758282210380386,0.40941425090650396
999,0.0010120955722902195,0.41042634647879417
999,0.0018441583700620008,0.4122705048488562
999,0.0370409110340859,0.4493114158829421
1002,2.293590873323762e-10,0.4493114161123012
1002,1.5334706472817777e-09,0.4493114176457718
1002,3.0880306677901816e-09,0.4493114207338025
1002,6.218530118014348e-09,0.4493114269523326
1002,1.0252622878059635e-08,0.4493114372049555
1002,4.15764359551784e-08,0.44931147878139144
1002,1.1301647034905272e-07,0.4493115917978618
1002,3.752278957538429e-07,0.44931196702575754
1002,2.0539777612650365e-06,0.4493140210035188
1002,5.051970091854672e-06,0.4493190729736107
1002,0.0001513777372687908,0.4494704507108795
1002,0.00020433857192320333,0.4496747892828027
1002,0.0007497788410238852,0.4504245681238266
1002,0.0013661861223646281,0.4517907542461912
1002,0.02744058180470132,0.4792313360508925
1010,1.030576811219279e-10,0.4792313361539502
1010,6.890327774472859e-10,0.47923133684298297
1010,1.3875416211203782e-09,0.4792313382305246
1010,2.794165696259134e-09,0.4792313410246903
1010,4.6068004172830674e-09,0.4792313456314907
1010,1.8681496899426302e-08,0.47923136431298763
1010,5.078157355012452e-08,0.4792314150945612
1010,1.6860076170695924e-07,0.47923158369532287
1010,9.22911699789028e-07,0.47923250660702266
1010,2.2699964881242426e-06,0.47923477660351077
1010,6.80184018773947e-05,0.47930279500538814
1010,9.181523885144536e-05,0.47939461024423957
1010,0.00033689734995427336,0.47973150759419386
1010,0.0006138669951534218,0.4803453745893473
1010,0.012329848197080325,0.4926752227864276
1018,-1.1190053531416602e-10,0.49267522267452707
1018,-1.840164776738133e-09,0.49267522083436227
1018,-5.5281605007396804e-09,0.4926752153062018
1018,-1.0072965179973978e-08,0.4926752052332366
1018,-3.696069756792316e-08,0.49267516827253904
1018,-4.084788806385805e-08,0.49267512742465097
1018,-5.5138881473877426e-08,0.4926750722857695
1018,-6.093788826014942e-08,0.4926750113478813
1018,-1.8306753348218535e-07,0.4926748282803478
1018,-2.224461242754529e-05,0.49265258366792025
1018,-3.6675165667774336e-05,0.49261590850225245
1018,-0.008974117153358104,0.48364179134889435
1018,-0.012113791079679323,0.47152800026921504
1018,-0.02695973784703329,0.4445682624221817
1020,2.5348099311611433e-10,0.44456826267566274
1020,5.104480361798819e-10,0.44456826318611076
1020,1.0279161148802243e-09,0.4445682642140269
1020,1.6947471630984622e-09,0.4445682659087741
1020,6.87253863960698e-09,0.4445682727813127
1020,1.8681496899426302e-08,0.44456829146280963
1020,6.202475399783567e-08,0.44456835348756363
1020,3.395202403689735e-07,0.444568693007804
1020,8.35085039512283e-07,0.4445695280928435
1020,2.5022571672030544e-05,0.44459455066451553
1020,3.377693875969222e-05,0.4446283276032752
1020,0.00012393760883331792,0.44475226521210853
1020,0.0002258290471306333,0.4449780942592392
1020,0.004535897664470626,0.4495139919237098
1020,0.0409365376538991,0.4904505295776089
1022,-1.233499337856269e-09,0.4904505283441095
1022,-3.705636801348218e-09,0.4904505246384727
1022,-6.752110483155547e-09,0.49045051788636224
1022,-2.477549649523963e-08,0.49045049311086575
1022,-2.7381158207423962e-08,0.4904504657297075
1022,-3.696069756792316e-08,0.49045042876900996
1022,-4.084788806385805e-08,0.4904503879211219
1022,-1.2271383747140937e-07,0.4904502652072844
1022,-1.491100962647711e-05,0.49043535419765794
1022,-2.4584098738787207e-05,0.49041077009891915
1022,-0.006015530623368225,0.4843952394755509
1022,-0.008120116994196762,0.4762751224813542
1022,-0.018071652714732128,0.4582034697666221
1022,-0.04912384518467891,0.40907962458194314
1032,-4.5377904709590837e-10,0.40907962412816407
1032,-1.3632275956643133e-09,0.4090796227649365
1032,-2.4839626312711e-09,0.40907962028097383
1032,-9.114395805413783e-09,0.40907961116657804
1032,-1.0072965179973978e-08,0.40907960109361285
1032,-1.3597080766594258e-08,0.4090795874965321
1032,-1.502709823396573e-08,0.4090795724694339
1032,-4.5143897952985275e-08,0.40907952732553593
1032,-5.485453888690396e-06,0.40907404187164725
1032,-9.04398450572859e-06,0.4090649978871415
1032,-0.002212990044074401,0.40685200784306713
1032,-0.0029872241020718364,0.40386478374099527
1032,-0.006648189501740032,0.39721659423925526
1032,-0.018071652714732128,0.37914494152452316
1036,-3.041771917393372e-10,0.379144941220346
1036,-9.137987846827577e-10,0.3791449403065472
1036,-1.6650499453444537e-09,0.3791449386414973
1036,-6.109562215871991e-09,0.3791449325319351
1036,-6.752110483155547e-09,0.3791449257798246
1036,-9.114395805413783e-09,0.3791449166654288
1036,-1.0072965179973978e-08,0.37914490659246364
1036,-3.026085975407328e-08,0.3791448763316039
1036,-3.677009703193328e-06,0.37914119932190066
1036,-6.062364110225605e-06,0.37913513695779044
1036,-0.0014834115882203633,0.3776517253695701
1036,-0.002002396197619565,0.37564932917195054
1036,-0.004456414692860032,0.37119291447909053
1036,-0.012113791079679323,0.3590791233994112
1039,1.537439939793303e-10,0.35907912355315524
1039,2.5348099311611433e-10,0.35907912380663626
1039,1.0279161148802243e-09,0.3590791248345524
1039,2.794165696259134e-09,0.3590791276287181
1039,9.276956813079893e-09,0.3590791369056749
1039,5.078157355012452e-08,0.35907918768724845
1039,1.2490251629333175e-07,0.3590793125897647
1039,3.74259149438503e-06,0.3590830551812591
1039,5.051970091854672e-06,0.359088107151351
1039,1.8537177022954413e-05,0.3591066443283739
1039,3.377693875969222e-05,0.3591404212671336
1039,0.0006784279506100467,0.35981884921774365
1039,0.006122821412649096,0.36594167063039273
1039,0.009134176202636733,0.37507584683302947
1039,0.024829265189570477,0.39990511202259993
1039,0.0370409110340859,0.43694602305668584
1043,1.030576811219279e-10,0.4369460231597435
1043,1.6991339097475355e-10,0.43694602332965693
1043,6.890327774472859e-10,0.4369460240186897
1043,1.8729852781476227e-09,0.43694602589167497
1043,6.218530118014348e-09,0.4369460321102051
1043,3.403990671988171e-08,0.43694606615011183
1043,8.372466047171331e-08,0.4369461498747723
1043,2.5087341028087645e-06,0.4369486586088751
1043,3.386436824542695e-06,0.4369520450456996
1043,1.2425841355397594e-05,0.43696447088705503
1043,2.264135914433985e-05,0.43698711224619935
1043,0.0004547638550847908,0.43744187610128415
1043,0.0041042499311949405,0.4415461260324791
1043,0.006122821412649096,0.4476689474451282
1043,0.01664355418490398,0.4643125016300322
1043,0.024829265189570477,0.48914176681960264
1069,-2.2534000595629815e-10,0.4891417665942626
1069,-2.4903922126189343e-10,0.4891417663452234
1069,-3.3616778625223605e-10,0.4891417660090556
1069,-3.715228609598423e-10,0.48914176563753275
1069,-1.1161163560149306e-09,0.4891417645214164
1069,-1.3561976441886326e-07,0.48914162890165197
1069,-2.2359919032472024e-07,0.48914140530246164
1069,-5.471291793327097e-05,0.48908669238452834
1069,-7.385471416040886e-05,0.48901283767036796
1069,-0.0001643666891261021,0.48884847098124184
1069,-0.00044679498425546026,0.48840167599698636
1069,-0.0029872241020718364,0.4854144518949145
1069,-0.004456414692860032,0.4809580372020545
1072,-1.6693598226095236e-10,0.4809580370351185
1072,-1.8449279277519635e-10,0.4809580368506257
1072,-2.4903922126189343e-10,0.4809580366015865
1072,-2.7523090479885143e-10,0.4809580363263556
1072,-8.268393329367431e-10,0.48095803549951627
1072,-1.0046959256605596e-07,0.4809579350299237
1072,-1.6564635432223191e-07,0.4809577693835694
1072,-4.0532326511630664e-05,0.48091723705705774
1072,-5.471291793327097e-05,0.48086252413912445
1072,-0.00012176583817774403,0.4807407583009467
1072,-0.00033099386524564626,0.48040976443570105
1072,-0.002212990044074401,0.47819677439162667
1072,-0.0033013932033844335,0.47489538118824226
1096,-9.114395805413783e-09,0.47489537207384647
1096,-1.502709823396573e-08,0.47489535704674823
1096,-3.677009703193328e-06,0.474891680037045
1096,-4.963443933397933e-06,0.4748867165931116
1096,-1.1046347620054751e-05,0.47487567024549154
1096,-3.002708600643665e-05,0.47484564315948513
1096,-0.0002007579274482763,0.47464488523203685
1096,-0.000299495634414613,0.47434538959762224
1119,1.255499577871991e-09,0.47434539085312183
1119,1.6947471630984622e-09,0.474345392547869
1119,6.218530118014348e-09,0.47434539876639914
1119,1.133090063882855e-08,0.4743454100972998
1119,2.2758722315416156e-07,0.474345637684523
1119,2.0539777612650365e-06,0.47434769166228424
1119,3.064174752661107e-06,0.4743507558370369
1119,8.329290549381678e-06,0.4743590851275863
1119,1.2425841355397594e-05,0.4743715109689417
1119,0.00033689734995427336,0.474708408318896
1119,0.0004547638550847908,0.4751631721739808
1119,0.005012942186140188,0.480176114360121
1124,7.614989872356315e-10,0.48017611512161995
1124,1.0279161148802243e-09,0.4801761161495361
1124,3.771729174922129e-09,0.48017611992126524
1124,6.87253863960698e-09,0.4801761267938039
1124,1.3803862860185993e-07,0.4801762648324325
1124,1.2458004865751602e-06,0.480177510632919
1124,1.8585159342063369e-06,0.48017936914885323
1124,5.051970091854672e-06,0.4801844211189451
1124,7.5366537547738255e-06,0.48019195777269985
1124,0.00020433857192320333,0.48039629634462305
1124,0.0002758282210380386,0.4806721245656611
1124,0.003040503131260899,0.483712627696922
1145,-1.1190053531416602e-10,0.4837126275850215
1145,-2.7381158207423962e-08,0.48371260020386325
1145,-3.696069756792316e-08,0.4837125632431657
1145,-8.225754518304506e-08,0.48371248098562053
1145,-2.2359919032472024e-07,0.4837122573864302
1145,-1.4949605838901922e-06,0.4837107624258463
1145,-2.230219121047604e-06,0.4837085322067253
1145,-0.004456414692860032,0.47925211751386526
1145,-0.007347385695178914,0.47190473181868636
1163,-4.526075009906555e-09,0.47190472729261135
1163,-6.109562215871991e-09,0.47190472118304916
1163,-1.3597080766594258e-08,0.4719047075859684
1163,-3.696069756792316e-08,0.47190467062527086
1163,-2.4711532245214246e-07,0.47190442350994843
1163,-3.6865274119969257e-07,0.4719040548572072
1163,-0.0007366403941841061,0.4711674144630231
1163,-0.0012145146867482634,0.46995289977627486
1179,-9.137987846827577e-10,0.4699528988624761
1179,-1.233499337856269e-09,0.46995289762897674
1179,-2.7452032616674866e-09,0.46995289488377345
1179,-7.462236141617217e-09,0.4699528874215373
1179,-4.989172314621407e-08,0.46995283752981415
1179,-7.44297047974028e-08,0.46995276310010936
1179,-0.0001487251305999815,0.46980403796950937
1179,-0.000245206286307844,0.4695588316832015
1191,1.6991339097475355e-10,0.4695588318531149
1191,1.5334706472817777e-09,0.46955883338658555
1191,2.287669384722906e-09,0.46955883567425494
1191,6.218530118014348e-09,0.4695588418927851
1191,9.276956813079893e-09,0.4695588511697419
1191,2.515227803555724e-07,0.46955910269252227
1191,3.395202403689735e-07,0.46955944221276263
1191,3.74259149438503e-06,0.469563184804257
1191,0.0005025917872316793,0.4700657765914887
1191,0.003040503131260899,0.4731062797227496
1191,0.015059710595610107,0.4881659903183597
1194,1.258749359719139e-10,0.48816599044423464
1194,1.136022996386928e-09,0.48816599158025764
1194,1.6947471630984622e-09,0.4881659932750048
1194,4.6068004172830674e-09,0.48816599788180526
1194,6.87253863960698e-09,0.4881660047543439
1194,1.8633265860393355e-07,0.4881661910870025
1194,2.515227803555724e-07,0.48816644260978287
1194,2.7725799716088475e-06,0.4881692151897545
1194,0.00037232915354621694,0.4885415443433007
1194,0.00225246011967789,0.4907940044629786
1194,0.011156508007421491,0.5019505124704001
1208,-1.5104992316629667e-10,0.5019505123193502
1208,-4.1059626133307926e-10,0.501950511908754
1208,-2.7452032616674866e-09,0.5019505091635507
1208,-4.095362025800921e-09,0.5019505050681886
1208,-8.183335588920684e-06,0.5019423217325997
1208,-1.349203945073089e-05,0.5019288296931489
1208,-0.01096101144316408,0.4909678182499848
1208,-0.014795817836496389,0.4761720004134884
1209,-1.3667562247232226e-10,0.4761720002768128
1209,-3.715228609598423e-10,0.4761719999052899
1209,-2.4839626312711e-09,0.47617199742132726
1209,-3.705636801348218e-09,0.47617199371569047
1209,-7.404588245200774e-06,0.47616458912744525
1209,-1.220810214063865e-05,0.4761523810253046
1209,-0.009917933293295192,0.4662344477320094
1209,-0.01338780960890579,0.4528466381231036
1212,1.8778333829691513e-10,0.45284663831088695
1212,2.801398218768634e-10,0.45284663859102675
1212,7.614989872356315e-10,0.4528466393525257
1212,1.136022996386928e-09,0.4528466404885487
1212,3.0800581306602635e-08,0.45284667128913003
1212,4.15764359551784e-08,0.452846712865566
1212,4.583043868123809e-07,0.4528471711699528
1212,6.154559513367405e-05,0.4529087167650865
1212,0.00037232915354621694,0.4532810459186327
1212,0.0018441583700620008,0.45512520428869474
1212,0.03351600230178197,0.4886412065904767
1212,0.0370409110340859,0.5256821176245626
1223,-6.125376434158582e-10,0.5256821170120249
1223,-9.137987846827577e-10,0.5256821160982261
1223,-1.8259489805042175e-06,0.5256802901492457
1223,-3.010480923370517e-06,0.5256772796683223
1223,-0.0024457322387019726,0.5232315474296204
1223,-0.0033013932033844335,0.519930154226236
1223,-0.01997226502188477,0.49995788920435125
1227,1.6991339097475355e-10,0.49995788937426466
1227,2.5348099311611433e-10,0.4999578896277457
1227,6.87253863960698e-09,0.4999578965002843
1227,9.276956813079893e-09,0.49995790577724114
1227,1.0226153122617448e-07,0.4999580080387724
1227,1.3732678498607128e-05,0.499971740717271
1227,8.30778636586967e-05,0.5000548185809297
1227,0.00041148735245100153,0.5004663059333807
1227,0.0074784309611317535,0.5079447368945125
1227,0.008264944411079327,0.5162096813055917
1227,0.03351600230178197,0.5497256836073737
1227,-4.1059626133307926e-10,0.5497256831967775
1227,-6.125376434158582e-10,0.5497256825842398
1227,-1.2239702046703154e-06,0.5497244586140352
1227,-2.017985711143138e-06,0.5497224406283241
1227,-0.0016394233468375536,0.5480830172814866
1227,-0.002212990044074401,0.5458700272374122
1227,-0.01338780960890579,0.5324822176285063
1237,2.5282656741677602e-09,0.532482220156772
1237,3.412801688167435e-09,0.5324822235695738
1237,3.761991496082107e-08,0.5324822611894887
1237,5.051970091854672e-06,0.5324873131595805
1237,3.0562638056478614e-05,0.532517875797637
1237,0.0001513777372687908,0.5326692535349058
1237,0.002751161002820362,0.5354204145377262
1237,0.003040503131260899,0.5384609176689871
1237,0.012329848197080325,0.5507907658660673
1237,0.018393972058572117,0.5691847379246394
1271,1.1389635206026856e-10,0.5691847380385358
1271,1.255499577871991e-09,0.5691847392940353
1271,1.6860076170695924e-07,0.569184907894797
1271,1.0199751705585961e-06,0.5691859278699676
1271,5.051970091854672e-06,0.5691909798400594
1271,9.181523885144536e-05,0.5692827950789109
1271,0.00010147153181478671,0.5693842666107257
1271,0.00041148735245100153,0.5697957539631767
1271,0.0006138669951534218,0.5704096209583301
1271,-1.502709823396573e-08,0.5704096059312319
1271,-2.477549649523963e-08,0.5704095811557354
1271,-2.012775767415071e-05,0.5703894533980612
1271,-2.7169630973207816e-05,0.5703622837670881
1271,-0.0001643666891261021,0.570197917077962
1271,-0.0007366403941841061,0.5694612766837779
1271,-0.002002396197619565,0.5674588804861583
1275,8.415865348368798e-10,0.5674588813277449
1275,1.1301647034905272e-07,0.5674589943442153
1275,6.837098032840483e-07,0.5674596780540186
1275,3.386436824542695e-06,0.5674630644908432
1275,6.154559513367405e-05,0.5675246100859769
1275,6.80184018773947e-05,0.5675926284878543
1275,0.0002758282210380386,0.5678684567088923
1275,0.00041148735245100153,0.5682799440613433
1275,0.03351600230178197,0.6017959463631253
1282,4.1791950506873044e-10,0.6017959467810448
1282,5.612231826171721e-08,0.601796002903363
1282,3.395202403689735e-07,0.6017963424236034
1282,1.6816547592859484e-06,0.6017980240783627
1282,3.0562638056478614e-05,0.6018285867164191
1282,3.377693875969222e-05,0.6018623636551789
1282,0.00013697224093841843,0.6019993358961173
1282,0.00020433857192320333,0.6022036744680406
1282,0.01664355418490398,0.6188472286529445
1299,-9.137987846827577e-10,0.6188472277391457
1299,-1.506599493446389e-09,0.6188472262325462
1299,-1.2239702046703154e-06,0.6188460022623415
1299,-1.6521869609848295e-06,0.6188443500753805
1299,-9.995148659258013e-06,0.6188343549267212
1299,-4.4795148502600754e-05,0.6187895597782186
1299,-0.00012176583817774403,0.6186677939400409
1299,-0.003648603757513078,0.6150191901825278
1299,-0.005443077197364751,0.6095761129851631
1299,-0.01096101144316408,0.598615101541999
1313,-2.2534000595629815e-10,0.5986151013166591
1313,-3.715228609598423e-10,0.5986151009451363
1313,-3.018273364266869e-07,0.5986147991177998
1313,-4.0742428844276823e-07,0.5986143916935114
1313,-2.4647733135180434e-06,0.5986119269201978
1313,-1.1046347620054751e-05,0.5986008805725778
1313,-3.002708600643665e-05,0.5985708534865714
1313,-0.0008997346092286621,0.5976711188773427
1313,-0.001342246311369936,0.5963288725659728
1313,-0.002702952143613468,0.5936259204223593
1315,2.0699688593925834e-09,0.5936259224923282
1315,1.2522581861638111e-08,0.59362593501491
1315,6.202475399783567e-08,0.593625997039664
1315,1.1272468956606105e-06,0.5936271242865597
1315,1.2458004865751602e-06,0.5936283700870463
1315,5.051970091854672e-06,0.5936334220571381
1315,7.5366537547738255e-06,0.5936409587108928
1315,0.0006138669951534218,0.5942548257060463
1315,0.01009482589973277,0.604349651605779
1315,0.0409365376538991,0.6452861892596782
1317,-1.5104992316629667e-10,0.6452861891086282
1317,-2.4903922126189343e-10,0.645286188859589
1317,-2.0232091404835106e-07,0.645285986538675
1317,-2.7310466778499384e-07,0.6452857134340072
1317,-1.6521869609848295e-06,0.6452840612470462
1317,-7.404588245200774e-06,0.645276656658801
1317,-2.012775767415071e-05,0.6452565289011268
1317,-0.0006031101446780151,0.6446534187564488
1317,-0.0008997346092286621,0.6437536841472201
1317,-0.00181184300533911,0.641941841141881
1317,-0.04912384518467891,0.5928179959572021
1329,5.104480361798819e-10,0.5928179964676501
1329,3.0880306677901816e-09,0.5928179995556808
1329,1.529511602509129e-08,0.5928180148507969
1329,2.779756620825073e-07,0.5928182928264589
1329,3.072106176664105e-07,0.5928186000370765
1329,1.2458004865751602e-06,0.5928198458375631
1329,1.8585159342063369e-06,0.5928217043534973
1329,0.0001513777372687908,0.5929730820907662
1329,0.0024893534183931974,0.5954624355091593
1329,0.01009482589973277,0.6055572614088921
1329,0.015059710595610107,0.6206169720045022
1347,5.104480361798819e-10,0.6206169725149502
1347,2.5282656741677602e-09,0.6206169750432159
1347,4.594906789489786e-08,0.6206170209922838
1347,5.078157355012452e-08,0.6206170717738573
1347,2.059294353767854e-07,0.6206172777032927
1347,3.072106176664105e-07,0.6206175849139103
1347,2.5022571672030544e-05,0.6206426074855823
1347,0.00041148735245100153,0.6210540948380333
1347,0.0016686634980163041,0.6227227583360496
1347,0.0024893534183931974,0.6252121117544428
1349,-8.247046367528376e-09,0.6252121035073964
1349,-1.113234817569587e-08,0.6252120923750483
1349,-6.734678191406065e-08,0.6252120250282663
1349,-3.018273364266869e-07,0.6252117232009299
1349,-8.204517639408578e-07,0.6252109027491659
1349,-2.4584098738787207e-05,0.6251863186504272
1349,-3.6675165667774336e-05,0.6251496434847594
1349,-7.385471416040886e-05,0.625075788770599
1349,-0.002002396197619565,0.6230733925729794
1349,-0.008120116994196762,0.6149532755787827
1349,-0.04912384518467891,0.5658294303941037
1352,-6.109562215871991e-09,0.5658294242845415
1352,-8.247046367528376e-09,0.5658294160374951
1352,-4.989172314621407e-08,0.565829366145772
1352,-2.2359919032472024e-07,0.5658291425465817
1352,-6.078056159178426e-07,0.5658285347409657
1352,-1.8212348284732005e-05,0.565810322392681
1352,-2.7169630973207816e-05,0.5657831527617079
1352,-5.471291793327097e-05,0.5657284398437746
1352,-0.0014834115882203633,0.5642450282555542
1352,-0.006015530623368225,0.558229497632186
1352,-0.036391839582758004,0.5218376580494279
1353,2.801398218768634e-10,0.5218376583295677
1353,1.3875416211203782e-09,0.5218376597171094
1353,2.5217383128394402e-08,0.5218376849344926
1353,2.786951846347298e-08,0.521837712804011
1353,1.1301647034905272e-07,0.5218378258204814
1353,1.6860076170695924e-07,0.5218379944212431
1353,1.3732678498607128e-05,0.5218517270997417
1353,0.0002258290471306333,0.5220775561468723
1353,0.000915781944436709,0.5229933380913091
1353,0.0013661861223646281,0.5243595242136737
1353,0.03351600230178197,0.5578755265154557
1353,0.04524187090179798,0.6031173974172537
1355,-4.526075009906555e-09,0.6031173928911787
1355,-6.109562215871991e-09,0.6031173867816165
1355,-3.696069756792316e-08,0.6031173498209189
1355,-1.6564635432223191e-07,0.6031171841745646
1355,-4.5027347490461146e-07,0.6031167339010897
1355,-1.349203945073089e-05,0.6031032418616389
1355,-2.012775767415071e-05,0.6030831141039648
1355,-4.0532326511630664e-05,0.6030425817774532
1355,-0.0010989383333240507,0.6019436434441291
1355,-0.004456414692860032,0.597487228751269
1355,-0.02695973784703329,0.5705274909042357
1355,-0.04912384518467891,0.5214036457195568
1357,1.8778333829691513e-10,0.5214036459073401
1357,9.300969633457756e-10,0.5214036468374371
1357,1.6903717419523686e-08,0.5214036637411545
1357,1.8681496899426302e-08,0.5214036824226514
1357,7.575720560716245e-08,0.5214037581798571
1357,1.1301647034905272e-07,0.5214038711963275
1357,9.20528968337896e-06,0.5214130764860109
1357,0.0001513777372687908,0.5215644542232797
1357,0.0006138669951534218,0.5221783212184331
1357,0.000915781944436709,0.5230941031628699
1357,0.022466448205861078,0.5455605513687309
1357,0.030326532985631673,0.5758870843543626
1357,0.0409365376538991,0.6168236220082617
1366,3.7814920591325703e-10,0.6168236223864109
1366,6.87253863960698e-09,0.6168236292589495
1366,7.59532983784482e-09,0.6168236368542793
1366,3.0800581306602635e-08,0.6168236676548606
1366,4.594906789489786e-08,0.6168237136039285
1366,3.74259149438503e-06,0.6168274561954229
1366,6.154559513367405e-05,0.6168890017905566
1366,0.00024957969534551087,0.6171385814859022
1366,0.00037232915354621694,0.6175109106394484
1366,0.009134176202636733,0.6266450868420851
1366,0.012329848197080325,0.6389749350391654
1366,0.01664355418490398,0.6556184892240693
1373,1.8778333829691513e-10,0.6556184894118526
1373,3.412801688167435e-09,0.6556184928246543
1373,3.771729174922129e-09,0.6556184965963835
1373,1.529511602509129e-08,0.6556185118914996
1373,2.281763183951997e-08,0.6556185347091313
1373,1.8585159342063369e-06,0.6556203932250656
1373,3.0562638056478614e-05,0.655650955863122
1373,0.00012393760883331792,0.6557748934719554
1373,0.00018489318582414662,0.6559597866577795
1373,0.004535897664470626,0.6604956843222501
1373,0.006122821412649096,0.6666185057348992
1373,0.008264944411079327,0.6748834501459785
1376,-5.542469797182356e-10,0.6748834495917315
1376,-7.481551671450592e-10,0.6748834488435763
1376,-4.526075009906555e-09,0.6748834443175014
1376,-2.028446090342842e-08,0.6748834240330405
1376,-5.5138881473877426e-08,0.674883368894159
1376,-1.6521869609848295e-06,0.674881716707198
1376,-2.4647733135180434e-06,0.6748792519338844
1376,-4.963443933397933e-06,0.674874288489951
1376,-0.0001345720631691482,0.6747397164267819
1376,-0.0005457166261017489,0.6741939998006802
1376,-0.0033013932033844335,0.6708926065972958
1376,-0.006015530623368225,0.6648770759739275
1376,-0.008974117153358104,0.6559029588205695
1376,-0.02207276647028654,0.6338301923502829
1376,-0.04444909324090307,0.5893810991093799
1384,1.136022996386928e-09,0.5893811002454028
1384,1.255499577871991e-09,0.5893811015009024
1384,5.091301846559993e-09,0.5893811065922042
1384,7.59532983784482e-09,0.589381114187534
1384,6.186462130894111e-07,0.5893817328337471
1384,1.0173418450532209e-05,0.5893919062521976
1384,4.125524616329523e-05,0.5894331614983609
1384,6.154559513367405e-05,0.5894947070934946
1384,0.001509869171115925,0.5910045762646106
1384,0.0020381101989183107,0.5930426864635289
1384,0.002751161002820362,0.5957938474663492
1384,0.022466448205861078,0.6182602956722103
